#include <pgmspace.h>

const uint8_t HuaweiSans16[] PROGMEM = {
0x00, 0x00, 0x00, 0xC0, 0x00, 0x00, 0x00, 0x0B, 0x00, 0x00, 0x00, 0x10, 0x00, 0x00, 0x00, 0x00,
0x00, 0x00, 0x00, 0x0D, 0x00, 0x00, 0x00, 0x04, 0x00, 0x00, 0x00, 0x21, 0x00, 0x00, 0x00, 0x0D,
0x00, 0x00, 0x00, 0x03, 0x00, 0x00, 0x00, 0x05, 0x00, 0x00, 0x00, 0x0C, 0x00, 0x00, 0x00, 0x01,
0x00, 0x00, 0x00, 0x00, 0x00, 0x00, 0x00, 0x22, 0x00, 0x00, 0x00, 0x05, 0x00, 0x00, 0x00, 0x05,
0x00, 0x00, 0x00, 0x07, 0x00, 0x00, 0x00, 0x0C, 0x00, 0x00, 0x00, 0x01, 0x00, 0x00, 0x00, 0x00,
0x00, 0x00, 0x00, 0x23, 0x00, 0x00, 0x00, 0x0C, 0x00, 0x00, 0x00, 0x0B, 0x00, 0x00, 0x00, 0x0B,
0x00, 0x00, 0x00, 0x0C, 0x00, 0x00, 0x00, 0x00, 0x00, 0x00, 0x00, 0x00, 0x00, 0x00, 0x00, 0x24,
0x00, 0x00, 0x00, 0x0E, 0x00, 0x00, 0x00, 0x08, 0x00, 0x00, 0x00, 0x09, 0x00, 0x00, 0x00, 0x0C,
0x00, 0x00, 0x00, 0x00, 0x00, 0x00, 0x00, 0x00, 0x00, 0x00, 0x00, 0x25, 0x00, 0x00, 0x00, 0x0D,
0x00, 0x00, 0x00, 0x0E, 0x00, 0x00, 0x00, 0x0F, 0x00, 0x00, 0x00, 0x0C, 0x00, 0x00, 0x00, 0x00,
0x00, 0x00, 0x00, 0x00, 0x00, 0x00, 0x00, 0x26, 0x00, 0x00, 0x00, 0x0D, 0x00, 0x00, 0x00, 0x0B,
0x00, 0x00, 0x00, 0x0B, 0x00, 0x00, 0x00, 0x0C, 0x00, 0x00, 0x00, 0x00, 0x00, 0x00, 0x00, 0x00,
0x00, 0x00, 0x00, 0x27, 0x00, 0x00, 0x00, 0x05, 0x00, 0x00, 0x00, 0x02, 0x00, 0x00, 0x00, 0x04,
0x00, 0x00, 0x00, 0x0C, 0x00, 0x00, 0x00, 0x01, 0x00, 0x00, 0x00, 0x00, 0x00, 0x00, 0x00, 0x28,
0x00, 0x00, 0x00, 0x10, 0x00, 0x00, 0x00, 0x05, 0x00, 0x00, 0x00, 0x07, 0x00, 0x00, 0x00, 0x0D,
0x00, 0x00, 0x00, 0x01, 0x00, 0x00, 0x00, 0x00, 0x00, 0x00, 0x00, 0x29, 0x00, 0x00, 0x00, 0x10,
0x00, 0x00, 0x00, 0x05, 0x00, 0x00, 0x00, 0x07, 0x00, 0x00, 0x00, 0x0D, 0x00, 0x00, 0x00, 0x00,
0x00, 0x00, 0x00, 0x00, 0x00, 0x00, 0x00, 0x2A, 0x00, 0x00, 0x00, 0x06, 0x00, 0x00, 0x00, 0x06,
0x00, 0x00, 0x00, 0x06, 0x00, 0x00, 0x00, 0x0C, 0x00, 0x00, 0x00, 0x00, 0x00, 0x00, 0x00, 0x00,
0x00, 0x00, 0x00, 0x2B, 0x00, 0x00, 0x00, 0x09, 0x00, 0x00, 0x00, 0x09, 0x00, 0x00, 0x00, 0x09,
0x00, 0x00, 0x00, 0x0A, 0x00, 0x00, 0x00, 0x00, 0x00, 0x00, 0x00, 0x00, 0x00, 0x00, 0x00, 0x2C,
0x00, 0x00, 0x00, 0x05, 0x00, 0x00, 0x00, 0x03, 0x00, 0x00, 0x00, 0x04, 0x00, 0x00, 0x00, 0x02,
0x00, 0x00, 0x00, 0x00, 0x00, 0x00, 0x00, 0x00, 0x00, 0x00, 0x00, 0x2D, 0x00, 0x00, 0x00, 0x02,
0x00, 0x00, 0x00, 0x06, 0x00, 0x00, 0x00, 0x06, 0x00, 0x00, 0x00, 0x05, 0x00, 0x00, 0x00, 0x00,
0x00, 0x00, 0x00, 0x00, 0x00, 0x00, 0x00, 0x2E, 0x00, 0x00, 0x00, 0x03, 0x00, 0x00, 0x00, 0x03,
0x00, 0x00, 0x00, 0x04, 0x00, 0x00, 0x00, 0x02, 0x00, 0x00, 0x00, 0x00, 0x00, 0x00, 0x00, 0x00,
0x00, 0x00, 0x00, 0x2F, 0x00, 0x00, 0x00, 0x0F, 0x00, 0x00, 0x00, 0x06, 0x00, 0x00, 0x00, 0x06,
0x00, 0x00, 0x00, 0x0C, 0x00, 0x00, 0x00, 0x00, 0x00, 0x00, 0x00, 0x00, 0x00, 0x00, 0x00, 0x30,
0x00, 0x00, 0x00, 0x0D, 0x00, 0x00, 0x00, 0x09, 0x00, 0x00, 0x00, 0x09, 0x00, 0x00, 0x00, 0x0C,
0x00, 0x00, 0x00, 0x00, 0x00, 0x00, 0x00, 0x00, 0x00, 0x00, 0x00, 0x31, 0x00, 0x00, 0x00, 0x0C,
0x00, 0x00, 0x00, 0x05, 0x00, 0x00, 0x00, 0x09, 0x00, 0x00, 0x00, 0x0C, 0x00, 0x00, 0x00, 0x01,
0x00, 0x00, 0x00, 0x00, 0x00, 0x00, 0x00, 0x32, 0x00, 0x00, 0x00, 0x0C, 0x00, 0x00, 0x00, 0x09,
0x00, 0x00, 0x00, 0x09, 0x00, 0x00, 0x00, 0x0C, 0x00, 0x00, 0x00, 0x00, 0x00, 0x00, 0x00, 0x00,
0x00, 0x00, 0x00, 0x33, 0x00, 0x00, 0x00, 0x0D, 0x00, 0x00, 0x00, 0x09, 0x00, 0x00, 0x00, 0x09,
0x00, 0x00, 0x00, 0x0C, 0x00, 0x00, 0x00, 0x00, 0x00, 0x00, 0x00, 0x00, 0x00, 0x00, 0x00, 0x34,
0x00, 0x00, 0x00, 0x0C, 0x00, 0x00, 0x00, 0x09, 0x00, 0x00, 0x00, 0x09, 0x00, 0x00, 0x00, 0x0C,
0x00, 0x00, 0x00, 0x00, 0x00, 0x00, 0x00, 0x00, 0x00, 0x00, 0x00, 0x35, 0x00, 0x00, 0x00, 0x0D,
0x00, 0x00, 0x00, 0x08, 0x00, 0x00, 0x00, 0x09, 0x00, 0x00, 0x00, 0x0C, 0x00, 0x00, 0x00, 0x00,
0x00, 0x00, 0x00, 0x00, 0x00, 0x00, 0x00, 0x36, 0x00, 0x00, 0x00, 0x0D, 0x00, 0x00, 0x00, 0x09,
0x00, 0x00, 0x00, 0x09, 0x00, 0x00, 0x00, 0x0C, 0x00, 0x00, 0x00, 0x00, 0x00, 0x00, 0x00, 0x00,
0x00, 0x00, 0x00, 0x37, 0x00, 0x00, 0x00, 0x0C, 0x00, 0x00, 0x00, 0x09, 0x00, 0x00, 0x00, 0x09,
0x00, 0x00, 0x00, 0x0C, 0x00, 0x00, 0x00, 0x00, 0x00, 0x00, 0x00, 0x00, 0x00, 0x00, 0x00, 0x38,
0x00, 0x00, 0x00, 0x0D, 0x00, 0x00, 0x00, 0x09, 0x00, 0x00, 0x00, 0x09, 0x00, 0x00, 0x00, 0x0C,
0x00, 0x00, 0x00, 0x00, 0x00, 0x00, 0x00, 0x00, 0x00, 0x00, 0x00, 0x39, 0x00, 0x00, 0x00, 0x0D,
0x00, 0x00, 0x00, 0x09, 0x00, 0x00, 0x00, 0x09, 0x00, 0x00, 0x00, 0x0C, 0x00, 0x00, 0x00, 0x00,
0x00, 0x00, 0x00, 0x00, 0x00, 0x00, 0x00, 0x3A, 0x00, 0x00, 0x00, 0x0A, 0x00, 0x00, 0x00, 0x03,
0x00, 0x00, 0x00, 0x04, 0x00, 0x00, 0x00, 0x09, 0x00, 0x00, 0x00, 0x00, 0x00, 0x00, 0x00, 0x00,
0x00, 0x00, 0x00, 0x3B, 0x00, 0x00, 0x00, 0x0C, 0x00, 0x00, 0x00, 0x03, 0x00, 0x00, 0x00, 0x04,
0x00, 0x00, 0x00, 0x09, 0x00, 0x00, 0x00, 0x00, 0x00, 0x00, 0x00, 0x00, 0x00, 0x00, 0x00, 0x3C,
0x00, 0x00, 0x00, 0x09, 0x00, 0x00, 0x00, 0x09, 0x00, 0x00, 0x00, 0x09, 0x00, 0x00, 0x00, 0x0A,
0x00, 0x00, 0x00, 0x00, 0x00, 0x00, 0x00, 0x00, 0x00, 0x00, 0x00, 0x3D, 0x00, 0x00, 0x00, 0x06,
0x00, 0x00, 0x00, 0x09, 0x00, 0x00, 0x00, 0x09, 0x00, 0x00, 0x00, 0x08, 0x00, 0x00, 0x00, 0x00,
0x00, 0x00, 0x00, 0x00, 0x00, 0x00, 0x00, 0x3E, 0x00, 0x00, 0x00, 0x09, 0x00, 0x00, 0x00, 0x09,
0x00, 0x00, 0x00, 0x09, 0x00, 0x00, 0x00, 0x0A, 0x00, 0x00, 0x00, 0x00, 0x00, 0x00, 0x00, 0x00,
0x00, 0x00, 0x00, 0x3F, 0x00, 0x00, 0x00, 0x0D, 0x00, 0x00, 0x00, 0x08, 0x00, 0x00, 0x00, 0x08,
0x00, 0x00, 0x00, 0x0C, 0x00, 0x00, 0x00, 0x00, 0x00, 0x00, 0x00, 0x00, 0x00, 0x00, 0x00, 0x40,
0x00, 0x00, 0x00, 0x0F, 0x00, 0x00, 0x00, 0x0E, 0x00, 0x00, 0x00, 0x0F, 0x00, 0x00, 0x00, 0x0C,
0x00, 0x00, 0x00, 0x00, 0x00, 0x00, 0x00, 0x00, 0x00, 0x00, 0x00, 0x41, 0x00, 0x00, 0x00, 0x0C,
0x00, 0x00, 0x00, 0x0B, 0x00, 0x00, 0x00, 0x0A, 0x00, 0x00, 0x00, 0x0C, 0x00, 0x00, 0x00, 0x00,
0x00, 0x00, 0x00, 0x00, 0x00, 0x00, 0x00, 0x42, 0x00, 0x00, 0x00, 0x0C, 0x00, 0x00, 0x00, 0x08,
0x00, 0x00, 0x00, 0x0A, 0x00, 0x00, 0x00, 0x0C, 0x00, 0x00, 0x00, 0x01, 0x00, 0x00, 0x00, 0x00,
0x00, 0x00, 0x00, 0x43, 0x00, 0x00, 0x00, 0x0D, 0x00, 0x00, 0x00, 0x0A, 0x00, 0x00, 0x00, 0x0A,
0x00, 0x00, 0x00, 0x0C, 0x00, 0x00, 0x00, 0x00, 0x00, 0x00, 0x00, 0x00, 0x00, 0x00, 0x00, 0x44,
0x00, 0x00, 0x00, 0x0C, 0x00, 0x00, 0x00, 0x0A, 0x00, 0x00, 0x00, 0x0C, 0x00, 0x00, 0x00, 0x0C,
0x00, 0x00, 0x00, 0x01, 0x00, 0x00, 0x00, 0x00, 0x00, 0x00, 0x00, 0x45, 0x00, 0x00, 0x00, 0x0C,
0x00, 0x00, 0x00, 0x08, 0x00, 0x00, 0x00, 0x09, 0x00, 0x00, 0x00, 0x0C, 0x00, 0x00, 0x00, 0x01,
0x00, 0x00, 0x00, 0x00, 0x00, 0x00, 0x00, 0x46, 0x00, 0x00, 0x00, 0x0C, 0x00, 0x00, 0x00, 0x07,
0x00, 0x00, 0x00, 0x08, 0x00, 0x00, 0x00, 0x0C, 0x00, 0x00, 0x00, 0x01, 0x00, 0x00, 0x00, 0x00,
0x00, 0x00, 0x00, 0x47, 0x00, 0x00, 0x00, 0x0D, 0x00, 0x00, 0x00, 0x0B, 0x00, 0x00, 0x00, 0x0B,
0x00, 0x00, 0x00, 0x0C, 0x00, 0x00, 0x00, 0x00, 0x00, 0x00, 0x00, 0x00, 0x00, 0x00, 0x00, 0x48,
0x00, 0x00, 0x00, 0x0C, 0x00, 0x00, 0x00, 0x0A, 0x00, 0x00, 0x00, 0x0C, 0x00, 0x00, 0x00, 0x0C,
0x00, 0x00, 0x00, 0x01, 0x00, 0x00, 0x00, 0x00, 0x00, 0x00, 0x00, 0x49, 0x00, 0x00, 0x00, 0x0C,
0x00, 0x00, 0x00, 0x03, 0x00, 0x00, 0x00, 0x05, 0x00, 0x00, 0x00, 0x0C, 0x00, 0x00, 0x00, 0x01,
0x00, 0x00, 0x00, 0x00, 0x00, 0x00, 0x00, 0x4A, 0x00, 0x00, 0x00, 0x0D, 0x00, 0x00, 0x00, 0x04,
0x00, 0x00, 0x00, 0x05, 0x00, 0x00, 0x00, 0x0C, 0x00, 0x00, 0x00, 0x00, 0x00, 0x00, 0x00, 0x00,
0x00, 0x00, 0x00, 0x4B, 0x00, 0x00, 0x00, 0x0C, 0x00, 0x00, 0x00, 0x09, 0x00, 0x00, 0x00, 0x0A,
0x00, 0x00, 0x00, 0x0C, 0x00, 0x00, 0x00, 0x01, 0x00, 0x00, 0x00, 0x00, 0x00, 0x00, 0x00, 0x4C,
0x00, 0x00, 0x00, 0x0C, 0x00, 0x00, 0x00, 0x07, 0x00, 0x00, 0x00, 0x08, 0x00, 0x00, 0x00, 0x0C,
0x00, 0x00, 0x00, 0x01, 0x00, 0x00, 0x00, 0x00, 0x00, 0x00, 0x00, 0x4D, 0x00, 0x00, 0x00, 0x0D,
0x00, 0x00, 0x00, 0x0D, 0x00, 0x00, 0x00, 0x0F, 0x00, 0x00, 0x00, 0x0C, 0x00, 0x00, 0x00, 0x01,
0x00, 0x00, 0x00, 0x00, 0x00, 0x00, 0x00, 0x4E, 0x00, 0x00, 0x00, 0x0C, 0x00, 0x00, 0x00, 0x0A,
0x00, 0x00, 0x00, 0x0C, 0x00, 0x00, 0x00, 0x0C, 0x00, 0x00, 0x00, 0x01, 0x00, 0x00, 0x00, 0x00,
0x00, 0x00, 0x00, 0x4F, 0x00, 0x00, 0x00, 0x0D, 0x00, 0x00, 0x00, 0x0C, 0x00, 0x00, 0x00, 0x0D,
0x00, 0x00, 0x00, 0x0C, 0x00, 0x00, 0x00, 0x00, 0x00, 0x00, 0x00, 0x00, 0x00, 0x00, 0x00, 0x50,
0x00, 0x00, 0x00, 0x0C, 0x00, 0x00, 0x00, 0x08, 0x00, 0x00, 0x00, 0x09, 0x00, 0x00, 0x00, 0x0C,
0x00, 0x00, 0x00, 0x01, 0x00, 0x00, 0x00, 0x00, 0x00, 0x00, 0x00, 0x51, 0x00, 0x00, 0x00, 0x0F,
0x00, 0x00, 0x00, 0x0D, 0x00, 0x00, 0x00, 0x0D, 0x00, 0x00, 0x00, 0x0C, 0x00, 0x00, 0x00, 0x00,
0x00, 0x00, 0x00, 0x00, 0x00, 0x00, 0x00, 0x52, 0x00, 0x00, 0x00, 0x0C, 0x00, 0x00, 0x00, 0x09,
0x00, 0x00, 0x00, 0x0A, 0x00, 0x00, 0x00, 0x0C, 0x00, 0x00, 0x00, 0x01, 0x00, 0x00, 0x00, 0x00,
0x00, 0x00, 0x00, 0x53, 0x00, 0x00, 0x00, 0x0D, 0x00, 0x00, 0x00, 0x08, 0x00, 0x00, 0x00, 0x09,
0x00, 0x00, 0x00, 0x0C, 0x00, 0x00, 0x00, 0x00, 0x00, 0x00, 0x00, 0x00, 0x00, 0x00, 0x00, 0x54,
0x00, 0x00, 0x00, 0x0C, 0x00, 0x00, 0x00, 0x09, 0x00, 0x00, 0x00, 0x09, 0x00, 0x00, 0x00, 0x0C,
0x00, 0x00, 0x00, 0x00, 0x00, 0x00, 0x00, 0x00, 0x00, 0x00, 0x00, 0x55, 0x00, 0x00, 0x00, 0x0D,
0x00, 0x00, 0x00, 0x0A, 0x00, 0x00, 0x00, 0x0C, 0x00, 0x00, 0x00, 0x0C, 0x00, 0x00, 0x00, 0x01,
0x00, 0x00, 0x00, 0x00, 0x00, 0x00, 0x00, 0x56, 0x00, 0x00, 0x00, 0x0C, 0x00, 0x00, 0x00, 0x0B,
0x00, 0x00, 0x00, 0x0A, 0x00, 0x00, 0x00, 0x0C, 0x00, 0x00, 0x00, 0x00, 0x00, 0x00, 0x00, 0x00,
0x00, 0x00, 0x00, 0x57, 0x00, 0x00, 0x00, 0x0C, 0x00, 0x00, 0x00, 0x10, 0x00, 0x00, 0x00, 0x10,
0x00, 0x00, 0x00, 0x0C, 0x00, 0x00, 0x00, 0x00, 0x00, 0x00, 0x00, 0x00, 0x00, 0x00, 0x00, 0x58,
0x00, 0x00, 0x00, 0x0C, 0x00, 0x00, 0x00, 0x0A, 0x00, 0x00, 0x00, 0x09, 0x00, 0x00, 0x00, 0x0C,
0x00, 0x00, 0x00, 0x00, 0x00, 0x00, 0x00, 0x00, 0x00, 0x00, 0x00, 0x59, 0x00, 0x00, 0x00, 0x0C,
0x00, 0x00, 0x00, 0x09, 0x00, 0x00, 0x00, 0x09, 0x00, 0x00, 0x00, 0x0C, 0x00, 0x00, 0x00, 0x00,
0x00, 0x00, 0x00, 0x00, 0x00, 0x00, 0x00, 0x5A, 0x00, 0x00, 0x00, 0x0C, 0x00, 0x00, 0x00, 0x09,
0x00, 0x00, 0x00, 0x09, 0x00, 0x00, 0x00, 0x0C, 0x00, 0x00, 0x00, 0x00, 0x00, 0x00, 0x00, 0x00,
0x00, 0x00, 0x00, 0x5B, 0x00, 0x00, 0x00, 0x10, 0x00, 0x00, 0x00, 0x04, 0x00, 0x00, 0x00, 0x06,
0x00, 0x00, 0x00, 0x0D, 0x00, 0x00, 0x00, 0x02, 0x00, 0x00, 0x00, 0x00, 0x00, 0x00, 0x00, 0x5C,
0x00, 0x00, 0x00, 0x10, 0x00, 0x00, 0x00, 0x06, 0x00, 0x00, 0x00, 0x06, 0x00, 0x00, 0x00, 0x0D,
0x00, 0x00, 0x00, 0x00, 0x00, 0x00, 0x00, 0x00, 0x00, 0x00, 0x00, 0x5D, 0x00, 0x00, 0x00, 0x10,
0x00, 0x00, 0x00, 0x05, 0x00, 0x00, 0x00, 0x06, 0x00, 0x00, 0x00, 0x0D, 0x00, 0x00, 0x00, 0x00,
0x00, 0x00, 0x00, 0x00, 0x00, 0x00, 0x00, 0x5E, 0x00, 0x00, 0x00, 0x09, 0x00, 0x00, 0x00, 0x09,
0x00, 0x00, 0x00, 0x09, 0x00, 0x00, 0x00, 0x0C, 0x00, 0x00, 0x00, 0x00, 0x00, 0x00, 0x00, 0x00,
0x00, 0x00, 0x00, 0x5F, 0x00, 0x00, 0x00, 0x02, 0x00, 0x00, 0x00, 0x09, 0x00, 0x00, 0x00, 0x07,
0xFF, 0xFF, 0xFF, 0xFF, 0xFF, 0xFF, 0xFF, 0xFF, 0x00, 0x00, 0x00, 0x00, 0x00, 0x00, 0x00, 0x60,
0x00, 0x00, 0x00, 0x04, 0x00, 0x00, 0x00, 0x05, 0x00, 0x00, 0x00, 0x05, 0x00, 0x00, 0x00, 0x0D,
0x00, 0x00, 0x00, 0x00, 0x00, 0x00, 0x00, 0x00, 0x00, 0x00, 0x00, 0x61, 0x00, 0x00, 0x00, 0x0A,
0x00, 0x00, 0x00, 0x08, 0x00, 0x00, 0x00, 0x09, 0x00, 0x00, 0x00, 0x09, 0x00, 0x00, 0x00, 0x00,
0x00, 0x00, 0x00, 0x00, 0x00, 0x00, 0x00, 0x62, 0x00, 0x00, 0x00, 0x0E, 0x00, 0x00, 0x00, 0x08,
0x00, 0x00, 0x00, 0x09, 0x00, 0x00, 0x00, 0x0D, 0x00, 0x00, 0x00, 0x01, 0x00, 0x00, 0x00, 0x00,
0x00, 0x00, 0x00, 0x63, 0x00, 0x00, 0x00, 0x0A, 0x00, 0x00, 0x00, 0x07, 0x00, 0x00, 0x00, 0x07,
0x00, 0x00, 0x00, 0x09, 0x00, 0x00, 0x00, 0x00, 0x00, 0x00, 0x00, 0x00, 0x00, 0x00, 0x00, 0x64,
0x00, 0x00, 0x00, 0x0E, 0x00, 0x00, 0x00, 0x08, 0x00, 0x00, 0x00, 0x09, 0x00, 0x00, 0x00, 0x0D,
0x00, 0x00, 0x00, 0x00, 0x00, 0x00, 0x00, 0x00, 0x00, 0x00, 0x00, 0x65, 0x00, 0x00, 0x00, 0x0A,
0x00, 0x00, 0x00, 0x08, 0x00, 0x00, 0x00, 0x08, 0x00, 0x00, 0x00, 0x09, 0x00, 0x00, 0x00, 0x00,
0x00, 0x00, 0x00, 0x00, 0x00, 0x00, 0x00, 0x66, 0x00, 0x00, 0x00, 0x0D, 0x00, 0x00, 0x00, 0x06,
0x00, 0x00, 0x00, 0x06, 0x00, 0x00, 0x00, 0x0D, 0x00, 0x00, 0x00, 0x00, 0x00, 0x00, 0x00, 0x00,
0x00, 0x00, 0x00, 0x67, 0x00, 0x00, 0x00, 0x0D, 0x00, 0x00, 0x00, 0x08, 0x00, 0x00, 0x00, 0x09,
0x00, 0x00, 0x00, 0x09, 0x00, 0x00, 0x00, 0x00, 0x00, 0x00, 0x00, 0x00, 0x00, 0x00, 0x00, 0x68,
0x00, 0x00, 0x00, 0x0D, 0x00, 0x00, 0x00, 0x08, 0x00, 0x00, 0x00, 0x09, 0x00, 0x00, 0x00, 0x0D,
0x00, 0x00, 0x00, 0x01, 0x00, 0x00, 0x00, 0x00, 0x00, 0x00, 0x00, 0x69, 0x00, 0x00, 0x00, 0x0C,
0x00, 0x00, 0x00, 0x02, 0x00, 0x00, 0x00, 0x04, 0x00, 0x00, 0x00, 0x0C, 0x00, 0x00, 0x00, 0x01,
0x00, 0x00, 0x00, 0x00, 0x00, 0x00, 0x00, 0x6A, 0x00, 0x00, 0x00, 0x10, 0x00, 0x00, 0x00, 0x04,
0x00, 0x00, 0x00, 0x04, 0x00, 0x00, 0x00, 0x0C, 0xFF, 0xFF, 0xFF, 0xFF, 0x00, 0x00, 0x00, 0x00,
0x00, 0x00, 0x00, 0x6B, 0x00, 0x00, 0x00, 0x0D, 0x00, 0x00, 0x00, 0x08, 0x00, 0x00, 0x00, 0x08,
0x00, 0x00, 0x00, 0x0D, 0x00, 0x00, 0x00, 0x01, 0x00, 0x00, 0x00, 0x00, 0x00, 0x00, 0x00, 0x6C,
0x00, 0x00, 0x00, 0x0E, 0x00, 0x00, 0x00, 0x04, 0x00, 0x00, 0x00, 0x04, 0x00, 0x00, 0x00, 0x0D,
0x00, 0x00, 0x00, 0x01, 0x00, 0x00, 0x00, 0x00, 0x00, 0x00, 0x00, 0x6D, 0x00, 0x00, 0x00, 0x09,
0x00, 0x00, 0x00, 0x0D, 0x00, 0x00, 0x00, 0x0E, 0x00, 0x00, 0x00, 0x09, 0x00, 0x00, 0x00, 0x01,
0x00, 0x00, 0x00, 0x00, 0x00, 0x00, 0x00, 0x6E, 0x00, 0x00, 0x00, 0x09, 0x00, 0x00, 0x00, 0x08,
0x00, 0x00, 0x00, 0x09, 0x00, 0x00, 0x00, 0x09, 0x00, 0x00, 0x00, 0x01, 0x00, 0x00, 0x00, 0x00,
0x00, 0x00, 0x00, 0x6F, 0x00, 0x00, 0x00, 0x0A, 0x00, 0x00, 0x00, 0x09, 0x00, 0x00, 0x00, 0x09,
0x00, 0x00, 0x00, 0x09, 0x00, 0x00, 0x00, 0x00, 0x00, 0x00, 0x00, 0x00, 0x00, 0x00, 0x00, 0x70,
0x00, 0x00, 0x00, 0x0D, 0x00, 0x00, 0x00, 0x08, 0x00, 0x00, 0x00, 0x09, 0x00, 0x00, 0x00, 0x09,
0x00, 0x00, 0x00, 0x01, 0x00, 0x00, 0x00, 0x00, 0x00, 0x00, 0x00, 0x71, 0x00, 0x00, 0x00, 0x0D,
0x00, 0x00, 0x00, 0x08, 0x00, 0x00, 0x00, 0x09, 0x00, 0x00, 0x00, 0x09, 0x00, 0x00, 0x00, 0x00,
0x00, 0x00, 0x00, 0x00, 0x00, 0x00, 0x00, 0x72, 0x00, 0x00, 0x00, 0x09, 0x00, 0x00, 0x00, 0x05,
0x00, 0x00, 0x00, 0x06, 0x00, 0x00, 0x00, 0x09, 0x00, 0x00, 0x00, 0x01, 0x00, 0x00, 0x00, 0x00,
0x00, 0x00, 0x00, 0x73, 0x00, 0x00, 0x00, 0x0A, 0x00, 0x00, 0x00, 0x07, 0x00, 0x00, 0x00, 0x07,
0x00, 0x00, 0x00, 0x09, 0x00, 0x00, 0x00, 0x00, 0x00, 0x00, 0x00, 0x00, 0x00, 0x00, 0x00, 0x74,
0x00, 0x00, 0x00, 0x0C, 0x00, 0x00, 0x00, 0x06, 0x00, 0x00, 0x00, 0x06, 0x00, 0x00, 0x00, 0x0B,
0x00, 0x00, 0x00, 0x00, 0x00, 0x00, 0x00, 0x00, 0x00, 0x00, 0x00, 0x75, 0x00, 0x00, 0x00, 0x0A,
0x00, 0x00, 0x00, 0x08, 0x00, 0x00, 0x00, 0x09, 0x00, 0x00, 0x00, 0x09, 0x00, 0x00, 0x00, 0x01,
0x00, 0x00, 0x00, 0x00, 0x00, 0x00, 0x00, 0x76, 0x00, 0x00, 0x00, 0x09, 0x00, 0x00, 0x00, 0x08,
0x00, 0x00, 0x00, 0x08, 0x00, 0x00, 0x00, 0x09, 0x00, 0x00, 0x00, 0x00, 0x00, 0x00, 0x00, 0x00,
0x00, 0x00, 0x00, 0x77, 0x00, 0x00, 0x00, 0x09, 0x00, 0x00, 0x00, 0x0D, 0x00, 0x00, 0x00, 0x0D,
0x00, 0x00, 0x00, 0x09, 0x00, 0x00, 0x00, 0x00, 0x00, 0x00, 0x00, 0x00, 0x00, 0x00, 0x00, 0x78,
0x00, 0x00, 0x00, 0x09, 0x00, 0x00, 0x00, 0x08, 0x00, 0x00, 0x00, 0x08, 0x00, 0x00, 0x00, 0x09,
0x00, 0x00, 0x00, 0x00, 0x00, 0x00, 0x00, 0x00, 0x00, 0x00, 0x00, 0x79, 0x00, 0x00, 0x00, 0x0D,
0x00, 0x00, 0x00, 0x09, 0x00, 0x00, 0x00, 0x08, 0x00, 0x00, 0x00, 0x09, 0xFF, 0xFF, 0xFF, 0xFF,
0x00, 0x00, 0x00, 0x00, 0x00, 0x00, 0x00, 0x7A, 0x00, 0x00, 0x00, 0x09, 0x00, 0x00, 0x00, 0x08,
0x00, 0x00, 0x00, 0x07, 0x00, 0x00, 0x00, 0x09, 0x00, 0x00, 0x00, 0x00, 0x00, 0x00, 0x00, 0x00,
0x00, 0x00, 0x00, 0x7B, 0x00, 0x00, 0x00, 0x10, 0x00, 0x00, 0x00, 0x06, 0x00, 0x00, 0x00, 0x06,
0x00, 0x00, 0x00, 0x0D, 0x00, 0x00, 0x00, 0x00, 0x00, 0x00, 0x00, 0x00, 0x00, 0x00, 0x00, 0x7C,
0x00, 0x00, 0x00, 0x10, 0x00, 0x00, 0x00, 0x02, 0x00, 0x00, 0x00, 0x04, 0x00, 0x00, 0x00, 0x0C,
0x00, 0x00, 0x00, 0x01, 0x00, 0x00, 0x00, 0x00, 0x00, 0x00, 0x00, 0x7D, 0x00, 0x00, 0x00, 0x10,
0x00, 0x00, 0x00, 0x07, 0x00, 0x00, 0x00, 0x06, 0x00, 0x00, 0x00, 0x0D, 0x00, 0x00, 0x00, 0x00,
0x00, 0x00, 0x00, 0x00, 0x00, 0x00, 0x00, 0x7E, 0x00, 0x00, 0x00, 0x03, 0x00, 0x00, 0x00, 0x09,
0x00, 0x00, 0x00, 0x0A, 0x00, 0x00, 0x00, 0x07, 0x00, 0x00, 0x00, 0x00, 0x00, 0x00, 0x00, 0x00,
0x00, 0x00, 0x04, 0x00, 0x00, 0x00, 0x00, 0x0F, 0x00, 0x00, 0x00, 0x08, 0x00, 0x00, 0x00, 0x09,
0x00, 0x00, 0x00, 0x0F, 0x00, 0x00, 0x00, 0x01, 0x00, 0x00, 0x00, 0x00, 0x00, 0x00, 0x04, 0x01,
0x00, 0x00, 0x00, 0x0F, 0x00, 0x00, 0x00, 0x08, 0x00, 0x00, 0x00, 0x09, 0x00, 0x00, 0x00, 0x0F,
0x00, 0x00, 0x00, 0x01, 0x00, 0x00, 0x00, 0x00, 0x00, 0x00, 0x04, 0x02, 0x00, 0x00, 0x00, 0x0D,
0x00, 0x00, 0x00, 0x0C, 0x00, 0x00, 0x00, 0x0C, 0x00, 0x00, 0x00, 0x0C, 0x00, 0x00, 0x00, 0x00,
0x00, 0x00, 0x00, 0x00, 0x00, 0x00, 0x04, 0x03, 0x00, 0x00, 0x00, 0x0F, 0x00, 0x00, 0x00, 0x07,
0x00, 0x00, 0x00, 0x08, 0x00, 0x00, 0x00, 0x0F, 0x00, 0x00, 0x00, 0x01, 0x00, 0x00, 0x00, 0x00,
0x00, 0x00, 0x04, 0x04, 0x00, 0x00, 0x00, 0x0D, 0x00, 0x00, 0x00, 0x0A, 0x00, 0x00, 0x00, 0x0A,
0x00, 0x00, 0x00, 0x0C, 0x00, 0x00, 0x00, 0x00, 0x00, 0x00, 0x00, 0x00, 0x00, 0x00, 0x04, 0x05,
0x00, 0x00, 0x00, 0x0D, 0x00, 0x00, 0x00, 0x08, 0x00, 0x00, 0x00, 0x09, 0x00, 0x00, 0x00, 0x0C,
0x00, 0x00, 0x00, 0x00, 0x00, 0x00, 0x00, 0x00, 0x00, 0x00, 0x04, 0x06, 0x00, 0x00, 0x00, 0x0C,
0x00, 0x00, 0x00, 0x03, 0x00, 0x00, 0x00, 0x05, 0x00, 0x00, 0x00, 0x0C, 0x00, 0x00, 0x00, 0x01,
0x00, 0x00, 0x00, 0x00, 0x00, 0x00, 0x04, 0x07, 0x00, 0x00, 0x00, 0x0F, 0x00, 0x00, 0x00, 0x06,
0x00, 0x00, 0x00, 0x05, 0x00, 0x00, 0x00, 0x0F, 0xFF, 0xFF, 0xFF, 0xFF, 0x00, 0x00, 0x00, 0x00,
0x00, 0x00, 0x04, 0x08, 0x00, 0x00, 0x00, 0x0D, 0x00, 0x00, 0x00, 0x04, 0x00, 0x00, 0x00, 0x05,
0x00, 0x00, 0x00, 0x0C, 0x00, 0x00, 0x00, 0x00, 0x00, 0x00, 0x00, 0x00, 0x00, 0x00, 0x04, 0x09,
0x00, 0x00, 0x00, 0x0D, 0x00, 0x00, 0x00, 0x11, 0x00, 0x00, 0x00, 0x11, 0x00, 0x00, 0x00, 0x0C,
0x00, 0x00, 0x00, 0x00, 0x00, 0x00, 0x00, 0x00, 0x00, 0x00, 0x04, 0x0A, 0x00, 0x00, 0x00, 0x0C,
0x00, 0x00, 0x00, 0x10, 0x00, 0x00, 0x00, 0x11, 0x00, 0x00, 0x00, 0x0C, 0x00, 0x00, 0x00, 0x01,
0x00, 0x00, 0x00, 0x00, 0x00, 0x00, 0x04, 0x0B, 0x00, 0x00, 0x00, 0x0C, 0x00, 0x00, 0x00, 0x0C,
0x00, 0x00, 0x00, 0x0D, 0x00, 0x00, 0x00, 0x0C, 0x00, 0x00, 0x00, 0x00, 0x00, 0x00, 0x00, 0x00,
0x00, 0x00, 0x04, 0x0C, 0x00, 0x00, 0x00, 0x0F, 0x00, 0x00, 0x00, 0x09, 0x00, 0x00, 0x00, 0x0A,
0x00, 0x00, 0x00, 0x0F, 0x00, 0x00, 0x00, 0x01, 0x00, 0x00, 0x00, 0x00, 0x00, 0x00, 0x04, 0x0D,
0x00, 0x00, 0x00, 0x0F, 0x00, 0x00, 0x00, 0x0A, 0x00, 0x00, 0x00, 0x0C, 0x00, 0x00, 0x00, 0x0F,
0x00, 0x00, 0x00, 0x01, 0x00, 0x00, 0x00, 0x00, 0x00, 0x00, 0x04, 0x0E, 0x00, 0x00, 0x00, 0x10,
0x00, 0x00, 0x00, 0x0B, 0x00, 0x00, 0x00, 0x0A, 0x00, 0x00, 0x00, 0x0F, 0x00, 0x00, 0x00, 0x00,
0x00, 0x00, 0x00, 0x00, 0x00, 0x00, 0x04, 0x0F, 0x00, 0x00, 0x00, 0x0F, 0x00, 0x00, 0x00, 0x0A,
0x00, 0x00, 0x00, 0x0C, 0x00, 0x00, 0x00, 0x0C, 0x00, 0x00, 0x00, 0x01, 0x00, 0x00, 0x00, 0x00,
0x00, 0x00, 0x04, 0x10, 0x00, 0x00, 0x00, 0x0C, 0x00, 0x00, 0x00, 0x0B, 0x00, 0x00, 0x00, 0x0A,
0x00, 0x00, 0x00, 0x0C, 0x00, 0x00, 0x00, 0x00, 0x00, 0x00, 0x00, 0x00, 0x00, 0x00, 0x04, 0x11,
0x00, 0x00, 0x00, 0x0C, 0x00, 0x00, 0x00, 0x09, 0x00, 0x00, 0x00, 0x0A, 0x00, 0x00, 0x00, 0x0C,
0x00, 0x00, 0x00, 0x01, 0x00, 0x00, 0x00, 0x00, 0x00, 0x00, 0x04, 0x12, 0x00, 0x00, 0x00, 0x0C,
0x00, 0x00, 0x00, 0x08, 0x00, 0x00, 0x00, 0x0A, 0x00, 0x00, 0x00, 0x0C, 0x00, 0x00, 0x00, 0x01,
0x00, 0x00, 0x00, 0x00, 0x00, 0x00, 0x04, 0x13, 0x00, 0x00, 0x00, 0x0C, 0x00, 0x00, 0x00, 0x07,
0x00, 0x00, 0x00, 0x08, 0x00, 0x00, 0x00, 0x0C, 0x00, 0x00, 0x00, 0x01, 0x00, 0x00, 0x00, 0x00,
0x00, 0x00, 0x04, 0x14, 0x00, 0x00, 0x00, 0x0F, 0x00, 0x00, 0x00, 0x0C, 0x00, 0x00, 0x00, 0x0C,
0x00, 0x00, 0x00, 0x0C, 0x00, 0x00, 0x00, 0x00, 0x00, 0x00, 0x00, 0x00, 0x00, 0x00, 0x04, 0x15,
0x00, 0x00, 0x00, 0x0C, 0x00, 0x00, 0x00, 0x08, 0x00, 0x00, 0x00, 0x09, 0x00, 0x00, 0x00, 0x0C,
0x00, 0x00, 0x00, 0x01, 0x00, 0x00, 0x00, 0x00, 0x00, 0x00, 0x04, 0x16, 0x00, 0x00, 0x00, 0x0C,
0x00, 0x00, 0x00, 0x0E, 0x00, 0x00, 0x00, 0x0E, 0x00, 0x00, 0x00, 0x0C, 0x00, 0x00, 0x00, 0x00,
0x00, 0x00, 0x00, 0x00, 0x00, 0x00, 0x04, 0x17, 0x00, 0x00, 0x00, 0x0D, 0x00, 0x00, 0x00, 0x09,
0x00, 0x00, 0x00, 0x09, 0x00, 0x00, 0x00, 0x0C, 0x00, 0x00, 0x00, 0x00, 0x00, 0x00, 0x00, 0x00,
0x00, 0x00, 0x04, 0x18, 0x00, 0x00, 0x00, 0x0C, 0x00, 0x00, 0x00, 0x0A, 0x00, 0x00, 0x00, 0x0C,
0x00, 0x00, 0x00, 0x0C, 0x00, 0x00, 0x00, 0x01, 0x00, 0x00, 0x00, 0x00, 0x00, 0x00, 0x04, 0x19,
0x00, 0x00, 0x00, 0x0F, 0x00, 0x00, 0x00, 0x0A, 0x00, 0x00, 0x00, 0x0C, 0x00, 0x00, 0x00, 0x0F,
0x00, 0x00, 0x00, 0x01, 0x00, 0x00, 0x00, 0x00, 0x00, 0x00, 0x04, 0x1A, 0x00, 0x00, 0x00, 0x0C,
0x00, 0x00, 0x00, 0x09, 0x00, 0x00, 0x00, 0x0A, 0x00, 0x00, 0x00, 0x0C, 0x00, 0x00, 0x00, 0x01,
0x00, 0x00, 0x00, 0x00, 0x00, 0x00, 0x04, 0x1B, 0x00, 0x00, 0x00, 0x0D, 0x00, 0x00, 0x00, 0x0B,
0x00, 0x00, 0x00, 0x0C, 0x00, 0x00, 0x00, 0x0C, 0x00, 0x00, 0x00, 0x00, 0x00, 0x00, 0x00, 0x00,
0x00, 0x00, 0x04, 0x1C, 0x00, 0x00, 0x00, 0x0D, 0x00, 0x00, 0x00, 0x0D, 0x00, 0x00, 0x00, 0x0F,
0x00, 0x00, 0x00, 0x0C, 0x00, 0x00, 0x00, 0x01, 0x00, 0x00, 0x00, 0x00, 0x00, 0x00, 0x04, 0x1D,
0x00, 0x00, 0x00, 0x0C, 0x00, 0x00, 0x00, 0x0A, 0x00, 0x00, 0x00, 0x0C, 0x00, 0x00, 0x00, 0x0C,
0x00, 0x00, 0x00, 0x01, 0x00, 0x00, 0x00, 0x00, 0x00, 0x00, 0x04, 0x1E, 0x00, 0x00, 0x00, 0x0D,
0x00, 0x00, 0x00, 0x0C, 0x00, 0x00, 0x00, 0x0D, 0x00, 0x00, 0x00, 0x0C, 0x00, 0x00, 0x00, 0x00,
0x00, 0x00, 0x00, 0x00, 0x00, 0x00, 0x04, 0x1F, 0x00, 0x00, 0x00, 0x0C, 0x00, 0x00, 0x00, 0x0A,
0x00, 0x00, 0x00, 0x0C, 0x00, 0x00, 0x00, 0x0C, 0x00, 0x00, 0x00, 0x01, 0x00, 0x00, 0x00, 0x00,
0x00, 0x00, 0x04, 0x20, 0x00, 0x00, 0x00, 0x0C, 0x00, 0x00, 0x00, 0x08, 0x00, 0x00, 0x00, 0x09,
0x00, 0x00, 0x00, 0x0C, 0x00, 0x00, 0x00, 0x01, 0x00, 0x00, 0x00, 0x00, 0x00, 0x00, 0x04, 0x21,
0x00, 0x00, 0x00, 0x0D, 0x00, 0x00, 0x00, 0x0A, 0x00, 0x00, 0x00, 0x0A, 0x00, 0x00, 0x00, 0x0C,
0x00, 0x00, 0x00, 0x00, 0x00, 0x00, 0x00, 0x00, 0x00, 0x00, 0x04, 0x22, 0x00, 0x00, 0x00, 0x0C,
0x00, 0x00, 0x00, 0x09, 0x00, 0x00, 0x00, 0x09, 0x00, 0x00, 0x00, 0x0C, 0x00, 0x00, 0x00, 0x00,
0x00, 0x00, 0x00, 0x00, 0x00, 0x00, 0x04, 0x23, 0x00, 0x00, 0x00, 0x0D, 0x00, 0x00, 0x00, 0x0B,
0x00, 0x00, 0x00, 0x0A, 0x00, 0x00, 0x00, 0x0C, 0x00, 0x00, 0x00, 0x00, 0x00, 0x00, 0x00, 0x00,
0x00, 0x00, 0x04, 0x24, 0x00, 0x00, 0x00, 0x0C, 0x00, 0x00, 0x00, 0x0D, 0x00, 0x00, 0x00, 0x0D,
0x00, 0x00, 0x00, 0x0C, 0x00, 0x00, 0x00, 0x00, 0x00, 0x00, 0x00, 0x00, 0x00, 0x00, 0x04, 0x25,
0x00, 0x00, 0x00, 0x0C, 0x00, 0x00, 0x00, 0x0A, 0x00, 0x00, 0x00, 0x09, 0x00, 0x00, 0x00, 0x0C,
0x00, 0x00, 0x00, 0x00, 0x00, 0x00, 0x00, 0x00, 0x00, 0x00, 0x04, 0x26, 0x00, 0x00, 0x00, 0x0F,
0x00, 0x00, 0x00, 0x0C, 0x00, 0x00, 0x00, 0x0D, 0x00, 0x00, 0x00, 0x0C, 0x00, 0x00, 0x00, 0x01,
0x00, 0x00, 0x00, 0x00, 0x00, 0x00, 0x04, 0x27, 0x00, 0x00, 0x00, 0x0C, 0x00, 0x00, 0x00, 0x09,
0x00, 0x00, 0x00, 0x0B, 0x00, 0x00, 0x00, 0x0C, 0x00, 0x00, 0x00, 0x01, 0x00, 0x00, 0x00, 0x00,
0x00, 0x00, 0x04, 0x28, 0x00, 0x00, 0x00, 0x0C, 0x00, 0x00, 0x00, 0x0E, 0x00, 0x00, 0x00, 0x10,
0x00, 0x00, 0x00, 0x0C, 0x00, 0x00, 0x00, 0x01, 0x00, 0x00, 0x00, 0x00, 0x00, 0x00, 0x04, 0x29,
0x00, 0x00, 0x00, 0x0F, 0x00, 0x00, 0x00, 0x10, 0x00, 0x00, 0x00, 0x11, 0x00, 0x00, 0x00, 0x0C,
0x00, 0x00, 0x00, 0x01, 0x00, 0x00, 0x00, 0x00, 0x00, 0x00, 0x04, 0x2A, 0x00, 0x00, 0x00, 0x0C,
0x00, 0x00, 0x00, 0x0C, 0x00, 0x00, 0x00, 0x0C, 0x00, 0x00, 0x00, 0x0C, 0x00, 0x00, 0x00, 0x00,
0x00, 0x00, 0x00, 0x00, 0x00, 0x00, 0x04, 0x2B, 0x00, 0x00, 0x00, 0x0C, 0x00, 0x00, 0x00, 0x0C,
0x00, 0x00, 0x00, 0x0E, 0x00, 0x00, 0x00, 0x0C, 0x00, 0x00, 0x00, 0x01, 0x00, 0x00, 0x00, 0x00,
0x00, 0x00, 0x04, 0x2C, 0x00, 0x00, 0x00, 0x0C, 0x00, 0x00, 0x00, 0x09, 0x00, 0x00, 0x00, 0x0A,
0x00, 0x00, 0x00, 0x0C, 0x00, 0x00, 0x00, 0x01, 0x00, 0x00, 0x00, 0x00, 0x00, 0x00, 0x04, 0x2D,
0x00, 0x00, 0x00, 0x0D, 0x00, 0x00, 0x00, 0x0A, 0x00, 0x00, 0x00, 0x0A, 0x00, 0x00, 0x00, 0x0C,
0x00, 0x00, 0x00, 0x00, 0x00, 0x00, 0x00, 0x00, 0x00, 0x00, 0x04, 0x2E, 0x00, 0x00, 0x00, 0x0D,
0x00, 0x00, 0x00, 0x0F, 0x00, 0x00, 0x00, 0x10, 0x00, 0x00, 0x00, 0x0C, 0x00, 0x00, 0x00, 0x01,
0x00, 0x00, 0x00, 0x00, 0x00, 0x00, 0x04, 0x2F, 0x00, 0x00, 0x00, 0x0C, 0x00, 0x00, 0x00, 0x09,
0x00, 0x00, 0x00, 0x0A, 0x00, 0x00, 0x00, 0x0C, 0x00, 0x00, 0x00, 0x00, 0x00, 0x00, 0x00, 0x00,
0x00, 0x00, 0x04, 0x30, 0x00, 0x00, 0x00, 0x0A, 0x00, 0x00, 0x00, 0x08, 0x00, 0x00, 0x00, 0x09,
0x00, 0x00, 0x00, 0x09, 0x00, 0x00, 0x00, 0x00, 0x00, 0x00, 0x00, 0x00, 0x00, 0x00, 0x04, 0x31,
0x00, 0x00, 0x00, 0x0E, 0x00, 0x00, 0x00, 0x09, 0x00, 0x00, 0x00, 0x09, 0x00, 0x00, 0x00, 0x0D,
0x00, 0x00, 0x00, 0x00, 0x00, 0x00, 0x00, 0x00, 0x00, 0x00, 0x04, 0x32, 0x00, 0x00, 0x00, 0x09,
0x00, 0x00, 0x00, 0x08, 0x00, 0x00, 0x00, 0x09, 0x00, 0x00, 0x00, 0x09, 0x00, 0x00, 0x00, 0x01,
0x00, 0x00, 0x00, 0x00, 0x00, 0x00, 0x04, 0x33, 0x00, 0x00, 0x00, 0x09, 0x00, 0x00, 0x00, 0x06,
0x00, 0x00, 0x00, 0x07, 0x00, 0x00, 0x00, 0x09, 0x00, 0x00, 0x00, 0x01, 0x00, 0x00, 0x00, 0x00,
0x00, 0x00, 0x04, 0x34, 0x00, 0x00, 0x00, 0x0C, 0x00, 0x00, 0x00, 0x0A, 0x00, 0x00, 0x00, 0x0A,
0x00, 0x00, 0x00, 0x09, 0x00, 0x00, 0x00, 0x00, 0x00, 0x00, 0x00, 0x00, 0x00, 0x00, 0x04, 0x35,
0x00, 0x00, 0x00, 0x0A, 0x00, 0x00, 0x00, 0x08, 0x00, 0x00, 0x00, 0x08, 0x00, 0x00, 0x00, 0x09,
0x00, 0x00, 0x00, 0x00, 0x00, 0x00, 0x00, 0x00, 0x00, 0x00, 0x04, 0x36, 0x00, 0x00, 0x00, 0x09,
0x00, 0x00, 0x00, 0x0C, 0x00, 0x00, 0x00, 0x0C, 0x00, 0x00, 0x00, 0x09, 0x00, 0x00, 0x00, 0x00,
0x00, 0x00, 0x00, 0x00, 0x00, 0x00, 0x04, 0x37, 0x00, 0x00, 0x00, 0x0A, 0x00, 0x00, 0x00, 0x07,
0x00, 0x00, 0x00, 0x07, 0x00, 0x00, 0x00, 0x09, 0x00, 0x00, 0x00, 0x00, 0x00, 0x00, 0x00, 0x00,
0x00, 0x00, 0x04, 0x38, 0x00, 0x00, 0x00, 0x09, 0x00, 0x00, 0x00, 0x08, 0x00, 0x00, 0x00, 0x09,
0x00, 0x00, 0x00, 0x09, 0x00, 0x00, 0x00, 0x01, 0x00, 0x00, 0x00, 0x00, 0x00, 0x00, 0x04, 0x39,
0x00, 0x00, 0x00, 0x0D, 0x00, 0x00, 0x00, 0x08, 0x00, 0x00, 0x00, 0x09, 0x00, 0x00, 0x00, 0x0D,
0x00, 0x00, 0x00, 0x01, 0x00, 0x00, 0x00, 0x00, 0x00, 0x00, 0x04, 0x3A, 0x00, 0x00, 0x00, 0x09,
0x00, 0x00, 0x00, 0x08, 0x00, 0x00, 0x00, 0x08, 0x00, 0x00, 0x00, 0x09, 0x00, 0x00, 0x00, 0x01,
0x00, 0x00, 0x00, 0x00, 0x00, 0x00, 0x04, 0x3B, 0x00, 0x00, 0x00, 0x0A, 0x00, 0x00, 0x00, 0x09,
0x00, 0x00, 0x00, 0x09, 0x00, 0x00, 0x00, 0x09, 0x00, 0x00, 0x00, 0x00, 0x00, 0x00, 0x00, 0x00,
0x00, 0x00, 0x04, 0x3C, 0x00, 0x00, 0x00, 0x09, 0x00, 0x00, 0x00, 0x0A, 0x00, 0x00, 0x00, 0x0C,
0x00, 0x00, 0x00, 0x09, 0x00, 0x00, 0x00, 0x01, 0x00, 0x00, 0x00, 0x00, 0x00, 0x00, 0x04, 0x3D,
0x00, 0x00, 0x00, 0x09, 0x00, 0x00, 0x00, 0x08, 0x00, 0x00, 0x00, 0x09, 0x00, 0x00, 0x00, 0x09,
0x00, 0x00, 0x00, 0x01, 0x00, 0x00, 0x00, 0x00, 0x00, 0x00, 0x04, 0x3E, 0x00, 0x00, 0x00, 0x0A,
0x00, 0x00, 0x00, 0x09, 0x00, 0x00, 0x00, 0x09, 0x00, 0x00, 0x00, 0x09, 0x00, 0x00, 0x00, 0x00,
0x00, 0x00, 0x00, 0x00, 0x00, 0x00, 0x04, 0x3F, 0x00, 0x00, 0x00, 0x09, 0x00, 0x00, 0x00, 0x08,
0x00, 0x00, 0x00, 0x09, 0x00, 0x00, 0x00, 0x09, 0x00, 0x00, 0x00, 0x01, 0x00, 0x00, 0x00, 0x00,
0x00, 0x00, 0x04, 0x40, 0x00, 0x00, 0x00, 0x0D, 0x00, 0x00, 0x00, 0x08, 0x00, 0x00, 0x00, 0x09,
0x00, 0x00, 0x00, 0x09, 0x00, 0x00, 0x00, 0x01, 0x00, 0x00, 0x00, 0x00, 0x00, 0x00, 0x04, 0x41,
0x00, 0x00, 0x00, 0x0A, 0x00, 0x00, 0x00, 0x07, 0x00, 0x00, 0x00, 0x07, 0x00, 0x00, 0x00, 0x09,
0x00, 0x00, 0x00, 0x00, 0x00, 0x00, 0x00, 0x00, 0x00, 0x00, 0x04, 0x42, 0x00, 0x00, 0x00, 0x09,
0x00, 0x00, 0x00, 0x08, 0x00, 0x00, 0x00, 0x07, 0x00, 0x00, 0x00, 0x09, 0x00, 0x00, 0x00, 0x00,
0x00, 0x00, 0x00, 0x00, 0x00, 0x00, 0x04, 0x43, 0x00, 0x00, 0x00, 0x0D, 0x00, 0x00, 0x00, 0x09,
0x00, 0x00, 0x00, 0x08, 0x00, 0x00, 0x00, 0x09, 0xFF, 0xFF, 0xFF, 0xFF, 0x00, 0x00, 0x00, 0x00,
0x00, 0x00, 0x04, 0x44, 0x00, 0x00, 0x00, 0x11, 0x00, 0x00, 0x00, 0x0E, 0x00, 0x00, 0x00, 0x0E,
0x00, 0x00, 0x00, 0x0D, 0x00, 0x00, 0x00, 0x00, 0x00, 0x00, 0x00, 0x00, 0x00, 0x00, 0x04, 0x45,
0x00, 0x00, 0x00, 0x09, 0x00, 0x00, 0x00, 0x08, 0x00, 0x00, 0x00, 0x08, 0x00, 0x00, 0x00, 0x09,
0x00, 0x00, 0x00, 0x00, 0x00, 0x00, 0x00, 0x00, 0x00, 0x00, 0x04, 0x46, 0x00, 0x00, 0x00, 0x0C,
0x00, 0x00, 0x00, 0x09, 0x00, 0x00, 0x00, 0x0A, 0x00, 0x00, 0x00, 0x09, 0x00, 0x00, 0x00, 0x01,
0x00, 0x00, 0x00, 0x00, 0x00, 0x00, 0x04, 0x47, 0x00, 0x00, 0x00, 0x09, 0x00, 0x00, 0x00, 0x08,
0x00, 0x00, 0x00, 0x09, 0x00, 0x00, 0x00, 0x09, 0x00, 0x00, 0x00, 0x01, 0x00, 0x00, 0x00, 0x00,
0x00, 0x00, 0x04, 0x48, 0x00, 0x00, 0x00, 0x09, 0x00, 0x00, 0x00, 0x0C, 0x00, 0x00, 0x00, 0x0D,
0x00, 0x00, 0x00, 0x09, 0x00, 0x00, 0x00, 0x01, 0x00, 0x00, 0x00, 0x00, 0x00, 0x00, 0x04, 0x49,
0x00, 0x00, 0x00, 0x0C, 0x00, 0x00, 0x00, 0x0D, 0x00, 0x00, 0x00, 0x0E, 0x00, 0x00, 0x00, 0x09,
0x00, 0x00, 0x00, 0x01, 0x00, 0x00, 0x00, 0x00, 0x00, 0x00, 0x04, 0x4A, 0x00, 0x00, 0x00, 0x09,
0x00, 0x00, 0x00, 0x0B, 0x00, 0x00, 0x00, 0x0B, 0x00, 0x00, 0x00, 0x09, 0x00, 0x00, 0x00, 0x00,
0x00, 0x00, 0x00, 0x00, 0x00, 0x00, 0x04, 0x4B, 0x00, 0x00, 0x00, 0x09, 0x00, 0x00, 0x00, 0x0A,
0x00, 0x00, 0x00, 0x0C, 0x00, 0x00, 0x00, 0x09, 0x00, 0x00, 0x00, 0x01, 0x00, 0x00, 0x00, 0x00,
0x00, 0x00, 0x04, 0x4C, 0x00, 0x00, 0x00, 0x09, 0x00, 0x00, 0x00, 0x08, 0x00, 0x00, 0x00, 0x09,
0x00, 0x00, 0x00, 0x09, 0x00, 0x00, 0x00, 0x01, 0x00, 0x00, 0x00, 0x00, 0x00, 0x00, 0x04, 0x4D,
0x00, 0x00, 0x00, 0x0A, 0x00, 0x00, 0x00, 0x07, 0x00, 0x00, 0x00, 0x07, 0x00, 0x00, 0x00, 0x09,
0x00, 0x00, 0x00, 0x00, 0x00, 0x00, 0x00, 0x00, 0x00, 0x00, 0x04, 0x4E, 0x00, 0x00, 0x00, 0x0A,
0x00, 0x00, 0x00, 0x0C, 0x00, 0x00, 0x00, 0x0D, 0x00, 0x00, 0x00, 0x09, 0x00, 0x00, 0x00, 0x01,
0x00, 0x00, 0x00, 0x00, 0x00, 0x00, 0x04, 0x4F, 0x00, 0x00, 0x00, 0x09, 0x00, 0x00, 0x00, 0x08,
0x00, 0x00, 0x00, 0x09, 0x00, 0x00, 0x00, 0x09, 0x00, 0x00, 0x00, 0x00, 0x00, 0x00, 0x00, 0x00,
0x00, 0x00, 0x04, 0x50, 0x00, 0x00, 0x00, 0x0E, 0x00, 0x00, 0x00, 0x08, 0x00, 0x00, 0x00, 0x08,
0x00, 0x00, 0x00, 0x0D, 0x00, 0x00, 0x00, 0x00, 0x00, 0x00, 0x00, 0x00, 0x00, 0x00, 0x04, 0x51,
0x00, 0x00, 0x00, 0x0D, 0x00, 0x00, 0x00, 0x08, 0x00, 0x00, 0x00, 0x08, 0x00, 0x00, 0x00, 0x0C,
0x00, 0x00, 0x00, 0x00, 0x00, 0x00, 0x00, 0x00, 0x00, 0x00, 0x04, 0x52, 0x00, 0x00, 0x00, 0x11,
0x00, 0x00, 0x00, 0x09, 0x00, 0x00, 0x00, 0x09, 0x00, 0x00, 0x00, 0x0D, 0x00, 0x00, 0x00, 0x00,
0x00, 0x00, 0x00, 0x00, 0x00, 0x00, 0x04, 0x53, 0x00, 0x00, 0x00, 0x0D, 0x00, 0x00, 0x00, 0x06,
0x00, 0x00, 0x00, 0x07, 0x00, 0x00, 0x00, 0x0D, 0x00, 0x00, 0x00, 0x01, 0x00, 0x00, 0x00, 0x00,
0x00, 0x00, 0x04, 0x54, 0x00, 0x00, 0x00, 0x0A, 0x00, 0x00, 0x00, 0x07, 0x00, 0x00, 0x00, 0x07,
0x00, 0x00, 0x00, 0x09, 0x00, 0x00, 0x00, 0x00, 0x00, 0x00, 0x00, 0x00, 0x00, 0x00, 0x04, 0x55,
0x00, 0x00, 0x00, 0x0A, 0x00, 0x00, 0x00, 0x07, 0x00, 0x00, 0x00, 0x07, 0x00, 0x00, 0x00, 0x09,
0x00, 0x00, 0x00, 0x00, 0x00, 0x00, 0x00, 0x00, 0x00, 0x00, 0x04, 0x56, 0x00, 0x00, 0x00, 0x0C,
0x00, 0x00, 0x00, 0x02, 0x00, 0x00, 0x00, 0x04, 0x00, 0x00, 0x00, 0x0C, 0x00, 0x00, 0x00, 0x01,
0x00, 0x00, 0x00, 0x00, 0x00, 0x00, 0x04, 0x57, 0x00, 0x00, 0x00, 0x0C, 0x00, 0x00, 0x00, 0x06,
0x00, 0x00, 0x00, 0x04, 0x00, 0x00, 0x00, 0x0C, 0xFF, 0xFF, 0xFF, 0xFF, 0x00, 0x00, 0x00, 0x00,
0x00, 0x00, 0x04, 0x58, 0x00, 0x00, 0x00, 0x10, 0x00, 0x00, 0x00, 0x04, 0x00, 0x00, 0x00, 0x04,
0x00, 0x00, 0x00, 0x0C, 0xFF, 0xFF, 0xFF, 0xFF, 0x00, 0x00, 0x00, 0x00, 0x00, 0x00, 0x04, 0x59,
0x00, 0x00, 0x00, 0x0A, 0x00, 0x00, 0x00, 0x0E, 0x00, 0x00, 0x00, 0x0E, 0x00, 0x00, 0x00, 0x09,
0x00, 0x00, 0x00, 0x00, 0x00, 0x00, 0x00, 0x00, 0x00, 0x00, 0x04, 0x5A, 0x00, 0x00, 0x00, 0x09,
0x00, 0x00, 0x00, 0x0D, 0x00, 0x00, 0x00, 0x0E, 0x00, 0x00, 0x00, 0x09, 0x00, 0x00, 0x00, 0x01,
0x00, 0x00, 0x00, 0x00, 0x00, 0x00, 0x04, 0x5B, 0x00, 0x00, 0x00, 0x0D, 0x00, 0x00, 0x00, 0x09,
0x00, 0x00, 0x00, 0x09, 0x00, 0x00, 0x00, 0x0D, 0x00, 0x00, 0x00, 0x00, 0x00, 0x00, 0x00, 0x00,
0x00, 0x00, 0x04, 0x5C, 0x00, 0x00, 0x00, 0x0D, 0x00, 0x00, 0x00, 0x08, 0x00, 0x00, 0x00, 0x08,
0x00, 0x00, 0x00, 0x0D, 0x00, 0x00, 0x00, 0x01, 0x00, 0x00, 0x00, 0x00, 0x00, 0x00, 0x04, 0x5D,
0x00, 0x00, 0x00, 0x0D, 0x00, 0x00, 0x00, 0x08, 0x00, 0x00, 0x00, 0x09, 0x00, 0x00, 0x00, 0x0D,
0x00, 0x00, 0x00, 0x01, 0x00, 0x00, 0x00, 0x00, 0x00, 0x00, 0x04, 0x5E, 0x00, 0x00, 0x00, 0x11,
0x00, 0x00, 0x00, 0x09, 0x00, 0x00, 0x00, 0x08, 0x00, 0x00, 0x00, 0x0D, 0xFF, 0xFF, 0xFF, 0xFF,
0x00, 0x00, 0x00, 0x00, 0x00, 0x00, 0x04, 0x5F, 0x00, 0x00, 0x00, 0x0C, 0x00, 0x00, 0x00, 0x08,
0x00, 0x00, 0x00, 0x09, 0x00, 0x00, 0x00, 0x09, 0x00, 0x00, 0x00, 0x01, 0x00, 0x00, 0x00, 0x00,
0x00, 0x00, 0x04, 0x90, 0x00, 0x00, 0x00, 0x0E, 0x00, 0x00, 0x00, 0x07, 0x00, 0x00, 0x00, 0x08,
0x00, 0x00, 0x00, 0x0E, 0x00, 0x00, 0x00, 0x01, 0x00, 0x00, 0x00, 0x00, 0x00, 0x00, 0x04, 0x91,
0x00, 0x00, 0x00, 0x0B, 0x00, 0x00, 0x00, 0x06, 0x00, 0x00, 0x00, 0x07, 0x00, 0x00, 0x00, 0x0B,
0x00, 0x00, 0x00, 0x01, 0x00, 0x00, 0x00, 0x00, 0x25, 0x50, 0x0B, 0x70, 0xFF, 0x1F, 0x67, 0xFF,
0x16, 0x5D, 0xFF, 0x0C, 0x53, 0xFF, 0x02, 0x49, 0xF8, 0x00, 0x3F, 0xEE, 0x00, 0x35, 0xE4, 0x00,
0x11, 0x56, 0x00, 0x00, 0x00, 0x00, 0x48, 0xB2, 0x14, 0x7B, 0xF9, 0x2D, 0x00, 0x0B, 0x00, 0x41,
0x3A, 0x00, 0x36, 0x48, 0xC4, 0xAE, 0x00, 0xA1, 0xD8, 0xB0, 0x99, 0x00, 0x8D, 0xC1, 0x9C, 0x84,
0x00, 0x7A, 0xAA, 0x5D, 0x4D, 0x00, 0x47, 0x65, 0x00, 0x00, 0x00, 0x00, 0x27, 0x31, 0x00, 0x13,
0x45, 0x00, 0x00, 0x00, 0x00, 0x00, 0x00, 0xA8, 0x74, 0x00, 0x68, 0xB4, 0x00, 0x00, 0x00, 0x00,
0x00, 0x00, 0xE7, 0x34, 0x00, 0xA8, 0x74, 0x00, 0x00, 0x00, 0x16, 0x3C, 0x54, 0xF9, 0x3F, 0x3C,
0xE7, 0x69, 0x3C, 0x10, 0x00, 0x71, 0xD8, 0xEC, 0xF0, 0xD8, 0xE2, 0xFA, 0xD8, 0xD8, 0x1D, 0x00,
0x00, 0x00, 0xAB, 0x76, 0x00, 0x69, 0xB6, 0x00, 0x00, 0x00, 0x00, 0x00, 0x00, 0xE9, 0x37, 0x00,
0xA8, 0x77, 0x00, 0x00, 0x00, 0x0F, 0x28, 0x47, 0xF9, 0x2C, 0x28, 0xE6, 0x5C, 0x28, 0x0B, 0x00,
0x7C, 0xE8, 0xF4, 0xF6, 0xE8, 0xEE, 0xFC, 0xE8, 0xE8, 0x21, 0x00, 0x00, 0x00, 0xAA, 0x7A, 0x00,
0x66, 0xBA, 0x00, 0x00, 0x00, 0x00, 0x00, 0x00, 0xE8, 0x3A, 0x00, 0xA5, 0x7A, 0x00, 0x00, 0x00,
0x00, 0x00, 0x28, 0xF5, 0x05, 0x00, 0xE4, 0x3B, 0x00, 0x00, 0x00, 0x00, 0x00, 0x00, 0x00, 0x2B,
0xBD, 0x00, 0x00, 0x00, 0x00, 0x00, 0x47, 0x9F, 0xE9, 0x8E, 0x5E, 0x0F, 0x00, 0x8D, 0xF5, 0xAB,
0xDF, 0x9A, 0xE2, 0x4F, 0x08, 0xFB, 0x70, 0x2C, 0xC0, 0x00, 0x01, 0x03, 0x09, 0xFD, 0x84, 0x2C,
0xC0, 0x00, 0x00, 0x00, 0x00, 0x8A, 0xFE, 0xBA, 0xC6, 0x01, 0x00, 0x00, 0x00, 0x00, 0x5B, 0xCD,
0xFF, 0xDC, 0x5D, 0x00, 0x00, 0x00, 0x00, 0x2C, 0xD3, 0xA1, 0xFF, 0x6D, 0x00, 0x00, 0x00, 0x2C,
0xC0, 0x00, 0xB1, 0xCF, 0x00, 0x0D, 0x00, 0x2C, 0xC0, 0x00, 0xB7, 0xBF, 0x1D, 0xF8, 0xBA, 0x9F,
0xE0, 0xB7, 0xFA, 0x45, 0x02, 0x46, 0x85, 0xB5, 0xEA, 0x8C, 0x2C, 0x00, 0x00, 0x00, 0x00, 0x2C,
0xC0, 0x00, 0x00, 0x00, 0x00, 0x00, 0x00, 0x0F, 0x42, 0x00, 0x00, 0x00, 0x00, 0x00, 0x47, 0x6A,
0x31, 0x00, 0x00, 0x00, 0x00, 0x03, 0x4F, 0x11, 0x00, 0x00, 0x00, 0x92, 0xDB, 0x92, 0xF2, 0x52,
0x00, 0x00, 0x00, 0x6B, 0xD2, 0x03, 0x00, 0x00, 0x16, 0xFB, 0x35, 0x00, 0x83, 0xCC, 0x00, 0x00,
0x13, 0xED, 0x3F, 0x00, 0x00, 0x00, 0x3E, 0xFF, 0x04, 0x00, 0x57, 0xF4, 0x00, 0x00, 0x98, 0xA8,
0x00, 0x00, 0x00, 0x00, 0x46, 0xFD, 0x01, 0x00, 0x54, 0xF6, 0x00, 0x31, 0xF2, 0x1D, 0x00, 0x01,
0x00, 0x00, 0x28, 0xFF, 0x1E, 0x00, 0x76, 0xD3, 0x01, 0xC5, 0x7B, 0x4E, 0xDF, 0xF3, 0xAE, 0x0E,
0x00, 0xCA, 0xAB, 0x53, 0xE2, 0x6C, 0x5D, 0xDD, 0x19, 0xF4, 0x57, 0x0B, 0xD0, 0x83, 0x00, 0x15,
0x8E, 0xA9, 0x64, 0x0D, 0xE6, 0x4E, 0x51, 0xF2, 0x02, 0x00, 0x7E, 0xC8, 0x00, 0x00, 0x00, 0x00,
0x00, 0x8B, 0xB8, 0x00, 0x69, 0xE0, 0x00, 0x00, 0x6D, 0xDC, 0x00, 0x00, 0x00, 0x00, 0x27, 0xF4,
0x27, 0x00, 0x57, 0xEE, 0x00, 0x00, 0x7E, 0xC6, 0x00, 0x00, 0x00, 0x00, 0xB7, 0x8B, 0x00, 0x00,
0x1F, 0xFC, 0x39, 0x03, 0xCB, 0x82, 0x00, 0x00, 0x00, 0x4C, 0xE4, 0x0D, 0x00, 0x00, 0x00, 0x79,
0xF5, 0xE6, 0xC4, 0x11, 0x00, 0x00, 0x00, 0x00, 0x00, 0x00, 0x00, 0x00, 0x00, 0x00, 0x0C, 0x1A,
0x00, 0x00, 0x00, 0x00, 0x00, 0x36, 0x67, 0x5B, 0x19, 0x00, 0x00, 0x00, 0x00, 0x00, 0x00, 0x8D,
0xF9, 0xB2, 0xC8, 0xF7, 0x3C, 0x00, 0x00, 0x00, 0x00, 0x08, 0xFC, 0x71, 0x00, 0x00, 0xCE, 0xA1,
0x00, 0x00, 0x00, 0x00, 0x04, 0xF7, 0x72, 0x00, 0x02, 0xD9, 0x91, 0x00, 0x00, 0x00, 0x00, 0x00,
0x99, 0xE6, 0x1F, 0x96, 0xEB, 0x1F, 0x00, 0x00, 0x00, 0x00, 0x00, 0x10, 0xED, 0xFB, 0xCC, 0x27,
0x00, 0x00, 0x00, 0x00, 0x00, 0x13, 0xC2, 0xDF, 0xE2, 0xBC, 0x08, 0x00, 0x00, 0x2D, 0x04, 0x00,
0xB8, 0xD5, 0x11, 0x26, 0xE9, 0xB3, 0x05, 0x0B, 0xF0, 0x7E, 0x27, 0xFF, 0x5D, 0x00, 0x00, 0x30,
0xF0, 0xA9, 0x87, 0xF6, 0x19, 0x35, 0xFF, 0x59, 0x00, 0x00, 0x00, 0x3B, 0xF7, 0xFF, 0x6B, 0x00,
0x07, 0xE6, 0xDB, 0x40, 0x13, 0x33, 0xA7, 0xFE, 0xFC, 0x83, 0x00, 0x00, 0x33, 0xD3, 0xFF, 0xFF,
0xFF, 0xCE, 0x44, 0x5E, 0xFE, 0x70, 0x00, 0x00, 0x00, 0x1E, 0x2D, 0x14, 0x00, 0x00, 0x00, 0x00,
0x00, 0x4E, 0x2A, 0xE1, 0x79, 0xCF, 0x68, 0xBD, 0x57, 0x96, 0x3E, 0x00, 0x00, 0x00, 0x07, 0x16,
0x00, 0x00, 0x00, 0xB6, 0x93, 0x00, 0x00, 0x68, 0xE6, 0x0D, 0x00, 0x08, 0xE7, 0x76, 0x00, 0x00,
0x62, 0xF9, 0x11, 0x00, 0x00, 0xAF, 0xC0, 0x00, 0x00, 0x00, 0xE9, 0x85, 0x00, 0x00, 0x04, 0xFE,
0x6C, 0x00, 0x00, 0x0D, 0xFF, 0x62, 0x00, 0x00, 0x00, 0xF9, 0x76, 0x00, 0x00, 0x00, 0xD7, 0x9B,
0x00, 0x00, 0x00, 0x93, 0xDE, 0x00, 0x00, 0x00, 0x39, 0xFF, 0x37, 0x00, 0x00, 0x00, 0xBC, 0xAB,
0x00, 0x00, 0x00, 0x27, 0xF2, 0x3C, 0x00, 0x00, 0x00, 0x4E, 0x6F, 0x07, 0x17, 0x00, 0x00, 0x00,
0x10, 0xE6, 0x60, 0x00, 0x00, 0x00, 0x56, 0xF3, 0x1D, 0x00, 0x00, 0x01, 0xD6, 0x96, 0x00, 0x00,
0x00, 0x69, 0xF8, 0x0F, 0x00, 0x00, 0x1D, 0xFF, 0x53, 0x00, 0x00, 0x00, 0xE0, 0x8D, 0x00, 0x00,
0x00, 0xC6, 0xA5, 0x00, 0x00, 0x00, 0xBB, 0xB1, 0x00, 0x00, 0x00, 0xD0, 0x9C, 0x00, 0x00, 0x04,
0xF1, 0x7A, 0x00, 0x00, 0x3E, 0xFF, 0x37, 0x00, 0x00, 0x97, 0xDB, 0x02, 0x00, 0x15, 0xF6, 0x61,
0x00, 0x00, 0x9E, 0xBE, 0x02, 0x00, 0x13, 0x96, 0x1A, 0x00, 0x00, 0x00, 0x00, 0x3A, 0x25, 0x00,
0x00, 0x00, 0x00, 0xAC, 0x68, 0x00, 0x00, 0x73, 0x77, 0xA7, 0x7E, 0x94, 0x45, 0x38, 0x71, 0xF5,
0xD6, 0x65, 0x22, 0x00, 0x8C, 0x91, 0xCB, 0x49, 0x00, 0x08, 0xB0, 0x10, 0x3D, 0x89, 0x00, 0x00,
0x00, 0x00, 0x00, 0x07, 0x01, 0x00, 0x00, 0x00, 0x00, 0x00, 0x00, 0x00, 0xF8, 0x2C, 0x00, 0x00,
0x00, 0x00, 0x00, 0x00, 0x00, 0xF8, 0x2C, 0x00, 0x00, 0x00, 0x00, 0x00, 0x00, 0x00, 0xF8, 0x2C,
0x00, 0x00, 0x00, 0x2D, 0xC4, 0xC4, 0xC4, 0xFE, 0xCE, 0xC4, 0xC4, 0x58, 0x14, 0x58, 0x58, 0x58,
0xFA, 0x74, 0x58, 0x58, 0x27, 0x00, 0x00, 0x00, 0x00, 0xF8, 0x2C, 0x00, 0x00, 0x00, 0x00, 0x00,
0x00, 0x00, 0xF8, 0x2C, 0x00, 0x00, 0x00, 0x00, 0x00, 0x00, 0x00, 0x93, 0x1A, 0x00, 0x00, 0x00,
0x00, 0x96, 0xA9, 0x00, 0xC4, 0xAF, 0x04, 0xEC, 0x65, 0x46, 0xEC, 0x0B, 0x28, 0x3D, 0x00, 0x15,
0xE8, 0xE8, 0xE8, 0xE8, 0x57, 0x06, 0x48, 0x48, 0x48, 0x48, 0x1B, 0x02, 0xA2, 0x6B, 0x09, 0xEE,
0xAA, 0x00, 0x0A, 0x00, 0x00, 0x00, 0x00, 0x00, 0x58, 0xC9, 0x00, 0x00, 0x00, 0x00, 0xAB, 0x81,
0x00, 0x00, 0x00, 0x07, 0xF3, 0x30, 0x00, 0x00, 0x00, 0x4C, 0xDF, 0x00, 0x00, 0x00, 0x00, 0x9D,
0x8E, 0x00, 0x00, 0x00, 0x03, 0xEA, 0x3D, 0x00, 0x00, 0x00, 0x3F, 0xEA, 0x02, 0x00, 0x00, 0x00,
0x8F, 0x9C, 0x00, 0x00, 0x00, 0x00, 0xDF, 0x4B, 0x00, 0x00, 0x00, 0x31, 0xF3, 0x07, 0x00, 0x00,
0x00, 0x82, 0xAA, 0x00, 0x00, 0x00, 0x00, 0xD2, 0x59, 0x00, 0x00, 0x00, 0x23, 0xF9, 0x0F, 0x00,
0x00, 0x00, 0x74, 0xB7, 0x00, 0x00, 0x00, 0x00, 0x6B, 0x46, 0x00, 0x00, 0x00, 0x00, 0x00, 0x00,
0x05, 0x4D, 0x70, 0x51, 0x07, 0x00, 0x00, 0x00, 0x0D, 0xCB, 0xEE, 0xB9, 0xED, 0xD0, 0x10, 0x00,
0x00, 0x90, 0xEC, 0x1B, 0x00, 0x1A, 0xED, 0x91, 0x00, 0x03, 0xEE, 0x8B, 0x00, 0x00, 0x00, 0x99,
0xEB, 0x01, 0x29, 0xFF, 0x52, 0x00, 0x00, 0x00, 0x5E, 0xFF, 0x1F, 0x45, 0xFF, 0x38, 0x00, 0x00,
0x00, 0x4A, 0xFF, 0x37, 0x4D, 0xFF, 0x31, 0x00, 0x00, 0x00, 0x3E, 0xFF, 0x3B, 0x43, 0xFF, 0x3A,
0x00, 0x00, 0x00, 0x4A, 0xFF, 0x2E, 0x24, 0xFF, 0x5A, 0x00, 0x00, 0x00, 0x6C, 0xFE, 0x0C, 0x01,
0xE6, 0x9C, 0x00, 0x00, 0x00, 0xB3, 0xC7, 0x00, 0x00, 0x78, 0xF9, 0x4F, 0x0C, 0x64, 0xFF, 0x53,
0x00, 0x00, 0x03, 0x94, 0xFA, 0xFF, 0xF3, 0x75, 0x00, 0x00, 0x00, 0x00, 0x00, 0x0C, 0x21, 0x07,
0x00, 0x00, 0x00, 0x00, 0x00, 0x0A, 0x5B, 0x3A, 0x00, 0x44, 0xDD, 0xFF, 0x9C, 0x62, 0xFA, 0x86,
0xDD, 0x9C, 0x17, 0x30, 0x00, 0xD8, 0x9C, 0x00, 0x00, 0x00, 0xD8, 0x9C, 0x00, 0x00, 0x00, 0xD8,
0x9C, 0x00, 0x00, 0x00, 0xD8, 0x9C, 0x00, 0x00, 0x00, 0xD8, 0x9C, 0x00, 0x00, 0x00, 0xD8, 0x9C,
0x00, 0x00, 0x00, 0xD8, 0x9C, 0x00, 0x00, 0x00, 0xD8, 0x9C, 0x00, 0x00, 0x00, 0xD8, 0x9C, 0x00,
0x00, 0x24, 0x64, 0x6F, 0x41, 0x01, 0x00, 0x00, 0x06, 0x9E, 0xFD, 0xCE, 0xC7, 0xFB, 0xBE, 0x09,
0x00, 0x03, 0xB1, 0x2E, 0x00, 0x00, 0x36, 0xF9, 0x7A, 0x00, 0x00, 0x00, 0x00, 0x00, 0x00, 0x00,
0xC7, 0xB4, 0x00, 0x00, 0x00, 0x00, 0x00, 0x00, 0x00, 0xD0, 0xA6, 0x00, 0x00, 0x00, 0x00, 0x00,
0x00, 0x2C, 0xFF, 0x51, 0x00, 0x00, 0x00, 0x00, 0x00, 0x06, 0xC7, 0xBB, 0x00, 0x00, 0x00, 0x00,
0x00, 0x03, 0xA7, 0xDC, 0x14, 0x00, 0x00, 0x00, 0x00, 0x04, 0xA5, 0xDE, 0x1E, 0x00, 0x00, 0x00,
0x00, 0x07, 0xAF, 0xD6, 0x1B, 0x00, 0x00, 0x00, 0x00, 0x0C, 0xBD, 0xEC, 0x54, 0x40, 0x40, 0x40,
0x40, 0x0D, 0x44, 0xFF, 0xFF, 0xFF, 0xFF, 0xFF, 0xFF, 0xFF, 0x23, 0x00, 0x00, 0x18, 0x5D, 0x71,
0x4F, 0x07, 0x00, 0x00, 0x00, 0x7C, 0xF9, 0xD1, 0xBF, 0xF7, 0xD6, 0x16, 0x00, 0x00, 0x70, 0x3A,
0x00, 0x00, 0x2E, 0xFC, 0x86, 0x00, 0x00, 0x00, 0x00, 0x00, 0x00, 0x00, 0xE2, 0x9F, 0x00, 0x00,
0x00, 0x00, 0x00, 0x00, 0x32, 0xFD, 0x55, 0x00, 0x00, 0x00, 0x27, 0x6B, 0x90, 0xDF, 0x73, 0x00,
0x00, 0x00, 0x00, 0x48, 0xC0, 0xD4, 0xE5, 0x93, 0x0F, 0x00, 0x00, 0x00, 0x00, 0x00, 0x00, 0x21,
0xDB, 0xB8, 0x00, 0x00, 0x00, 0x00, 0x00, 0x00, 0x00, 0x6C, 0xFF, 0x10, 0x00, 0x04, 0x00, 0x00,
0x00, 0x00, 0x78, 0xFF, 0x0F, 0x19, 0xE0, 0x65, 0x1B, 0x10, 0x52, 0xEE, 0xAE, 0x00, 0x0E, 0x80,
0xE9, 0xFF, 0xFF, 0xF6, 0x9E, 0x0E, 0x00, 0x00, 0x00, 0x00, 0x1A, 0x21, 0x07, 0x00, 0x00, 0x00,
0x00, 0x00, 0x00, 0x00, 0x00, 0x42, 0x68, 0x00, 0x00, 0x00, 0x00, 0x00, 0x00, 0x22, 0xF4, 0xF8,
0x00, 0x00, 0x00, 0x00, 0x00, 0x01, 0xC1, 0xE6, 0xF8, 0x00, 0x00, 0x00, 0x00, 0x00, 0x70, 0xCB,
0x80, 0xF8, 0x00, 0x00, 0x00, 0x00, 0x25, 0xEF, 0x2B, 0x7C, 0xF8, 0x00, 0x00, 0x00, 0x02, 0xC5,
0x78, 0x00, 0x7C, 0xF8, 0x00, 0x00, 0x00, 0x75, 0xC9, 0x03, 0x00, 0x7C, 0xF8, 0x00, 0x00, 0x29,
0xF0, 0x29, 0x00, 0x00, 0x7C, 0xF8, 0x00, 0x00, 0xAC, 0xEF, 0xC4, 0xC4, 0xC4, 0xE1, 0xFE, 0xC4,
0x73, 0x50, 0x70, 0x70, 0x70, 0x70, 0xB5, 0xFB, 0x70, 0x36, 0x00, 0x00, 0x00, 0x00, 0x00, 0x7C,
0xF8, 0x00, 0x00, 0x00, 0x00, 0x00, 0x00, 0x00, 0x7C, 0xF8, 0x00, 0x00, 0x00, 0x1C, 0x50, 0x50,
0x50, 0x50, 0x50, 0x1C, 0x00, 0x68, 0xFB, 0xEC, 0xEC, 0xEC, 0xEC, 0x40, 0x00, 0x7C, 0xBF, 0x00,
0x00, 0x00, 0x00, 0x00, 0x00, 0x8F, 0xAA, 0x00, 0x00, 0x00, 0x00, 0x00, 0x00, 0xA3, 0x96, 0x00,
0x02, 0x00, 0x00, 0x00, 0x00, 0xB7, 0xEC, 0xEF, 0xFC, 0xD4, 0x65, 0x00, 0x00, 0x61, 0x45, 0x29,
0x37, 0x97, 0xFF, 0x6B, 0x00, 0x00, 0x00, 0x00, 0x00, 0x00, 0xB9, 0xDD, 0x00, 0x00, 0x00, 0x00,
0x00, 0x00, 0x88, 0xF7, 0x00, 0x01, 0x00, 0x00, 0x00, 0x00, 0xB5, 0xD3, 0x29, 0xCF, 0x4E, 0x13,
0x18, 0x7D, 0xFF, 0x62, 0x16, 0x9E, 0xF3, 0xFF, 0xFF, 0xE7, 0x6C, 0x00, 0x00, 0x00, 0x03, 0x1F,
0x1B, 0x02, 0x00, 0x00, 0x00, 0x00, 0x00, 0x16, 0x5B, 0x6E, 0x4D, 0x06, 0x00, 0x00, 0x00, 0x66,
0xF7, 0xD3, 0xBB, 0xE7, 0xC2, 0x00, 0x00, 0x40, 0xFE, 0x63, 0x00, 0x00, 0x04, 0x30, 0x00, 0x00,
0xBE, 0xB3, 0x00, 0x00, 0x00, 0x00, 0x00, 0x00, 0x0C, 0xFA, 0x62, 0x02, 0x2B, 0x30, 0x05, 0x00,
0x00, 0x2B, 0xFF, 0x90, 0xE5, 0xF8, 0xFF, 0xE5, 0x3B, 0x00, 0x3B, 0xFF, 0xC7, 0x36, 0x00, 0x17,
0xC5, 0xE4, 0x03, 0x2F, 0xFF, 0x3C, 0x00, 0x00, 0x00, 0x4C, 0xFF, 0x33, 0x11, 0xFD, 0x5A, 0x00,
0x00, 0x00, 0x37, 0xFF, 0x3F, 0x00, 0xC8, 0xAD, 0x00, 0x00, 0x00, 0x65, 0xFE, 0x1A, 0x00, 0x49,
0xFE, 0x73, 0x0B, 0x34, 0xE3, 0xAE, 0x00, 0x00, 0x00, 0x60, 0xEA, 0xFF, 0xFD, 0xA9, 0x0F, 0x00,
0x00, 0x00, 0x00, 0x03, 0x1D, 0x0E, 0x00, 0x00, 0x00, 0x11, 0x50, 0x50, 0x50, 0x50, 0x50, 0x50,
0x50, 0x12, 0x45, 0xE4, 0xE4, 0xE4, 0xE4, 0xE4, 0xF1, 0xFD, 0x19, 0x00, 0x00, 0x00, 0x00, 0x00,
0x00, 0xB8, 0xB5, 0x00, 0x00, 0x00, 0x00, 0x00, 0x00, 0x26, 0xFE, 0x4A, 0x00, 0x00, 0x00, 0x00,
0x00, 0x00, 0x94, 0xDD, 0x02, 0x00, 0x00, 0x00, 0x00, 0x00, 0x0E, 0xF2, 0x74, 0x00, 0x00, 0x00,
0x00, 0x00, 0x00, 0x70, 0xF6, 0x12, 0x00, 0x00, 0x00, 0x00, 0x00, 0x01, 0xDB, 0x9D, 0x00, 0x00,
0x00, 0x00, 0x00, 0x00, 0x4C, 0xFF, 0x32, 0x00, 0x00, 0x00, 0x00, 0x00, 0x00, 0xBA, 0xC7, 0x00,
0x00, 0x00, 0x00, 0x00, 0x00, 0x28, 0xFE, 0x5C, 0x00, 0x00, 0x00, 0x00, 0x00, 0x00, 0x95, 0xEA,
0x07, 0x00, 0x00, 0x00, 0x00, 0x00, 0x00, 0x0C, 0x56, 0x71, 0x55, 0x0C, 0x00, 0x00, 0x00, 0x2F,
0xE7, 0xE1, 0xAF, 0xDE, 0xE6, 0x2A, 0x00, 0x00, 0xBC, 0xCB, 0x08, 0x00, 0x05, 0xCE, 0xAF, 0x00,
0x00, 0xD9, 0x92, 0x00, 0x00, 0x00, 0x98, 0xC7, 0x00, 0x00, 0x95, 0xE7, 0x22, 0x00, 0x1A, 0xE6,
0x72, 0x00, 0x00, 0x0B, 0xB4, 0xF7, 0xB4, 0xED, 0x87, 0x01, 0x00, 0x00, 0x31, 0xD2, 0xB0, 0x90,
0xE4, 0xE6, 0x3E, 0x00, 0x0E, 0xEC, 0x8C, 0x00, 0x00, 0x0B, 0xB8, 0xED, 0x0D, 0x4E, 0xFF, 0x21,
0x00, 0x00, 0x00, 0x36, 0xFF, 0x3F, 0x4E, 0xFF, 0x2A, 0x00, 0x00, 0x00, 0x3A, 0xFF, 0x31, 0x0B,
0xE7, 0xBD, 0x1E, 0x00, 0x22, 0xC6, 0xCA, 0x00, 0x00, 0x2C, 0xC4, 0xFF, 0xFA, 0xFB, 0xAC, 0x17,
0x00, 0x00, 0x00, 0x00, 0x10, 0x21, 0x0B, 0x00, 0x00, 0x00, 0x00, 0x00, 0x17, 0x61, 0x6B, 0x31,
0x00, 0x00, 0x00, 0x00, 0x4D, 0xF5, 0xD5, 0xC0, 0xFC, 0x94, 0x01, 0x00, 0x0C, 0xF0, 0xA0, 0x00,
0x00, 0x42, 0xFD, 0x58, 0x00, 0x4D, 0xFF, 0x2D, 0x00, 0x00, 0x00, 0xAC, 0xC2, 0x00, 0x61, 0xFF,
0x17, 0x00, 0x00, 0x00, 0x6B, 0xFA, 0x05, 0x44, 0xFF, 0x43, 0x00, 0x00, 0x00, 0x6D, 0xFF, 0x17,
0x05, 0xD9, 0xDB, 0x5B, 0x4C, 0x97, 0xF6, 0xFF, 0x1C, 0x00, 0x1E, 0xAB, 0xE2, 0xD6, 0x8A, 0x76,
0xFF, 0x08, 0x00, 0x00, 0x00, 0x00, 0x00, 0x00, 0x96, 0xD8, 0x00, 0x00, 0x00, 0x00, 0x00, 0x00,
0x10, 0xEB, 0x84, 0x00, 0x00, 0x79, 0x30, 0x08, 0x2C, 0xC2, 0xE0, 0x0E, 0x00, 0x01, 0xA9, 0xFD,
0xFF, 0xFD, 0xB1, 0x1C, 0x00, 0x00, 0x00, 0x00, 0x07, 0x1F, 0x08, 0x00, 0x00, 0x00, 0x00, 0x00,
0x3C, 0x21, 0x0B, 0xFD, 0xBD, 0x00, 0x61, 0x3A, 0x00, 0x00, 0x00, 0x00, 0x00, 0x00, 0x00, 0x00,
0x00, 0x00, 0x00, 0x00, 0x02, 0xA4, 0x6C, 0x09, 0xEE, 0xAA, 0x00, 0x0B, 0x03, 0x00, 0x2E, 0x2E,
0x00, 0xE1, 0xE7, 0x00, 0x4D, 0x50, 0x00, 0x00, 0x00, 0x00, 0x00, 0x00, 0x00, 0x00, 0x00, 0x00,
0x00, 0x00, 0x00, 0x9B, 0xAC, 0x00, 0xCD, 0xB0, 0x0C, 0xF6, 0x5C, 0x5E, 0xD6, 0x03, 0x0E, 0x1B,
0x00, 0x00, 0x00, 0x00, 0x00, 0x00, 0x00, 0x00, 0x0B, 0x26, 0x00, 0x00, 0x00, 0x00, 0x00, 0x0F,
0x7B, 0xEC, 0x6E, 0x00, 0x00, 0x00, 0x13, 0x83, 0xF0, 0xC2, 0x47, 0x00, 0x00, 0x18, 0x8B, 0xF3,
0xB9, 0x3E, 0x00, 0x00, 0x00, 0x2D, 0xF7, 0xC0, 0x34, 0x00, 0x00, 0x00, 0x00, 0x00, 0x15, 0xA8,
0xF4, 0x93, 0x1E, 0x00, 0x00, 0x00, 0x00, 0x00, 0x00, 0x27, 0xA1, 0xF6, 0x9D, 0x25, 0x00, 0x00,
0x00, 0x00, 0x00, 0x00, 0x21, 0x9A, 0xF6, 0xA6, 0x23, 0x00, 0x00, 0x00, 0x00, 0x00, 0x00, 0x1D,
0x93, 0x6F, 0x20, 0x8C, 0x8C, 0x8C, 0x8C, 0x8C, 0x8C, 0x8C, 0x3F, 0x20, 0x8C, 0x8C, 0x8C, 0x8C,
0x8C, 0x8C, 0x8C, 0x3F, 0x00, 0x00, 0x00, 0x00, 0x00, 0x00, 0x00, 0x00, 0x00, 0x00, 0x00, 0x00,
0x00, 0x00, 0x00, 0x00, 0x00, 0x00, 0x38, 0xF0, 0xF0, 0xF0, 0xF0, 0xF0, 0xF0, 0xF0, 0x6C, 0x09,
0x28, 0x28, 0x28, 0x28, 0x28, 0x28, 0x28, 0x12, 0x16, 0x1B, 0x00, 0x00, 0x00, 0x00, 0x00, 0x00,
0x00, 0x34, 0xF7, 0x98, 0x20, 0x00, 0x00, 0x00, 0x00, 0x00, 0x00, 0x2C, 0xA5, 0xF7, 0xA0, 0x26,
0x00, 0x00, 0x00, 0x00, 0x00, 0x00, 0x23, 0x9B, 0xF7, 0xA8, 0x2D, 0x00, 0x00, 0x00, 0x00, 0x00,
0x00, 0x1C, 0x9A, 0xFE, 0x61, 0x00, 0x00, 0x00, 0x00, 0x0C, 0x75, 0xE8, 0xC4, 0x31, 0x00, 0x00,
0x11, 0x7F, 0xED, 0xBE, 0x42, 0x00, 0x00, 0x0E, 0x89, 0xF2, 0xB7, 0x3A, 0x00, 0x00, 0x00, 0x00,
0x3A, 0xB1, 0x34, 0x00, 0x00, 0x00, 0x00, 0x00, 0x00, 0x00, 0x10, 0x50, 0x6E, 0x63, 0x1F, 0x00,
0x00, 0x40, 0xF6, 0xE8, 0xC5, 0xE1, 0xFA, 0x5E, 0x00, 0x0C, 0x46, 0x01, 0x00, 0x02, 0xA6, 0xEC,
0x00, 0x00, 0x00, 0x00, 0x00, 0x00, 0x6E, 0xFF, 0x07, 0x00, 0x00, 0x00, 0x00, 0x22, 0xDC, 0xB5,
0x00, 0x00, 0x00, 0x00, 0x6C, 0xF5, 0xB7, 0x11, 0x00, 0x00, 0x00, 0x5A, 0xF9, 0x5C, 0x00, 0x00,
0x00, 0x00, 0x00, 0x84, 0xBB, 0x00, 0x00, 0x00, 0x00, 0x00, 0x00, 0x34, 0x83, 0x00, 0x00, 0x00,
0x00, 0x00, 0x00, 0x00, 0x00, 0x00, 0x00, 0x00, 0x00, 0x00, 0x00, 0x40, 0xB4, 0x1B, 0x00, 0x00,
0x00, 0x00, 0x00, 0x70, 0xFB, 0x37, 0x00, 0x00, 0x00, 0x00, 0x00, 0x00, 0x0B, 0x00, 0x00, 0x00,
0x00, 0x00, 0x00, 0x00, 0x00, 0x00, 0x28, 0x55, 0x6F, 0x62, 0x3D, 0x02, 0x00, 0x00, 0x00, 0x00,
0x00, 0x00, 0x38, 0xC4, 0xEF, 0xB9, 0x9C, 0xA9, 0xDB, 0xE5, 0x59, 0x00, 0x00, 0x00, 0x00, 0x5B,
0xF5, 0x77, 0x0B, 0x00, 0x00, 0x00, 0x00, 0x4B, 0xE9, 0x71, 0x00, 0x00, 0x29, 0xF6, 0x51, 0x00,
0x00, 0x02, 0x1D, 0x23, 0x05, 0x00, 0x36, 0xF6, 0x22, 0x00, 0xAC, 0xA2, 0x00, 0x00, 0x52, 0xDE,
0xDE, 0xE2, 0xF3, 0x2A, 0x00, 0xAE, 0x84, 0x0E, 0xF8, 0x3A, 0x00, 0x46, 0xF6, 0x4B, 0x00, 0x2F,
0xFC, 0x0A, 0x00, 0x6B, 0xB4, 0x36, 0xF8, 0x01, 0x00, 0xC8, 0x8A, 0x00, 0x00, 0x64, 0xD3, 0x00,
0x00, 0x58, 0xCA, 0x4F, 0xE0, 0x00, 0x04, 0xFD, 0x45, 0x00, 0x00, 0x9B, 0x9F, 0x00, 0x00, 0x77,
0xB7, 0x44, 0xEA, 0x00, 0x06, 0xFE, 0x48, 0x00, 0x0E, 0xEA, 0x78, 0x00, 0x00, 0xBA, 0x79, 0x23,
0xFE, 0x16, 0x00, 0xBD, 0xCB, 0x68, 0xC7, 0xC0, 0xD2, 0x64, 0x9D, 0xE4, 0x13, 0x00, 0xD1, 0x74,
0x00, 0x16, 0x8F, 0xA4, 0x4A, 0x02, 0x6E, 0xA8, 0x8B, 0x1D, 0x00, 0x00, 0x50, 0xF4, 0x33, 0x00,
0x00, 0x00, 0x00, 0x00, 0x00, 0x00, 0x00, 0x00, 0x00, 0x00, 0x00, 0x75, 0xF4, 0x83, 0x28, 0x03,
0x00, 0x07, 0x37, 0x1F, 0x00, 0x00, 0x00, 0x00, 0x00, 0x00, 0x34, 0x9E, 0xE7, 0xFB, 0xF2, 0xF7,
0xC8, 0x43, 0x00, 0x00, 0x00, 0x00, 0x00, 0x00, 0x00, 0x00, 0x00, 0x04, 0x0C, 0x00, 0x00, 0x00,
0x00, 0x00, 0x00, 0x00, 0x00, 0x00, 0x00, 0x2B, 0x49, 0x00, 0x00, 0x00, 0x00, 0x00, 0x00, 0x00,
0x00, 0x00, 0xCF, 0xFF, 0x30, 0x00, 0x00, 0x00, 0x00, 0x00, 0x00, 0x00, 0x36, 0xFE, 0xDA, 0x99,
0x00, 0x00, 0x00, 0x00, 0x00, 0x00, 0x00, 0x9D, 0xC6, 0x68, 0xF3, 0x0E, 0x00, 0x00, 0x00, 0x00,
0x00, 0x0E, 0xF4, 0x68, 0x0F, 0xF6, 0x6A, 0x00, 0x00, 0x00, 0x00, 0x00, 0x6A, 0xF6, 0x0F, 0x00,
0xA3, 0xD3, 0x00, 0x00, 0x00, 0x00, 0x00, 0xD0, 0xA2, 0x00, 0x00, 0x3F, 0xFF, 0x3C, 0x00, 0x00,
0x00, 0x37, 0xFF, 0xAC, 0x80, 0x80, 0x80, 0xF9, 0xA4, 0x00, 0x00, 0x00, 0x9D, 0xEC, 0xB4, 0xB4,
0xB4, 0xB4, 0xCD, 0xF8, 0x14, 0x00, 0x0E, 0xF5, 0x7E, 0x00, 0x00, 0x00, 0x00, 0x18, 0xFB, 0x76,
0x00, 0x6A, 0xFE, 0x1F, 0x00, 0x00, 0x00, 0x00, 0x00, 0xAF, 0xDC, 0x01, 0xD0, 0xBC, 0x00, 0x00,
0x00, 0x00, 0x00, 0x00, 0x4A, 0xFF, 0x47, 0x24, 0x50, 0x50, 0x4E, 0x37, 0x0D, 0x00, 0x00, 0x74,
0xFF, 0xD8, 0xDB, 0xF5, 0xF0, 0x5D, 0x00, 0x74, 0xFF, 0x00, 0x00, 0x09, 0xA6, 0xF9, 0x0A, 0x74,
0xFF, 0x00, 0x00, 0x00, 0x52, 0xFF, 0x23, 0x74, 0xFF, 0x00, 0x00, 0x05, 0xB3, 0xD9, 0x03, 0x74,
0xFF, 0x98, 0x9C, 0xD5, 0xC6, 0x23, 0x00, 0x74, 0xFF, 0x90, 0x93, 0xAF, 0xF3, 0x9B, 0x07, 0x74,
0xFF, 0x00, 0x00, 0x00, 0x24, 0xF0, 0x80, 0x74, 0xFF, 0x00, 0x00, 0x00, 0x00, 0xAF, 0xC9, 0x74,
0xFF, 0x00, 0x00, 0x00, 0x00, 0xCC, 0xB9, 0x74, 0xFF, 0x2C, 0x2C, 0x42, 0xA0, 0xFE, 0x4D, 0x74,
0xFF, 0xFF, 0xFF, 0xF3, 0xC3, 0x4C, 0x00, 0x00, 0x00, 0x00, 0x00, 0x3A, 0x65, 0x69, 0x47, 0x0A,
0x00, 0x00, 0x00, 0x29, 0xD1, 0xFD, 0xD8, 0xD1, 0xF4, 0xF1, 0x2C, 0x00, 0x1B, 0xEE, 0xC8, 0x23,
0x00, 0x00, 0x07, 0x56, 0x02, 0x00, 0xA2, 0xEE, 0x13, 0x00, 0x00, 0x00, 0x00, 0x00, 0x00, 0x06,
0xF2, 0x95, 0x00, 0x00, 0x00, 0x00, 0x00, 0x00, 0x00, 0x25, 0xFF, 0x62, 0x00, 0x00, 0x00, 0x00,
0x00, 0x00, 0x00, 0x36, 0xFF, 0x55, 0x00, 0x00, 0x00, 0x00, 0x00, 0x00, 0x00, 0x23, 0xFF, 0x6B,
0x00, 0x00, 0x00, 0x00, 0x00, 0x00, 0x00, 0x04, 0xEE, 0xAC, 0x00, 0x00, 0x00, 0x00, 0x00, 0x00,
0x00, 0x00, 0x93, 0xFD, 0x3B, 0x00, 0x00, 0x00, 0x00, 0x00, 0x00, 0x00, 0x0E, 0xD6, 0xF3, 0x78,
0x2C, 0x1C, 0x3A, 0x86, 0x35, 0x00, 0x00, 0x0D, 0x8F, 0xEC, 0xFF, 0xFF, 0xFD, 0xC5, 0x3B, 0x00,
0x00, 0x00, 0x00, 0x01, 0x15, 0x1E, 0x04, 0x00, 0x00, 0x24, 0x50, 0x50, 0x4F, 0x43, 0x29, 0x01,
0x00, 0x00, 0x00, 0x74, 0xFF, 0xE4, 0xE4, 0xF0, 0xFF, 0xE5, 0x75, 0x04, 0x00, 0x74, 0xFF, 0x04,
0x00, 0x00, 0x1A, 0x7F, 0xFA, 0xA8, 0x00, 0x74, 0xFF, 0x04, 0x00, 0x00, 0x00, 0x00, 0x65, 0xFF,
0x4E, 0x74, 0xFF, 0x04, 0x00, 0x00, 0x00, 0x00, 0x02, 0xEA, 0xA7, 0x74, 0xFF, 0x04, 0x00, 0x00,
0x00, 0x00, 0x00, 0xBE, 0xCA, 0x74, 0xFF, 0x04, 0x00, 0x00, 0x00, 0x00, 0x00, 0xBF, 0xC9, 0x74,
0xFF, 0x04, 0x00, 0x00, 0x00, 0x00, 0x00, 0xE3, 0xA8, 0x74, 0xFF, 0x04, 0x00, 0x00, 0x00, 0x00,
0x3F, 0xFF, 0x56, 0x74, 0xFF, 0x04, 0x00, 0x00, 0x00, 0x1A, 0xD8, 0xCD, 0x05, 0x74, 0xFF, 0x3B,
0x38, 0x4D, 0x85, 0xEB, 0xD5, 0x21, 0x00, 0x74, 0xFF, 0xFF, 0xFF, 0xEE, 0xCA, 0x72, 0x0B, 0x00,
0x00, 0x24, 0x50, 0x50, 0x50, 0x50, 0x50, 0x4D, 0x00, 0x74, 0xFF, 0xF0, 0xF0, 0xF0, 0xF0, 0xD1,
0x00, 0x74, 0xFF, 0x04, 0x00, 0x00, 0x00, 0x00, 0x00, 0x74, 0xFF, 0x04, 0x00, 0x00, 0x00, 0x00,
0x00, 0x74, 0xFF, 0x04, 0x00, 0x00, 0x00, 0x00, 0x00, 0x74, 0xFF, 0x76, 0x74, 0x74, 0x74, 0x3F,
0x00, 0x74, 0xFF, 0xC1, 0xC0, 0xC0, 0xC0, 0x69, 0x00, 0x74, 0xFF, 0x04, 0x00, 0x00, 0x00, 0x00,
0x00, 0x74, 0xFF, 0x04, 0x00, 0x00, 0x00, 0x00, 0x00, 0x74, 0xFF, 0x04, 0x00, 0x00, 0x00, 0x00,
0x00, 0x74, 0xFF, 0x4A, 0x48, 0x48, 0x48, 0x48, 0x01, 0x74, 0xFF, 0xFF, 0xFF, 0xFF, 0xFF, 0xF1,
0x00, 0x24, 0x50, 0x50, 0x50, 0x50, 0x50, 0x4C, 0x74, 0xFF, 0xF0, 0xF0, 0xF0, 0xF0, 0xD2, 0x74,
0xFF, 0x04, 0x00, 0x00, 0x00, 0x00, 0x74, 0xFF, 0x04, 0x00, 0x00, 0x00, 0x00, 0x74, 0xFF, 0x04,
0x00, 0x00, 0x00, 0x00, 0x74, 0xFF, 0x76, 0x74, 0x74, 0x74, 0x3B, 0x74, 0xFF, 0xC1, 0xC0, 0xC0,
0xC0, 0x63, 0x74, 0xFF, 0x04, 0x00, 0x00, 0x00, 0x00, 0x74, 0xFF, 0x04, 0x00, 0x00, 0x00, 0x00,
0x74, 0xFF, 0x04, 0x00, 0x00, 0x00, 0x00, 0x74, 0xFF, 0x04, 0x00, 0x00, 0x00, 0x00, 0x74, 0xFF,
0x04, 0x00, 0x00, 0x00, 0x00, 0x00, 0x00, 0x00, 0x00, 0x22, 0x5B, 0x70, 0x57, 0x29, 0x00, 0x00,
0x00, 0x00, 0x18, 0xB3, 0xFE, 0xE7, 0xCC, 0xE4, 0xFF, 0xB9, 0x00, 0x00, 0x10, 0xDD, 0xE3, 0x45,
0x00, 0x00, 0x00, 0x25, 0x48, 0x00, 0x00, 0x93, 0xF7, 0x29, 0x00, 0x00, 0x00, 0x00, 0x00, 0x00,
0x00, 0x05, 0xEF, 0xA3, 0x00, 0x00, 0x00, 0x00, 0x00, 0x00, 0x00, 0x00, 0x22, 0xFF, 0x66, 0x00,
0x00, 0x00, 0x00, 0x00, 0x00, 0x00, 0x00, 0x35, 0xFF, 0x55, 0x00, 0x00, 0x00, 0x58, 0x58, 0x58,
0x58, 0x16, 0x21, 0xFF, 0x69, 0x00, 0x00, 0x00, 0xE0, 0xE0, 0xE5, 0xFF, 0x40, 0x03, 0xE8, 0xA9,
0x00, 0x00, 0x00, 0x00, 0x00, 0x2C, 0xFF, 0x40, 0x00, 0x86, 0xFC, 0x37, 0x00, 0x00, 0x00, 0x00,
0x2C, 0xFF, 0x40, 0x00, 0x08, 0xCB, 0xF1, 0x72, 0x27, 0x17, 0x31, 0x84, 0xFF, 0x40, 0x00, 0x00,
0x09, 0x88, 0xE9, 0xFF, 0xFF, 0xFD, 0xD4, 0x7C, 0x10, 0x00, 0x00, 0x00, 0x00, 0x00, 0x14, 0x1E,
0x04, 0x00, 0x00, 0x00, 0x24, 0x50, 0x01, 0x00, 0x00, 0x00, 0x00, 0x00, 0x47, 0x2D, 0x74, 0xFF,
0x04, 0x00, 0x00, 0x00, 0x00, 0x00, 0xE4, 0x90, 0x74, 0xFF, 0x04, 0x00, 0x00, 0x00, 0x00, 0x00,
0xE4, 0x90, 0x74, 0xFF, 0x04, 0x00, 0x00, 0x00, 0x00, 0x00, 0xE4, 0x90, 0x74, 0xFF, 0x04, 0x00,
0x00, 0x00, 0x00, 0x00, 0xE4, 0x90, 0x74, 0xFF, 0x82, 0x80, 0x80, 0x80, 0x80, 0x80, 0xF2, 0x90,
0x74, 0xFF, 0xBD, 0xBC, 0xBC, 0xBC, 0xBC, 0xBC, 0xF8, 0x90, 0x74, 0xFF, 0x04, 0x00, 0x00, 0x00,
0x00, 0x00, 0xE4, 0x90, 0x74, 0xFF, 0x04, 0x00, 0x00, 0x00, 0x00, 0x00, 0xE4, 0x90, 0x74, 0xFF,
0x04, 0x00, 0x00, 0x00, 0x00, 0x00, 0xE4, 0x90, 0x74, 0xFF, 0x04, 0x00, 0x00, 0x00, 0x00, 0x00,
0xE4, 0x90, 0x74, 0xFF, 0x04, 0x00, 0x00, 0x00, 0x00, 0x00, 0xE4, 0x90, 0x24, 0x50, 0x01, 0x74,
0xFF, 0x04, 0x74, 0xFF, 0x04, 0x74, 0xFF, 0x04, 0x74, 0xFF, 0x04, 0x74, 0xFF, 0x04, 0x74, 0xFF,
0x04, 0x74, 0xFF, 0x04, 0x74, 0xFF, 0x04, 0x74, 0xFF, 0x04, 0x74, 0xFF, 0x04, 0x74, 0xFF, 0x04,
0x00, 0x00, 0x25, 0x4E, 0x00, 0x00, 0x78, 0xFC, 0x00, 0x00, 0x78, 0xFC, 0x00, 0x00, 0x78, 0xFC,
0x00, 0x00, 0x78, 0xFC, 0x00, 0x00, 0x78, 0xFC, 0x00, 0x00, 0x78, 0xFC, 0x00, 0x00, 0x78, 0xFC,
0x00, 0x00, 0x7B, 0xF4, 0x00, 0x00, 0x97, 0xDA, 0x20, 0x45, 0xEE, 0x90, 0xDF, 0xFD, 0xBA, 0x13,
0x0B, 0x09, 0x00, 0x00, 0x24, 0x50, 0x01, 0x00, 0x00, 0x00, 0x1F, 0x50, 0x17, 0x74, 0xFF, 0x04,
0x00, 0x00, 0x0E, 0xD9, 0xBE, 0x04, 0x74, 0xFF, 0x04, 0x00, 0x01, 0xB0, 0xDF, 0x14, 0x00, 0x74,
0xFF, 0x04, 0x00, 0x7B, 0xF4, 0x2F, 0x00, 0x00, 0x74, 0xFF, 0x04, 0x47, 0xFC, 0x55, 0x00, 0x00,
0x00, 0x74, 0xFF, 0x24, 0xED, 0x94, 0x00, 0x00, 0x00, 0x00, 0x74, 0xFF, 0xD4, 0xF1, 0xD9, 0x0A,
0x00, 0x00, 0x00, 0x74, 0xFF, 0xA9, 0x22, 0xF1, 0x98, 0x00, 0x00, 0x00, 0x74, 0xFF, 0x08, 0x00,
0x61, 0xFF, 0x4D, 0x00, 0x00, 0x74, 0xFF, 0x04, 0x00, 0x00, 0xB0, 0xEA, 0x17, 0x00, 0x74, 0xFF,
0x04, 0x00, 0x00, 0x16, 0xEA, 0xB4, 0x00, 0x74, 0xFF, 0x04, 0x00, 0x00, 0x00, 0x50, 0xFF, 0x69,
0x24, 0x50, 0x01, 0x00, 0x00, 0x00, 0x00, 0x74, 0xFF, 0x04, 0x00, 0x00, 0x00, 0x00, 0x74, 0xFF,
0x04, 0x00, 0x00, 0x00, 0x00, 0x74, 0xFF, 0x04, 0x00, 0x00, 0x00, 0x00, 0x74, 0xFF, 0x04, 0x00,
0x00, 0x00, 0x00, 0x74, 0xFF, 0x04, 0x00, 0x00, 0x00, 0x00, 0x74, 0xFF, 0x04, 0x00, 0x00, 0x00,
0x00, 0x74, 0xFF, 0x04, 0x00, 0x00, 0x00, 0x00, 0x74, 0xFF, 0x04, 0x00, 0x00, 0x00, 0x00, 0x74,
0xFF, 0x04, 0x00, 0x00, 0x00, 0x00, 0x74, 0xFF, 0x52, 0x50, 0x50, 0x50, 0x48, 0x74, 0xFF, 0xFF,
0xFF, 0xFF, 0xFF, 0xD3, 0x24, 0x50, 0x2B, 0x00, 0x00, 0x00, 0x00, 0x00, 0x00, 0x00, 0x34, 0x50,
0x17, 0x74, 0xFF, 0xD2, 0x00, 0x00, 0x00, 0x00, 0x00, 0x00, 0x07, 0xEA, 0xFF, 0x4C, 0x74, 0xF0,
0xFE, 0x3F, 0x00, 0x00, 0x00, 0x00, 0x00, 0x5F, 0xEC, 0xFF, 0x4C, 0x74, 0xDF, 0xC4, 0xAA, 0x00,
0x00, 0x00, 0x00, 0x00, 0xCC, 0x9C, 0xFF, 0x4C, 0x74, 0xE4, 0x61, 0xFB, 0x1A, 0x00, 0x00, 0x00,
0x3B, 0xFE, 0x46, 0xFF, 0x4C, 0x74, 0xE7, 0x09, 0xED, 0x82, 0x00, 0x00, 0x00, 0xA8, 0xB4, 0x28,
0xFF, 0x4C, 0x74, 0xE8, 0x00, 0x8C, 0xE7, 0x05, 0x00, 0x1A, 0xFA, 0x46, 0x28, 0xFF, 0x4C, 0x74,
0xE8, 0x00, 0x23, 0xFD, 0x59, 0x00, 0x83, 0xD7, 0x01, 0x28, 0xFF, 0x4C, 0x74, 0xE8, 0x00, 0x00,
0xB5, 0xC0, 0x05, 0xE8, 0x6A, 0x00, 0x28, 0xFF, 0x4C, 0x74, 0xE8, 0x00, 0x00, 0x4A, 0xFF, 0x71,
0xF0, 0x0C, 0x00, 0x28, 0xFF, 0x4C, 0x74, 0xE8, 0x00, 0x00, 0x02, 0xDC, 0xF6, 0x8E, 0x00, 0x00,
0x28, 0xFF, 0x4C, 0x74, 0xE8, 0x00, 0x00, 0x00, 0x73, 0xFD, 0x22, 0x00, 0x00, 0x28, 0xFF, 0x4C,
0x00, 0x00, 0x00, 0x00, 0x00, 0x00, 0x03, 0x00, 0x00, 0x00, 0x00, 0x00, 0x00, 0x24, 0x50, 0x19,
0x00, 0x00, 0x00, 0x00, 0x00, 0x39, 0x37, 0x74, 0xFF, 0xBF, 0x01, 0x00, 0x00, 0x00, 0x00, 0xB8,
0xB0, 0x74, 0xF3, 0xFB, 0x69, 0x00, 0x00, 0x00, 0x00, 0xB8, 0xB0, 0x74, 0xE3, 0x86, 0xF2, 0x1E,
0x00, 0x00, 0x00, 0xB8, 0xB0, 0x74, 0xEB, 0x07, 0xD5, 0xB9, 0x00, 0x00, 0x00, 0xB8, 0xB0, 0x74,
0xEF, 0x00, 0x37, 0xFD, 0x62, 0x00, 0x00, 0xB8, 0xB0, 0x74, 0xF0, 0x00, 0x00, 0x8D, 0xF0, 0x1A,
0x00, 0xB8, 0xB0, 0x74, 0xF0, 0x00, 0x00, 0x09, 0xDB, 0xB3, 0x00, 0xB7, 0xB0, 0x74, 0xF0, 0x00,
0x00, 0x00, 0x3E, 0xFE, 0x5C, 0xB1, 0xB0, 0x74, 0xF0, 0x00, 0x00, 0x00, 0x00, 0x95, 0xED, 0xC0,
0xB0, 0x74, 0xF0, 0x00, 0x00, 0x00, 0x00, 0x0C, 0xE0, 0xFF, 0xB0, 0x74, 0xF0, 0x00, 0x00, 0x00,
0x00, 0x00, 0x45, 0xFF, 0xB0, 0x00, 0x00, 0x00, 0x00, 0x28, 0x5C, 0x70, 0x59, 0x1B, 0x00, 0x00,
0x00, 0x00, 0x00, 0x1B, 0xBB, 0xFF, 0xDD, 0xC8, 0xE9, 0xFC, 0x9B, 0x08, 0x00, 0x00, 0x12, 0xE3,
0xDB, 0x34, 0x00, 0x00, 0x02, 0x5B, 0xF7, 0xAD, 0x00, 0x00, 0x97, 0xF6, 0x20, 0x00, 0x00, 0x00,
0x00, 0x00, 0x6B, 0xFF, 0x42, 0x05, 0xEF, 0x9E, 0x00, 0x00, 0x00, 0x00, 0x00, 0x00, 0x09, 0xF7,
0x98, 0x23, 0xFF, 0x63, 0x00, 0x00, 0x00, 0x00, 0x00, 0x00, 0x00, 0xCD, 0xBE, 0x35, 0xFF, 0x55,
0x00, 0x00, 0x00, 0x00, 0x00, 0x00, 0x00, 0xC2, 0xC7, 0x22, 0xFF, 0x6E, 0x00, 0x00, 0x00, 0x00,
0x00, 0x00, 0x00, 0xDB, 0xAD, 0x03, 0xE8, 0xB3, 0x00, 0x00, 0x00, 0x00, 0x00, 0x00, 0x22, 0xFF,
0x6D, 0x00, 0x87, 0xFE, 0x43, 0x00, 0x00, 0x00, 0x00, 0x02, 0xB0, 0xEC, 0x14, 0x00, 0x09, 0xCB,
0xF5, 0x78, 0x28, 0x19, 0x43, 0xBB, 0xF7, 0x4B, 0x00, 0x00, 0x00, 0x0A, 0x8A, 0xEB, 0xFF, 0xFF,
0xFA, 0xB0, 0x30, 0x00, 0x00, 0x00, 0x00, 0x00, 0x00, 0x00, 0x16, 0x1D, 0x04, 0x00, 0x00, 0x00,
0x00, 0x24, 0x50, 0x50, 0x4A, 0x2E, 0x08, 0x00, 0x00, 0x74, 0xFF, 0xDC, 0xE1, 0xFA, 0xEB, 0x6C,
0x00, 0x74, 0xFF, 0x04, 0x00, 0x09, 0x87, 0xFF, 0x48, 0x74, 0xFF, 0x04, 0x00, 0x00, 0x00, 0xF0,
0x92, 0x74, 0xFF, 0x04, 0x00, 0x00, 0x00, 0xEC, 0x8F, 0x74, 0xFF, 0x04, 0x00, 0x00, 0x56, 0xFF,
0x4C, 0x74, 0xFF, 0x93, 0x85, 0xB1, 0xFE, 0xA0, 0x00, 0x74, 0xFF, 0x95, 0xAC, 0x99, 0x4C, 0x00,
0x00, 0x74, 0xFF, 0x04, 0x00, 0x00, 0x00, 0x00, 0x00, 0x74, 0xFF, 0x04, 0x00, 0x00, 0x00, 0x00,
0x00, 0x74, 0xFF, 0x04, 0x00, 0x00, 0x00, 0x00, 0x00, 0x74, 0xFF, 0x04, 0x00, 0x00, 0x00, 0x00,
0x00, 0x00, 0x00, 0x00, 0x00, 0x2C, 0x60, 0x74, 0x5C, 0x1D, 0x00, 0x00, 0x00, 0x00, 0x00, 0x00,
0x1C, 0xBE, 0xFF, 0xDD, 0xC8, 0xE8, 0xFC, 0x9E, 0x09, 0x00, 0x00, 0x00, 0x11, 0xE2, 0xDA, 0x34,
0x00, 0x00, 0x01, 0x5B, 0xF7, 0xB1, 0x00, 0x00, 0x00, 0x97, 0xF5, 0x1F, 0x00, 0x00, 0x00, 0x00,
0x00, 0x6B, 0xFF, 0x45, 0x00, 0x05, 0xEF, 0x9E, 0x00, 0x00, 0x00, 0x00, 0x00, 0x00, 0x09, 0xF7,
0x99, 0x00, 0x24, 0xFF, 0x64, 0x00, 0x00, 0x00, 0x00, 0x00, 0x00, 0x00, 0xCD, 0xBD, 0x00, 0x35,
0xFF, 0x55, 0x00, 0x00, 0x00, 0x00, 0x00, 0x00, 0x00, 0xC3, 0xC8, 0x00, 0x21, 0xFF, 0x6E, 0x00,
0x00, 0x00, 0x00, 0x00, 0x00, 0x00, 0xDC, 0xAF, 0x00, 0x02, 0xE7, 0xB5, 0x00, 0x00, 0x00, 0x00,
0x00, 0x00, 0x24, 0xFF, 0x70, 0x00, 0x00, 0x84, 0xFF, 0x43, 0x00, 0x00, 0x00, 0x00, 0x02, 0xB0,
0xEF, 0x11, 0x00, 0x00, 0x08, 0xCA, 0xF5, 0x74, 0x24, 0x15, 0x3E, 0xB8, 0xF7, 0x49, 0x00, 0x00,
0x00, 0x00, 0x09, 0x89, 0xED, 0xFF, 0xFF, 0xFF, 0xCB, 0x2F, 0x00, 0x00, 0x00, 0x00, 0x00, 0x00,
0x00, 0x01, 0x18, 0x2D, 0xB5, 0xFE, 0xB7, 0x53, 0x0E, 0x00, 0x00, 0x00, 0x00, 0x00, 0x00, 0x00,
0x00, 0x00, 0x41, 0xBE, 0xFF, 0xF9, 0x27, 0x00, 0x00, 0x00, 0x00, 0x00, 0x00, 0x00, 0x00, 0x00,
0x00, 0x28, 0x59, 0x00, 0x24, 0x50, 0x50, 0x4F, 0x3B, 0x14, 0x00, 0x00, 0x00, 0x74, 0xFF, 0xDC,
0xDD, 0xF4, 0xF9, 0x8A, 0x00, 0x00, 0x74, 0xFF, 0x04, 0x00, 0x03, 0x77, 0xFF, 0x52, 0x00, 0x74,
0xFF, 0x04, 0x00, 0x00, 0x03, 0xFA, 0x88, 0x00, 0x74, 0xFF, 0x04, 0x00, 0x00, 0x17, 0xFF, 0x70,
0x00, 0x74, 0xFF, 0x04, 0x00, 0x0F, 0xB2, 0xDF, 0x12, 0x00, 0x74, 0xFF, 0xCC, 0xD1, 0xF6, 0xC3,
0x26, 0x00, 0x00, 0x74, 0xFF, 0x62, 0x70, 0xFC, 0x72, 0x00, 0x00, 0x00, 0x74, 0xFF, 0x04, 0x00,
0x86, 0xF8, 0x2F, 0x00, 0x00, 0x74, 0xFF, 0x04, 0x00, 0x05, 0xCF, 0xD5, 0x08, 0x00, 0x74, 0xFF,
0x04, 0x00, 0x00, 0x2C, 0xF8, 0x93, 0x00, 0x74, 0xFF, 0x04, 0x00, 0x00, 0x00, 0x74, 0xFF, 0x49,
0x00, 0x00, 0x12, 0x59, 0x71, 0x5A, 0x2A, 0x00, 0x00, 0x43, 0xF0, 0xEA, 0xC8, 0xE1, 0xFF, 0x57,
0x00, 0xDF, 0xB2, 0x05, 0x00, 0x00, 0x2A, 0x15, 0x0B, 0xFF, 0x6B, 0x00, 0x00, 0x00, 0x00, 0x00,
0x00, 0xDF, 0xD3, 0x1B, 0x00, 0x00, 0x00, 0x00, 0x00, 0x35, 0xEE, 0xF1, 0x85, 0x17, 0x00, 0x00,
0x00, 0x00, 0x19, 0x90, 0xF4, 0xF7, 0x79, 0x00, 0x00, 0x00, 0x00, 0x00, 0x11, 0x9A, 0xFF, 0x70,
0x00, 0x00, 0x00, 0x00, 0x00, 0x00, 0xBE, 0xCA, 0x00, 0x00, 0x00, 0x00, 0x00, 0x00, 0xB9, 0xC4,
0x06, 0xAA, 0x58, 0x26, 0x22, 0x76, 0xFD, 0x6C, 0x19, 0xAA, 0xF5, 0xFF, 0xFF, 0xEF, 0x80, 0x01,
0x00, 0x00, 0x01, 0x18, 0x1E, 0x04, 0x00, 0x00, 0x31, 0x50, 0x50, 0x50, 0x50, 0x50, 0x50, 0x50,
0x3F, 0xA8, 0xF0, 0xF0, 0xF3, 0xFF, 0xF4, 0xF0, 0xF0, 0xA8, 0x00, 0x00, 0x00, 0x38, 0xFF, 0x40,
0x00, 0x00, 0x00, 0x00, 0x00, 0x00, 0x38, 0xFF, 0x40, 0x00, 0x00, 0x00, 0x00, 0x00, 0x00, 0x38,
0xFF, 0x40, 0x00, 0x00, 0x00, 0x00, 0x00, 0x00, 0x38, 0xFF, 0x40, 0x00, 0x00, 0x00, 0x00, 0x00,
0x00, 0x38, 0xFF, 0x40, 0x00, 0x00, 0x00, 0x00, 0x00, 0x00, 0x38, 0xFF, 0x40, 0x00, 0x00, 0x00,
0x00, 0x00, 0x00, 0x38, 0xFF, 0x40, 0x00, 0x00, 0x00, 0x00, 0x00, 0x00, 0x38, 0xFF, 0x40, 0x00,
0x00, 0x00, 0x00, 0x00, 0x00, 0x38, 0xFF, 0x40, 0x00, 0x00, 0x00, 0x00, 0x00, 0x00, 0x38, 0xFF,
0x40, 0x00, 0x00, 0x00, 0x2D, 0x47, 0x00, 0x00, 0x00, 0x00, 0x00, 0x0F, 0x50, 0x15, 0x90, 0xE4,
0x00, 0x00, 0x00, 0x00, 0x00, 0x30, 0xFF, 0x44, 0x90, 0xE4, 0x00, 0x00, 0x00, 0x00, 0x00, 0x30,
0xFF, 0x44, 0x90, 0xE4, 0x00, 0x00, 0x00, 0x00, 0x00, 0x30, 0xFF, 0x44, 0x90, 0xE4, 0x00, 0x00,
0x00, 0x00, 0x00, 0x30, 0xFF, 0x44, 0x90, 0xE4, 0x00, 0x00, 0x00, 0x00, 0x00, 0x30, 0xFF, 0x44,
0x90, 0xE4, 0x00, 0x00, 0x00, 0x00, 0x00, 0x30, 0xFF, 0x44, 0x90, 0xE4, 0x00, 0x00, 0x00, 0x00,
0x00, 0x30, 0xFF, 0x44, 0x84, 0xF9, 0x02, 0x00, 0x00, 0x00, 0x00, 0x49, 0xFF, 0x38, 0x56, 0xFF,
0x48, 0x00, 0x00, 0x00, 0x00, 0x93, 0xF8, 0x10, 0x07, 0xD1, 0xE8, 0x61, 0x26, 0x2F, 0x81, 0xFB,
0x8D, 0x00, 0x00, 0x16, 0xA3, 0xF7, 0xFF, 0xFF, 0xEA, 0x7D, 0x03, 0x00, 0x00, 0x00, 0x00, 0x08,
0x22, 0x1D, 0x03, 0x00, 0x00, 0x00, 0x4C, 0x35, 0x00, 0x00, 0x00, 0x00, 0x00, 0x00, 0x20, 0x50,
0x07, 0xB4, 0xE5, 0x03, 0x00, 0x00, 0x00, 0x00, 0x00, 0xA5, 0xD7, 0x00, 0x51, 0xFF, 0x48, 0x00,
0x00, 0x00, 0x00, 0x0E, 0xF6, 0x74, 0x00, 0x05, 0xE9, 0xA8, 0x00, 0x00, 0x00, 0x00, 0x63, 0xFB,
0x17, 0x00, 0x00, 0x8C, 0xF7, 0x10, 0x00, 0x00, 0x00, 0xC2, 0xAF, 0x00, 0x00, 0x00, 0x29, 0xFF,
0x67, 0x00, 0x00, 0x22, 0xFE, 0x4C, 0x00, 0x00, 0x00, 0x00, 0xC7, 0xC6, 0x00, 0x00, 0x80, 0xE6,
0x03, 0x00, 0x00, 0x00, 0x00, 0x64, 0xFF, 0x26, 0x01, 0xDE, 0x87, 0x00, 0x00, 0x00, 0x00, 0x00,
0x0D, 0xF4, 0x86, 0x3F, 0xFF, 0x25, 0x00, 0x00, 0x00, 0x00, 0x00, 0x00, 0x9F, 0xDE, 0x98, 0xC2,
0x00, 0x00, 0x00, 0x00, 0x00, 0x00, 0x00, 0x3C, 0xFF, 0xF5, 0x5F, 0x00, 0x00, 0x00, 0x00, 0x00,
0x00, 0x00, 0x00, 0xD8, 0xF2, 0x0A, 0x00, 0x00, 0x00, 0x00, 0x36, 0x45, 0x00, 0x00, 0x00, 0x00,
0x05, 0x50, 0x2B, 0x00, 0x00, 0x00, 0x00, 0x18, 0x50, 0x0F, 0x7D, 0xFC, 0x0F, 0x00, 0x00, 0x00,
0x41, 0xFF, 0xBF, 0x00, 0x00, 0x00, 0x00, 0x7C, 0xF7, 0x09, 0x34, 0xFF, 0x52, 0x00, 0x00, 0x00,
0x8D, 0xE7, 0xFB, 0x11, 0x00, 0x00, 0x00, 0xC1, 0xB8, 0x00, 0x01, 0xE9, 0x98, 0x00, 0x00, 0x00,
0xD8, 0x79, 0xF6, 0x5B, 0x00, 0x00, 0x0B, 0xFA, 0x6F, 0x00, 0x00, 0xA2, 0xDE, 0x00, 0x00, 0x23,
0xFF, 0x2F, 0xB8, 0xA9, 0x00, 0x00, 0x4B, 0xFF, 0x27, 0x00, 0x00, 0x5A, 0xFF, 0x24, 0x00, 0x6F,
0xE8, 0x01, 0x6E, 0xF1, 0x05, 0x00, 0x90, 0xDE, 0x00, 0x00, 0x00, 0x13, 0xFD, 0x6A, 0x00, 0xBA,
0x9E, 0x00, 0x22, 0xFF, 0x45, 0x00, 0xD5, 0x96, 0x00, 0x00, 0x00, 0x00, 0xC8, 0xB0, 0x0B, 0xF9,
0x53, 0x00, 0x00, 0xD5, 0x93, 0x19, 0xFF, 0x4D, 0x00, 0x00, 0x00, 0x00, 0x7F, 0xEF, 0x4C, 0xFA,
0x0D, 0x00, 0x00, 0x89, 0xDC, 0x5E, 0xF9, 0x0B, 0x00, 0x00, 0x00, 0x00, 0x36, 0xFF, 0xB7, 0xBC,
0x00, 0x00, 0x00, 0x3C, 0xFF, 0xB8, 0xBC, 0x00, 0x00, 0x00, 0x00, 0x00, 0x02, 0xEB, 0xFE, 0x70,
0x00, 0x00, 0x00, 0x03, 0xEC, 0xFE, 0x74, 0x00, 0x00, 0x00, 0x00, 0x00, 0x00, 0xA4, 0xFF, 0x25,
0x00, 0x00, 0x00, 0x00, 0xA2, 0xFF, 0x2C, 0x00, 0x00, 0x00, 0x31, 0x4F, 0x06, 0x00, 0x00, 0x00,
0x00, 0x3B, 0x46, 0x00, 0x36, 0xFD, 0x78, 0x00, 0x00, 0x00, 0x2C, 0xFA, 0x77, 0x00, 0x00, 0x91,
0xF4, 0x1D, 0x00, 0x01, 0xC6, 0xCF, 0x04, 0x00, 0x00, 0x0C, 0xE2, 0xAB, 0x00, 0x69, 0xFC, 0x34,
0x00, 0x00, 0x00, 0x00, 0x4C, 0xFF, 0x5E, 0xF0, 0x8D, 0x00, 0x00, 0x00, 0x00, 0x00, 0x00, 0xA9,
0xFF, 0xDF, 0x0B, 0x00, 0x00, 0x00, 0x00, 0x00, 0x00, 0x6B, 0xFF, 0xBC, 0x00, 0x00, 0x00, 0x00,
0x00, 0x00, 0x1B, 0xF0, 0xA8, 0xFD, 0x5E, 0x00, 0x00, 0x00, 0x00, 0x00, 0xB4, 0xD3, 0x05, 0x98,
0xED, 0x16, 0x00, 0x00, 0x00, 0x5E, 0xFD, 0x38, 0x00, 0x11, 0xEA, 0xA9, 0x00, 0x00, 0x18, 0xEE,
0x93, 0x00, 0x00, 0x00, 0x5F, 0xFF, 0x4F, 0x00, 0xAF, 0xE3, 0x0D, 0x00, 0x00, 0x00, 0x00, 0xC1,
0xE5, 0x0F, 0x4A, 0x34, 0x00, 0x00, 0x00, 0x00, 0x00, 0x2E, 0x47, 0x91, 0xF0, 0x12, 0x00, 0x00,
0x00, 0x0B, 0xE6, 0x88, 0x13, 0xEF, 0x8C, 0x00, 0x00, 0x00, 0x7D, 0xEA, 0x0E, 0x00, 0x74, 0xF7,
0x1D, 0x00, 0x16, 0xF2, 0x6B, 0x00, 0x00, 0x07, 0xDE, 0x9E, 0x00, 0x94, 0xD8, 0x04, 0x00, 0x00,
0x00, 0x57, 0xFC, 0x45, 0xFA, 0x4E, 0x00, 0x00, 0x00, 0x00, 0x00, 0xC7, 0xF4, 0xBF, 0x00, 0x00,
0x00, 0x00, 0x00, 0x00, 0x4C, 0xFF, 0x44, 0x00, 0x00, 0x00, 0x00, 0x00, 0x00, 0x3C, 0xFF, 0x34,
0x00, 0x00, 0x00, 0x00, 0x00, 0x00, 0x3C, 0xFF, 0x34, 0x00, 0x00, 0x00, 0x00, 0x00, 0x00, 0x3C,
0xFF, 0x34, 0x00, 0x00, 0x00, 0x00, 0x00, 0x00, 0x3C, 0xFF, 0x34, 0x00, 0x00, 0x00, 0x0A, 0x50,
0x50, 0x50, 0x50, 0x50, 0x50, 0x50, 0x2F, 0x34, 0xF0, 0xF0, 0xF0, 0xF0, 0xF0, 0xF6, 0xFF, 0x77,
0x00, 0x00, 0x00, 0x00, 0x00, 0x02, 0xC3, 0xDA, 0x0A, 0x00, 0x00, 0x00, 0x00, 0x00, 0x77, 0xFC,
0x38, 0x00, 0x00, 0x00, 0x00, 0x00, 0x2D, 0xF9, 0x83, 0x00, 0x00, 0x00, 0x00, 0x00, 0x05, 0xCF,
0xCE, 0x05, 0x00, 0x00, 0x00, 0x00, 0x00, 0x86, 0xF7, 0x2B, 0x00, 0x00, 0x00, 0x00, 0x00, 0x38,
0xFC, 0x71, 0x00, 0x00, 0x00, 0x00, 0x00, 0x0A, 0xDA, 0xBF, 0x01, 0x00, 0x00, 0x00, 0x00, 0x00,
0x95, 0xF1, 0x1F, 0x00, 0x00, 0x00, 0x00, 0x00, 0x45, 0xFE, 0xA1, 0x4C, 0x4C, 0x4C, 0x4C, 0x4C,
0x3D, 0x9C, 0xFF, 0xFF, 0xFF, 0xFF, 0xFF, 0xFF, 0xFF, 0xBB, 0x13, 0x18, 0x18, 0x16, 0xD0, 0xFF,
0xFF, 0xF0, 0xD0, 0x8D, 0x04, 0x03, 0xD0, 0x8C, 0x00, 0x00, 0xD0, 0x8C, 0x00, 0x00, 0xD0, 0x8C,
0x00, 0x00, 0xD0, 0x8C, 0x00, 0x00, 0xD0, 0x8C, 0x00, 0x00, 0xD0, 0x8C, 0x00, 0x00, 0xD0, 0x8C,
0x00, 0x00, 0xD0, 0x8C, 0x00, 0x00, 0xD0, 0x8C, 0x00, 0x00, 0xD0, 0x8C, 0x00, 0x00, 0xD0, 0x8C,
0x00, 0x00, 0xD0, 0xC4, 0x7C, 0x74, 0x7B, 0x98, 0x98, 0x8E, 0x13, 0x08, 0x00, 0x00, 0x00, 0x00,
0xA5, 0x83, 0x00, 0x00, 0x00, 0x00, 0x55, 0xD3, 0x00, 0x00, 0x00, 0x00, 0x0C, 0xF8, 0x24, 0x00,
0x00, 0x00, 0x00, 0xB5, 0x74, 0x00, 0x00, 0x00, 0x00, 0x65, 0xC4, 0x00, 0x00, 0x00, 0x00, 0x16,
0xFB, 0x17, 0x00, 0x00, 0x00, 0x00, 0xC5, 0x65, 0x00, 0x00, 0x00, 0x00, 0x74, 0xB5, 0x00, 0x00,
0x00, 0x00, 0x24, 0xF8, 0x0D, 0x00, 0x00, 0x00, 0x00, 0xD4, 0x56, 0x00, 0x00, 0x00, 0x00, 0x84,
0xA6, 0x00, 0x00, 0x00, 0x00, 0x34, 0xF1, 0x06, 0x00, 0x00, 0x00, 0x00, 0xE3, 0x47, 0x00, 0x00,
0x00, 0x00, 0x94, 0x97, 0x00, 0x00, 0x00, 0x00, 0x31, 0x80, 0x0A, 0x18, 0x18, 0x18, 0x07, 0x74,
0xFF, 0xFF, 0xFF, 0x4C, 0x01, 0x04, 0x13, 0xFF, 0x4C, 0x00, 0x00, 0x10, 0xFF, 0x4C, 0x00, 0x00,
0x10, 0xFF, 0x4C, 0x00, 0x00, 0x10, 0xFF, 0x4C, 0x00, 0x00, 0x10, 0xFF, 0x4C, 0x00, 0x00, 0x10,
0xFF, 0x4C, 0x00, 0x00, 0x10, 0xFF, 0x4C, 0x00, 0x00, 0x10, 0xFF, 0x4C, 0x00, 0x00, 0x10, 0xFF,
0x4C, 0x00, 0x00, 0x10, 0xFF, 0x4C, 0x00, 0x00, 0x10, 0xFF, 0x4C, 0x00, 0x00, 0x10, 0xFF, 0x4C,
0x38, 0x7C, 0x84, 0xFF, 0x4C, 0x44, 0x98, 0x98, 0x98, 0x2D, 0x00, 0x00, 0x00, 0x00, 0x49, 0x11,
0x00, 0x00, 0x00, 0x00, 0x00, 0x00, 0x3C, 0xFF, 0x88, 0x00, 0x00, 0x00, 0x00, 0x00, 0x00, 0xB8,
0xA3, 0xF1, 0x11, 0x00, 0x00, 0x00, 0x00, 0x34, 0xEF, 0x0E, 0xB4, 0x7F, 0x00, 0x00, 0x00, 0x00,
0xB0, 0x84, 0x00, 0x39, 0xED, 0x0D, 0x00, 0x00, 0x2C, 0xF5, 0x15, 0x00, 0x00, 0xBE, 0x76, 0x00,
0x00, 0xA7, 0x93, 0x00, 0x00, 0x00, 0x44, 0xE8, 0x09, 0x25, 0xF8, 0x1F, 0x00, 0x00, 0x00, 0x00,
0xC8, 0x6D, 0x38, 0x58, 0x00, 0x00, 0x00, 0x00, 0x00, 0x32, 0x5A, 0x0C, 0x9C, 0x9C, 0x9C, 0x9C,
0x9C, 0x9C, 0x9C, 0x44, 0x05, 0x4C, 0x4C, 0x4C, 0x4C, 0x4C, 0x4C, 0x4C, 0x21, 0x00, 0x09, 0x12,
0x00, 0x00, 0x05, 0xB0, 0xEE, 0x1E, 0x00, 0x00, 0x04, 0xA7, 0xC5, 0x04, 0x00, 0x00, 0x02, 0x71,
0x21, 0x00, 0x08, 0x49, 0x71, 0x84, 0x61, 0x0B, 0x00, 0x00, 0x7D, 0xDE, 0xA8, 0x9F, 0xEE, 0xD3,
0x09, 0x00, 0x0A, 0x00, 0x00, 0x00, 0x2E, 0xFF, 0x5C, 0x00, 0x00, 0x00, 0x00, 0x00, 0x00, 0xE8,
0x87, 0x00, 0x29, 0xB1, 0xE9, 0xEE, 0xE6, 0xFB, 0x93, 0x07, 0xE1, 0xB2, 0x19, 0x00, 0x01, 0xDC,
0x94, 0x32, 0xFF, 0x43, 0x00, 0x00, 0x00, 0xDF, 0x94, 0x1E, 0xFE, 0x89, 0x03, 0x20, 0x9D, 0xFB,
0x94, 0x00, 0x7B, 0xFA, 0xFE, 0xEC, 0x6C, 0xC0, 0x9D, 0x00, 0x00, 0x0D, 0x20, 0x04, 0x00, 0x00,
0x00, 0x03, 0x13, 0x00, 0x00, 0x00, 0x00, 0x00, 0x00, 0xAF, 0xC4, 0x00, 0x00, 0x00, 0x00, 0x00,
0x00, 0xB0, 0xC4, 0x00, 0x00, 0x00, 0x00, 0x00, 0x00, 0xB0, 0xC4, 0x00, 0x00, 0x00, 0x00, 0x00,
0x00, 0xB0, 0xC4, 0x0F, 0x69, 0x82, 0x4A, 0x00, 0x00, 0xB0, 0xE0, 0xDC, 0xB3, 0xBF, 0xFF, 0x8C,
0x00, 0xB0, 0xE7, 0x2C, 0x00, 0x00, 0x85, 0xFE, 0x25, 0xB0, 0xC0, 0x00, 0x00, 0x00, 0x1E, 0xFF,
0x69, 0xB0, 0xC0, 0x00, 0x00, 0x00, 0x04, 0xFF, 0x7E, 0xB0, 0xC0, 0x00, 0x00, 0x00, 0x14, 0xFF,
0x6E, 0xB0, 0xC0, 0x00, 0x00, 0x00, 0x53, 0xFF, 0x35, 0xB0, 0xCC, 0x0D, 0x02, 0x38, 0xDF, 0xBE,
0x00, 0x7B, 0xE9, 0xFF, 0xFB, 0xFC, 0xAA, 0x11, 0x00, 0x00, 0x00, 0x13, 0x25, 0x0C, 0x00, 0x00,
0x00, 0x00, 0x00, 0x09, 0x5D, 0x83, 0x6D, 0x27, 0x00, 0x21, 0xDC, 0xE1, 0xA2, 0xBD, 0xDB, 0x00,
0xBD, 0xD2, 0x0B, 0x00, 0x00, 0x06, 0x1D, 0xFF, 0x62, 0x00, 0x00, 0x00, 0x00, 0x44, 0xFF, 0x37,
0x00, 0x00, 0x00, 0x00, 0x44, 0xFF, 0x41, 0x00, 0x00, 0x00, 0x00, 0x1C, 0xFF, 0x79, 0x00, 0x00,
0x00, 0x00, 0x00, 0xB2, 0xEF, 0x51, 0x0C, 0x1C, 0x42, 0x00, 0x11, 0xAC, 0xFD, 0xFF, 0xFD, 0xA6,
0x00, 0x00, 0x00, 0x0D, 0x20, 0x08, 0x00, 0x00, 0x00, 0x00, 0x00, 0x00, 0x00, 0x02, 0x14, 0x00,
0x00, 0x00, 0x00, 0x00, 0x00, 0x8B, 0xE4, 0x00, 0x00, 0x00, 0x00, 0x00, 0x00, 0x8C, 0xE4, 0x00,
0x00, 0x00, 0x00, 0x00, 0x00, 0x8C, 0xE4, 0x00, 0x00, 0x0C, 0x61, 0x84, 0x70, 0xAD, 0xE4, 0x00,
0x26, 0xE3, 0xDD, 0x96, 0xA6, 0xE9, 0xE4, 0x00, 0xC2, 0xD3, 0x0C, 0x00, 0x00, 0x8C, 0xE4, 0x1D,
0xFF, 0x63, 0x00, 0x00, 0x00, 0x8C, 0xE4, 0x43, 0xFF, 0x39, 0x00, 0x00, 0x00, 0x8C, 0xE4, 0x47,
0xFF, 0x3C, 0x00, 0x00, 0x00, 0x8C, 0xE4, 0x26, 0xFF, 0x69, 0x00, 0x00, 0x00, 0x8E, 0xE4, 0x00,
0xC9, 0xE2, 0x39, 0x13, 0x66, 0xF2, 0xE8, 0x00, 0x23, 0xCE, 0xFF, 0xFF, 0xB1, 0x7E, 0xF0, 0x00,
0x00, 0x00, 0x1B, 0x14, 0x00, 0x00, 0x00, 0x00, 0x00, 0x11, 0x68, 0x82, 0x58, 0x04, 0x00, 0x00,
0x2F, 0xE9, 0xC1, 0x91, 0xE2, 0xC0, 0x05, 0x00, 0xCD, 0xB2, 0x00, 0x00, 0x1C, 0xF6, 0x64, 0x25,
0xFF, 0x6E, 0x28, 0x28, 0x28, 0xCD, 0xAA, 0x47, 0xFF, 0xE1, 0xDC, 0xDC, 0xDC, 0xDC, 0xA3, 0x42,
0xFF, 0x3D, 0x00, 0x00, 0x00, 0x00, 0x00, 0x16, 0xFD, 0x7D, 0x00, 0x00, 0x00, 0x00, 0x00, 0x00,
0xA5, 0xF3, 0x5D, 0x10, 0x11, 0x48, 0x2C, 0x00, 0x0B, 0x9F, 0xF9, 0xFF, 0xFF, 0xE2, 0x50, 0x00,
0x00, 0x00, 0x09, 0x21, 0x10, 0x00, 0x00, 0x00, 0x00, 0x00, 0x06, 0x1A, 0x02, 0x00, 0x00, 0x60,
0xF8, 0xFF, 0xC3, 0x00, 0x04, 0xF0, 0x9C, 0x0C, 0x1A, 0x00, 0x1E, 0xFF, 0x4C, 0x00, 0x00, 0x14,
0x70, 0xFF, 0x8D, 0x64, 0x29, 0x4D, 0xC6, 0xFF, 0xCE, 0xBC, 0x3B, 0x00, 0x28, 0xFF, 0x44, 0x00,
0x00, 0x00, 0x28, 0xFF, 0x44, 0x00, 0x00, 0x00, 0x28, 0xFF, 0x44, 0x00, 0x00, 0x00, 0x28, 0xFF,
0x44, 0x00, 0x00, 0x00, 0x28, 0xFF, 0x44, 0x00, 0x00, 0x00, 0x28, 0xFF, 0x44, 0x00, 0x00, 0x00,
0x28, 0xFF, 0x44, 0x00, 0x00, 0x00, 0x00, 0x0D, 0x63, 0x83, 0x66, 0x2A, 0x60, 0x00, 0x28, 0xE5,
0xDB, 0x96, 0xB2, 0xFA, 0xF0, 0x00, 0xC4, 0xD2, 0x0B, 0x00, 0x00, 0x89, 0xE8, 0x1E, 0xFF, 0x63,
0x00, 0x00, 0x00, 0x88, 0xE8, 0x44, 0xFF, 0x39, 0x00, 0x00, 0x00, 0x88, 0xE8, 0x46, 0xFF, 0x3C,
0x00, 0x00, 0x00, 0x88, 0xE8, 0x25, 0xFF, 0x6A, 0x00, 0x00, 0x00, 0x8D, 0xE8, 0x00, 0xC9, 0xE4,
0x3A, 0x14, 0x71, 0xF8, 0xE8, 0x00, 0x23, 0xCE, 0xFF, 0xFE, 0xAC, 0x97, 0xE8, 0x00, 0x00, 0x00,
0x1B, 0x0D, 0x00, 0x9C, 0xDA, 0x00, 0x16, 0x07, 0x00, 0x00, 0x0F, 0xE4, 0xA0, 0x00, 0x8F, 0xEE,
0xB7, 0xAB, 0xE8, 0xDE, 0x1B, 0x00, 0x03, 0x47, 0x7A, 0x81, 0x5C, 0x0C, 0x00, 0x04, 0x13, 0x00,
0x00, 0x00, 0x00, 0x00, 0x00, 0xAF, 0xC0, 0x00, 0x00, 0x00, 0x00, 0x00, 0x00, 0xB0, 0xC0, 0x00,
0x00, 0x00, 0x00, 0x00, 0x00, 0xB0, 0xC0, 0x00, 0x00, 0x00, 0x00, 0x00, 0x00, 0xB0, 0xC0, 0x02,
0x52, 0x82, 0x60, 0x04, 0x00, 0xB0, 0xCD, 0xB3, 0xC6, 0xB0, 0xFB, 0xA9, 0x00, 0xB0, 0xF7, 0x51,
0x00, 0x00, 0x76, 0xFF, 0x14, 0xB0, 0xC0, 0x00, 0x00, 0x00, 0x3F, 0xFF, 0x32, 0xB0, 0xC0, 0x00,
0x00, 0x00, 0x38, 0xFF, 0x38, 0xB0, 0xC0, 0x00, 0x00, 0x00, 0x38, 0xFF, 0x38, 0xB0, 0xC0, 0x00,
0x00, 0x00, 0x38, 0xFF, 0x38, 0xB0, 0xC0, 0x00, 0x00, 0x00, 0x38, 0xFF, 0x38, 0xB0, 0xC0, 0x00,
0x00, 0x00, 0x38, 0xFF, 0x38, 0x6E, 0x7D, 0xD1, 0xE8, 0x11, 0x16, 0x44, 0x4B, 0xB0, 0xC0, 0xB0,
0xC0, 0xB0, 0xC0, 0xB0, 0xC0, 0xB0, 0xC0, 0xB0, 0xC0, 0xB0, 0xC0, 0xB0, 0xC0, 0x00, 0x00, 0x6E,
0x7D, 0x00, 0x00, 0xD1, 0xE8, 0x00, 0x00, 0x11, 0x16, 0x00, 0x00, 0x43, 0x4C, 0x00, 0x00, 0xAC,
0xC4, 0x00, 0x00, 0xAC, 0xC4, 0x00, 0x00, 0xAC, 0xC4, 0x00, 0x00, 0xAC, 0xC4, 0x00, 0x00, 0xAC,
0xC4, 0x00, 0x00, 0xAC, 0xC4, 0x00, 0x00, 0xAC, 0xC4, 0x00, 0x00, 0xAC, 0xC4, 0x00, 0x00, 0xAD,
0xC3, 0x00, 0x00, 0xCC, 0xAE, 0x28, 0xCC, 0xFF, 0x5E, 0x23, 0x81, 0x4D, 0x00, 0x04, 0x13, 0x00,
0x00, 0x00, 0x00, 0x00, 0x00, 0xAF, 0xC0, 0x00, 0x00, 0x00, 0x00, 0x00, 0x00, 0xB0, 0xC0, 0x00,
0x00, 0x00, 0x00, 0x00, 0x00, 0xB0, 0xC0, 0x00, 0x00, 0x00, 0x00, 0x00, 0x00, 0xB0, 0xC0, 0x00,
0x00, 0x00, 0x4D, 0x55, 0x00, 0xB0, 0xC0, 0x00, 0x00, 0x6B, 0xF6, 0x3E, 0x00, 0xB0, 0xC0, 0x00,
0x59, 0xF8, 0x49, 0x00, 0x00, 0xB0, 0xC0, 0x49, 0xF7, 0x56, 0x00, 0x00, 0x00, 0xB0, 0xE4, 0xF5,
0xEF, 0x1C, 0x00, 0x00, 0x00, 0xB0, 0xF3, 0x50, 0xD5, 0xC3, 0x03, 0x00, 0x00, 0xB0, 0xC0, 0x00,
0x2E, 0xF8, 0x85, 0x00, 0x00, 0xB0, 0xC0, 0x00, 0x00, 0x6D, 0xFD, 0x44, 0x00, 0xB0, 0xC0, 0x00,
0x00, 0x00, 0xB3, 0xE8, 0x18, 0x05, 0x11, 0x00, 0x00, 0xC3, 0xAC, 0x00, 0x00, 0xC4, 0xAC, 0x00,
0x00, 0xC4, 0xAC, 0x00, 0x00, 0xC4, 0xAC, 0x00, 0x00, 0xC4, 0xAC, 0x00, 0x00, 0xC4, 0xAC, 0x00,
0x00, 0xC4, 0xAC, 0x00, 0x00, 0xC4, 0xAC, 0x00, 0x00, 0xC4, 0xAC, 0x00, 0x00, 0xC4, 0xAC, 0x00,
0x00, 0xB7, 0xCE, 0x19, 0x00, 0x5A, 0xFC, 0xFC, 0x08, 0x00, 0x11, 0x1A, 0x00, 0x4C, 0x3A, 0x01,
0x50, 0x83, 0x58, 0x01, 0x00, 0x3F, 0x80, 0x6A, 0x0B, 0x00, 0xBF, 0xB6, 0xB4, 0xC5, 0xB7, 0xFF,
0x8A, 0x9C, 0xD5, 0xAC, 0xF4, 0xC5, 0x00, 0xBA, 0xF9, 0x59, 0x00, 0x00, 0x9D, 0xFF, 0x86, 0x01,
0x00, 0x5A, 0xFF, 0x2C, 0xB8, 0xB8, 0x00, 0x00, 0x00, 0x6B, 0xFF, 0x00, 0x00, 0x00, 0x26, 0xFF,
0x4A, 0xB8, 0xB8, 0x00, 0x00, 0x00, 0x68, 0xFF, 0x00, 0x00, 0x00, 0x20, 0xFF, 0x50, 0xB8, 0xB8,
0x00, 0x00, 0x00, 0x68, 0xFF, 0x00, 0x00, 0x00, 0x20, 0xFF, 0x50, 0xB8, 0xB8, 0x00, 0x00, 0x00,
0x68, 0xFF, 0x00, 0x00, 0x00, 0x20, 0xFF, 0x50, 0xB8, 0xB8, 0x00, 0x00, 0x00, 0x68, 0xFF, 0x00,
0x00, 0x00, 0x20, 0xFF, 0x50, 0xB8, 0xB8, 0x00, 0x00, 0x00, 0x68, 0xFF, 0x00, 0x00, 0x00, 0x20,
0xFF, 0x50, 0x4C, 0x3A, 0x02, 0x52, 0x82, 0x5F, 0x03, 0x00, 0xBE, 0xB9, 0xC0, 0xC7, 0xB1, 0xFC,
0xA2, 0x00, 0xB6, 0xFA, 0x5F, 0x00, 0x00, 0x7B, 0xFD, 0x10, 0xB4, 0xBC, 0x00, 0x00, 0x00, 0x43,
0xFF, 0x2D, 0xB4, 0xBC, 0x00, 0x00, 0x00, 0x3C, 0xFF, 0x34, 0xB4, 0xBC, 0x00, 0x00, 0x00, 0x3C,
0xFF, 0x34, 0xB4, 0xBC, 0x00, 0x00, 0x00, 0x3C, 0xFF, 0x34, 0xB4, 0xBC, 0x00, 0x00, 0x00, 0x3C,
0xFF, 0x34, 0xB4, 0xBC, 0x00, 0x00, 0x00, 0x3C, 0xFF, 0x34, 0x00, 0x00, 0x09, 0x5B, 0x83, 0x6D,
0x19, 0x00, 0x00, 0x00, 0x22, 0xDC, 0xDE, 0xA6, 0xD2, 0xF4, 0x4A, 0x00, 0x00, 0xBF, 0xCD, 0x0B,
0x00, 0x02, 0xAA, 0xED, 0x0F, 0x20, 0xFF, 0x5F, 0x00, 0x00, 0x00, 0x2E, 0xFF, 0x5B, 0x46, 0xFF,
0x39, 0x00, 0x00, 0x00, 0x06, 0xFE, 0x7F, 0x41, 0xFF, 0x3F, 0x00, 0x00, 0x00, 0x0A, 0xFF, 0x75,
0x13, 0xFA, 0x7F, 0x00, 0x00, 0x00, 0x42, 0xFF, 0x3E, 0x00, 0x96, 0xF4, 0x53, 0x09, 0x2F, 0xD4,
0xC1, 0x01, 0x00, 0x06, 0x91, 0xF6, 0xFF, 0xFC, 0xA8, 0x12, 0x00, 0x00, 0x00, 0x00, 0x07, 0x20,
0x0B, 0x00, 0x00, 0x00, 0x4B, 0x3C, 0x0F, 0x6A, 0x82, 0x46, 0x00, 0x00, 0xBD, 0xD0, 0xD7, 0xB2,
0xC2, 0xFF, 0x86, 0x00, 0xB5, 0xE6, 0x24, 0x00, 0x00, 0x89, 0xFD, 0x21, 0xB4, 0xC0, 0x00, 0x00,
0x00, 0x21, 0xFF, 0x64, 0xB4, 0xC0, 0x00, 0x00, 0x00, 0x07, 0xFF, 0x79, 0xB4, 0xC0, 0x00, 0x00,
0x00, 0x19, 0xFF, 0x6A, 0xB4, 0xC0, 0x00, 0x00, 0x00, 0x59, 0xFF, 0x32, 0xB4, 0xD2, 0x19, 0x04,
0x3D, 0xE2, 0xBC, 0x00, 0xB4, 0xF6, 0xFA, 0xFE, 0xFD, 0xAD, 0x11, 0x00, 0xB4, 0xC0, 0x0B, 0x25,
0x0F, 0x00, 0x00, 0x00, 0xB4, 0xC0, 0x00, 0x00, 0x00, 0x00, 0x00, 0x00, 0xB4, 0xC0, 0x00, 0x00,
0x00, 0x00, 0x00, 0x00, 0x58, 0x4D, 0x00, 0x00, 0x00, 0x00, 0x00, 0x00, 0x00, 0x00, 0x0E, 0x64,
0x83, 0x64, 0x29, 0x60, 0x00, 0x26, 0xE4, 0xDC, 0x96, 0xB7, 0xFB, 0xF0, 0x00, 0xC1, 0xD2, 0x0B,
0x00, 0x00, 0x8D, 0xE8, 0x1C, 0xFF, 0x63, 0x00, 0x00, 0x00, 0x8C, 0xE8, 0x43, 0xFF, 0x39, 0x00,
0x00, 0x00, 0x8C, 0xE8, 0x47, 0xFF, 0x3C, 0x00, 0x00, 0x00, 0x8C, 0xE8, 0x26, 0xFF, 0x6B, 0x00,
0x00, 0x00, 0x90, 0xE8, 0x00, 0xCD, 0xE4, 0x3A, 0x14, 0x73, 0xF8, 0xE8, 0x00, 0x25, 0xD0, 0xFF,
0xFF, 0xAA, 0x91, 0xE8, 0x00, 0x00, 0x00, 0x1B, 0x14, 0x00, 0x84, 0xE8, 0x00, 0x00, 0x00, 0x00,
0x00, 0x00, 0x84, 0xE8, 0x00, 0x00, 0x00, 0x00, 0x00, 0x00, 0x84, 0xE8, 0x00, 0x00, 0x00, 0x00,
0x00, 0x00, 0x42, 0x60, 0x4B, 0x3A, 0x06, 0x62, 0x74, 0xBB, 0xA6, 0xB9, 0xDF, 0xA1, 0xB5, 0xF9,
0x82, 0x01, 0x00, 0xB4, 0xCD, 0x00, 0x00, 0x00, 0xB4, 0xBC, 0x00, 0x00, 0x00, 0xB4, 0xBC, 0x00,
0x00, 0x00, 0xB4, 0xBC, 0x00, 0x00, 0x00, 0xB4, 0xBC, 0x00, 0x00, 0x00, 0xB4, 0xBC, 0x00, 0x00,
0x00, 0x00, 0x12, 0x6A, 0x85, 0x6B, 0x22, 0x00, 0x0D, 0xE1, 0xCC, 0x8C, 0xAA, 0xC1, 0x00, 0x4A,
0xFF, 0x1E, 0x00, 0x00, 0x00, 0x00, 0x29, 0xFD, 0xB2, 0x2A, 0x00, 0x00, 0x00, 0x00, 0x55, 0xE9,
0xFF, 0xB6, 0x23, 0x00, 0x00, 0x00, 0x07, 0x5D, 0xE1, 0xE5, 0x0B, 0x00, 0x00, 0x00, 0x00, 0x38,
0xFF, 0x33, 0x14, 0x3B, 0x07, 0x04, 0x7E, 0xF6, 0x11, 0x43, 0xEF, 0xFE, 0xFC, 0xE5, 0x4F, 0x00,
0x00, 0x03, 0x1B, 0x1D, 0x01, 0x00, 0x00, 0x00, 0x1E, 0x6D, 0x00, 0x00, 0x00, 0x00, 0x60, 0xF0,
0x00, 0x00, 0x00, 0x1D, 0x9F, 0xF6, 0x64, 0x64, 0x28, 0x61, 0xDC, 0xFB, 0xBC, 0xBC, 0x3A, 0x00,
0x7C, 0xF0, 0x00, 0x00, 0x00, 0x00, 0x7C, 0xF0, 0x00, 0x00, 0x00, 0x00, 0x7C, 0xF0, 0x00, 0x00,
0x00, 0x00, 0x7C, 0xF0, 0x00, 0x00, 0x00, 0x00, 0x78, 0xF5, 0x00, 0x00, 0x00, 0x00, 0x59, 0xFF,
0x4B, 0x14, 0x1A, 0x00, 0x08, 0xC6, 0xFF, 0xFF, 0x88, 0x00, 0x00, 0x00, 0x19, 0x15, 0x00, 0x54,
0x39, 0x00, 0x00, 0x00, 0x25, 0x64, 0x06, 0xD8, 0x94, 0x00, 0x00, 0x00, 0x60, 0xFF, 0x10, 0xD8,
0x94, 0x00, 0x00, 0x00, 0x60, 0xFF, 0x10, 0xD8, 0x94, 0x00, 0x00, 0x00, 0x60, 0xFF, 0x10, 0xD8,
0x94, 0x00, 0x00, 0x00, 0x60, 0xFF, 0x10, 0xD8, 0x94, 0x00, 0x00, 0x00, 0x60, 0xFF, 0x10, 0xC9,
0xA4, 0x00, 0x00, 0x00, 0x75, 0xFF, 0x10, 0x98, 0xEE, 0x33, 0x17, 0x7B, 0xF0, 0xFF, 0x12, 0x1E,
0xD6, 0xFF, 0xFC, 0xA2, 0x4B, 0xFF, 0x1A, 0x00, 0x00, 0x1B, 0x0E, 0x00, 0x00, 0x00, 0x00, 0x56,
0x42, 0x00, 0x00, 0x00, 0x00, 0x4B, 0x48, 0x9B, 0xE5, 0x02, 0x00, 0x00, 0x0A, 0xF4, 0x76, 0x3C,
0xFF, 0x42, 0x00, 0x00, 0x58, 0xFD, 0x1A, 0x00, 0xDB, 0x9C, 0x00, 0x00, 0xB1, 0xB8, 0x00, 0x00,
0x7D, 0xEF, 0x07, 0x10, 0xF9, 0x58, 0x00, 0x00, 0x1F, 0xFE, 0x51, 0x62, 0xF0, 0x08, 0x00, 0x00,
0x00, 0xBF, 0xA6, 0xB7, 0x9A, 0x00, 0x00, 0x00, 0x00, 0x5F, 0xED, 0xF8, 0x3A, 0x00, 0x00, 0x00,
0x00, 0x0C, 0xF4, 0xDB, 0x00, 0x00, 0x00, 0x57, 0x3C, 0x00, 0x00, 0x00, 0x25, 0x62, 0x01, 0x00,
0x00, 0x01, 0x62, 0x2D, 0xA8, 0xCD, 0x00, 0x00, 0x00, 0x98, 0xFF, 0x37, 0x00, 0x00, 0x34, 0xFF,
0x3B, 0x57, 0xFE, 0x18, 0x00, 0x01, 0xE7, 0xE1, 0x87, 0x00, 0x00, 0x80, 0xE7, 0x02, 0x0D, 0xF8,
0x60, 0x00, 0x3A, 0xF0, 0x6B, 0xD8, 0x00, 0x00, 0xCC, 0x98, 0x00, 0x00, 0xB5, 0xAA, 0x00, 0x8B,
0xA6, 0x1A, 0xFE, 0x28, 0x18, 0xFE, 0x46, 0x00, 0x00, 0x64, 0xEF, 0x04, 0xDC, 0x56, 0x00, 0xC9,
0x79, 0x63, 0xEF, 0x05, 0x00, 0x00, 0x15, 0xFD, 0x67, 0xF9, 0x0D, 0x00, 0x79, 0xC7, 0xA9, 0xA3,
0x00, 0x00, 0x00, 0x00, 0xC2, 0xE4, 0xB7, 0x00, 0x00, 0x29, 0xFD, 0xE8, 0x52, 0x00, 0x00, 0x00,
0x00, 0x71, 0xFF, 0x67, 0x00, 0x00, 0x00, 0xD8, 0xF6, 0x0A, 0x00, 0x00, 0x3D, 0x60, 0x02, 0x00,
0x00, 0x1B, 0x64, 0x19, 0x2A, 0xF7, 0x70, 0x00, 0x00, 0xB7, 0xC9, 0x03, 0x00, 0x6E, 0xF5, 0x22,
0x58, 0xF8, 0x29, 0x00, 0x00, 0x01, 0xBA, 0xC2, 0xE8, 0x77, 0x00, 0x00, 0x00, 0x00, 0x1F, 0xFD,
0xDC, 0x03, 0x00, 0x00, 0x00, 0x00, 0x82, 0xE8, 0xFC, 0x43, 0x00, 0x00, 0x00, 0x37, 0xFB, 0x43,
0x90, 0xE3, 0x10, 0x00, 0x0A, 0xDA, 0x9B, 0x00, 0x0A, 0xDB, 0xA5, 0x00, 0x97, 0xE4, 0x0F, 0x00,
0x00, 0x3C, 0xFD, 0x56, 0x00, 0x54, 0x46, 0x00, 0x00, 0x00, 0x00, 0x4B, 0x49, 0x00, 0x96, 0xED,
0x05, 0x00, 0x00, 0x0A, 0xF4, 0x7A, 0x00, 0x34, 0xFF, 0x4D, 0x00, 0x00, 0x57, 0xFD, 0x1D, 0x00,
0x00, 0xD3, 0xA7, 0x00, 0x00, 0xAF, 0xBB, 0x00, 0x00, 0x00, 0x72, 0xF5, 0x0B, 0x0E, 0xF7, 0x5C,
0x00, 0x00, 0x00, 0x16, 0xFA, 0x5A, 0x5E, 0xF2, 0x0A, 0x00, 0x00, 0x00, 0x00, 0xB0, 0xAD, 0xB1,
0x9C, 0x00, 0x00, 0x00, 0x00, 0x00, 0x4F, 0xF0, 0xF6, 0x3D, 0x00, 0x00, 0x00, 0x00, 0x00, 0x04,
0xE9, 0xDD, 0x00, 0x00, 0x00, 0x00, 0x00, 0x00, 0x0C, 0xEE, 0x7B, 0x00, 0x00, 0x00, 0x00, 0x00,
0x00, 0x8A, 0xF3, 0x16, 0x00, 0x00, 0x00, 0x1C, 0xB5, 0xC3, 0xFD, 0x60, 0x00, 0x00, 0x00, 0x00,
0x18, 0x71, 0x7C, 0x32, 0x00, 0x00, 0x00, 0x00, 0x00, 0x14, 0x64, 0x64, 0x64, 0x64, 0x64, 0x52,
0x00, 0x38, 0xBC, 0xBC, 0xBC, 0xC2, 0xFF, 0xAE, 0x00, 0x00, 0x00, 0x00, 0x00, 0x8F, 0xEF, 0x1F,
0x00, 0x00, 0x00, 0x00, 0x4B, 0xFE, 0x56, 0x00, 0x00, 0x00, 0x00, 0x19, 0xEB, 0x9C, 0x00, 0x00,
0x00, 0x00, 0x02, 0xBD, 0xD9, 0x0B, 0x00, 0x00, 0x00, 0x00, 0x7B, 0xF9, 0x32, 0x00, 0x00, 0x00,
0x00, 0x3A, 0xFB, 0x87, 0x18, 0x18, 0x18, 0x18, 0x03, 0x9B, 0xFF, 0xFF, 0xFF, 0xFF, 0xFF, 0xFF,
0x10, 0x00, 0x00, 0x00, 0x00, 0x0B, 0x15, 0x00, 0x00, 0x20, 0xCC, 0xFF, 0xE0, 0x00, 0x00, 0x9B,
0xDC, 0x1B, 0x00, 0x00, 0x00, 0xBB, 0x9F, 0x00, 0x00, 0x00, 0x00, 0xBC, 0x9C, 0x00, 0x00, 0x00,
0x00, 0xBC, 0x9A, 0x00, 0x00, 0x00, 0x00, 0xD5, 0x82, 0x00, 0x00, 0x3B, 0xA1, 0xEE, 0x25, 0x00,
0x00, 0x80, 0xEF, 0xB7, 0x0C, 0x00, 0x00, 0x00, 0x17, 0xEE, 0x76, 0x00, 0x00, 0x00, 0x00, 0xBF,
0x9A, 0x00, 0x00, 0x00, 0x00, 0xBC, 0x9C, 0x00, 0x00, 0x00, 0x00, 0xBC, 0x9C, 0x00, 0x00, 0x00,
0x00, 0xB1, 0xB0, 0x00, 0x00, 0x00, 0x00, 0x65, 0xFB, 0x95, 0x6C, 0x00, 0x00, 0x00, 0x4D, 0x8B,
0x85, 0xA1, 0x7A, 0xA4, 0x7C, 0xA4, 0x7C, 0xA4, 0x7C, 0xA4, 0x7C, 0xA4, 0x7C, 0xA4, 0x7C, 0xA4,
0x7C, 0xA4, 0x7C, 0xA4, 0x7C, 0xA4, 0x7C, 0xA4, 0x7C, 0xA4, 0x7C, 0xA4, 0x7C, 0xA4, 0x7C, 0x3A,
0x2C, 0x0A, 0x14, 0x01, 0x00, 0x00, 0x00, 0x00, 0x72, 0xFD, 0xF2, 0x6A, 0x00, 0x00, 0x00, 0x00,
0x04, 0x84, 0xFC, 0x0E, 0x00, 0x00, 0x00, 0x00, 0x34, 0xFF, 0x2B, 0x00, 0x00, 0x00, 0x00, 0x30,
0xFF, 0x2C, 0x00, 0x00, 0x00, 0x00, 0x30, 0xFF, 0x2C, 0x00, 0x00, 0x00, 0x00, 0x25, 0xFF, 0x3F,
0x00, 0x00, 0x00, 0x00, 0x01, 0xCB, 0xCF, 0x4B, 0x05, 0x00, 0x00, 0x00, 0x49, 0xFA, 0xE2, 0x18,
0x00, 0x00, 0x09, 0xEC, 0x84, 0x00, 0x00, 0x00, 0x00, 0x2B, 0xFF, 0x30, 0x00, 0x00, 0x00, 0x00,
0x30, 0xFF, 0x2C, 0x00, 0x00, 0x00, 0x00, 0x30, 0xFF, 0x2C, 0x00, 0x00, 0x00, 0x00, 0x47, 0xFF,
0x21, 0x00, 0x00, 0x3A, 0x85, 0xDB, 0xD2, 0x01, 0x00, 0x00, 0x44, 0x94, 0x72, 0x11, 0x00, 0x00,
0x00, 0x00, 0x23, 0x93, 0x8C, 0x2E, 0x00, 0x00, 0x2D, 0x7D, 0x02, 0xDB, 0x95, 0x8B, 0xEE, 0xAB,
0x54, 0xB8, 0x87, 0x1E, 0xBA, 0x00, 0x00, 0x10, 0x84, 0xC6, 0x9F, 0x0E, 0x00, 0x33, 0x70, 0x1B,
0x00, 0x00, 0x00, 0x00, 0x00, 0x0E, 0xB2, 0xD0, 0x0D, 0x00, 0x00, 0x00, 0x00, 0x00, 0x01, 0x81,
0xA6, 0x00, 0x00, 0x00, 0x24, 0x50, 0x50, 0x50, 0x50, 0x50, 0x4D, 0x00, 0x74, 0xFF, 0xF0, 0xF0,
0xF0, 0xF0, 0xD1, 0x00, 0x74, 0xFF, 0x04, 0x00, 0x00, 0x00, 0x00, 0x00, 0x74, 0xFF, 0x04, 0x00,
0x00, 0x00, 0x00, 0x00, 0x74, 0xFF, 0x04, 0x00, 0x00, 0x00, 0x00, 0x00, 0x74, 0xFF, 0x76, 0x74,
0x74, 0x74, 0x3F, 0x00, 0x74, 0xFF, 0xC1, 0xC0, 0xC0, 0xC0, 0x69, 0x00, 0x74, 0xFF, 0x04, 0x00,
0x00, 0x00, 0x00, 0x00, 0x74, 0xFF, 0x04, 0x00, 0x00, 0x00, 0x00, 0x00, 0x74, 0xFF, 0x04, 0x00,
0x00, 0x00, 0x00, 0x00, 0x74, 0xFF, 0x4A, 0x48, 0x48, 0x48, 0x48, 0x01, 0x74, 0xFF, 0xFF, 0xFF,
0xFF, 0xFF, 0xF1, 0x00, 0x00, 0x06, 0x10, 0x00, 0x00, 0x16, 0x00, 0x00, 0x00, 0xA9, 0xEC, 0x00,
0x46, 0xFF, 0x4D, 0x00, 0x00, 0x3F, 0x61, 0x00, 0x13, 0x79, 0x14, 0x00, 0x24, 0x50, 0x50, 0x50,
0x50, 0x50, 0x4D, 0x00, 0x74, 0xFF, 0xF0, 0xF0, 0xF0, 0xF0, 0xD1, 0x00, 0x74, 0xFF, 0x04, 0x00,
0x00, 0x00, 0x00, 0x00, 0x74, 0xFF, 0x04, 0x00, 0x00, 0x00, 0x00, 0x00, 0x74, 0xFF, 0x04, 0x00,
0x00, 0x00, 0x00, 0x00, 0x74, 0xFF, 0x76, 0x74, 0x74, 0x74, 0x3F, 0x00, 0x74, 0xFF, 0xC1, 0xC0,
0xC0, 0xC0, 0x69, 0x00, 0x74, 0xFF, 0x04, 0x00, 0x00, 0x00, 0x00, 0x00, 0x74, 0xFF, 0x04, 0x00,
0x00, 0x00, 0x00, 0x00, 0x74, 0xFF, 0x04, 0x00, 0x00, 0x00, 0x00, 0x00, 0x74, 0xFF, 0x4A, 0x48,
0x48, 0x48, 0x48, 0x01, 0x74, 0xFF, 0xFF, 0xFF, 0xFF, 0xFF, 0xF1, 0x00, 0x31, 0x50, 0x50, 0x50,
0x50, 0x50, 0x50, 0x50, 0x3F, 0x00, 0x00, 0x00, 0xA8, 0xF0, 0xF0, 0xF3, 0xFF, 0xF4, 0xF0, 0xF0,
0xA8, 0x00, 0x00, 0x00, 0x00, 0x00, 0x00, 0x38, 0xFF, 0x40, 0x00, 0x00, 0x00, 0x00, 0x00, 0x00,
0x00, 0x00, 0x00, 0x38, 0xFF, 0x40, 0x00, 0x00, 0x00, 0x00, 0x00, 0x00, 0x00, 0x00, 0x00, 0x38,
0xFF, 0x40, 0x08, 0x19, 0x08, 0x00, 0x00, 0x00, 0x00, 0x00, 0x00, 0x38, 0xFF, 0xDD, 0xFD, 0xFF,
0xFC, 0xB8, 0x24, 0x00, 0x00, 0x00, 0x00, 0x38, 0xFF, 0x80, 0x21, 0x16, 0x4A, 0xDB, 0xE1, 0x0B,
0x00, 0x00, 0x00, 0x38, 0xFF, 0x40, 0x00, 0x00, 0x00, 0x3B, 0xFF, 0x59, 0x00, 0x00, 0x00, 0x38,
0xFF, 0x40, 0x00, 0x00, 0x00, 0x0A, 0xFF, 0x74, 0x00, 0x00, 0x00, 0x38, 0xFF, 0x40, 0x00, 0x00,
0x00, 0x31, 0xFF, 0x52, 0x00, 0x00, 0x00, 0x38, 0xFF, 0x40, 0x0D, 0x0A, 0x2A, 0xC9, 0xDE, 0x08,
0x00, 0x00, 0x00, 0x38, 0xFF, 0x40, 0x83, 0xFF, 0xFF, 0xC7, 0x27, 0x00, 0x00, 0x00, 0x00, 0x00,
0x00, 0x00, 0x0A, 0x27, 0x18, 0x00, 0x00, 0x00, 0x00, 0x00, 0x00, 0x00, 0x65, 0x57, 0x01, 0x00,
0x00, 0x00, 0x7E, 0xE7, 0x3A, 0x00, 0x00, 0x00, 0x49, 0xC7, 0x1B, 0x00, 0x00, 0x24, 0x50, 0x50,
0x50, 0x50, 0x50, 0x3E, 0x74, 0xFF, 0xEC, 0xEC, 0xEC, 0xEC, 0xA3, 0x74, 0xFF, 0x04, 0x00, 0x00,
0x00, 0x00, 0x74, 0xFF, 0x04, 0x00, 0x00, 0x00, 0x00, 0x74, 0xFF, 0x04, 0x00, 0x00, 0x00, 0x00,
0x74, 0xFF, 0x04, 0x00, 0x00, 0x00, 0x00, 0x74, 0xFF, 0x04, 0x00, 0x00, 0x00, 0x00, 0x74, 0xFF,
0x04, 0x00, 0x00, 0x00, 0x00, 0x74, 0xFF, 0x04, 0x00, 0x00, 0x00, 0x00, 0x74, 0xFF, 0x04, 0x00,
0x00, 0x00, 0x00, 0x74, 0xFF, 0x04, 0x00, 0x00, 0x00, 0x00, 0x74, 0xFF, 0x04, 0x00, 0x00, 0x00,
0x00, 0x00, 0x00, 0x00, 0x00, 0x3A, 0x65, 0x69, 0x47, 0x0A, 0x00, 0x00, 0x00, 0x29, 0xD1, 0xFE,
0xD7, 0xD1, 0xF4, 0xF1, 0x2C, 0x00, 0x1B, 0xEE, 0xC7, 0x23, 0x00, 0x00, 0x07, 0x56, 0x02, 0x00,
0xA2, 0xED, 0x14, 0x00, 0x00, 0x00, 0x00, 0x00, 0x00, 0x06, 0xF2, 0x93, 0x00, 0x00, 0x00, 0x00,
0x00, 0x00, 0x00, 0x25, 0xFF, 0x8F, 0x48, 0x48, 0x48, 0x48, 0x3D, 0x00, 0x00, 0x36, 0xFF, 0xF2,
0xEC, 0xEC, 0xEC, 0xEC, 0xCA, 0x00, 0x00, 0x23, 0xFF, 0x6A, 0x00, 0x00, 0x00, 0x00, 0x00, 0x00,
0x00, 0x04, 0xEE, 0xAA, 0x00, 0x00, 0x00, 0x00, 0x00, 0x00, 0x00, 0x00, 0x93, 0xFB, 0x3A, 0x00,
0x00, 0x00, 0x00, 0x00, 0x00, 0x00, 0x0E, 0xD6, 0xF3, 0x76, 0x2B, 0x1C, 0x3A, 0x86, 0x35, 0x00,
0x00, 0x0D, 0x8F, 0xEC, 0xFF, 0xFF, 0xFD, 0xC5, 0x3B, 0x00, 0x00, 0x00, 0x00, 0x01, 0x15, 0x1E,
0x04, 0x00, 0x00, 0x00, 0x00, 0x12, 0x59, 0x71, 0x5A, 0x2A, 0x00, 0x00, 0x43, 0xF0, 0xEA, 0xC8,
0xE1, 0xFF, 0x57, 0x00, 0xDF, 0xB2, 0x05, 0x00, 0x00, 0x2A, 0x15, 0x0B, 0xFF, 0x6B, 0x00, 0x00,
0x00, 0x00, 0x00, 0x00, 0xDF, 0xD3, 0x1B, 0x00, 0x00, 0x00, 0x00, 0x00, 0x35, 0xEE, 0xF1, 0x85,
0x17, 0x00, 0x00, 0x00, 0x00, 0x19, 0x90, 0xF4, 0xF7, 0x79, 0x00, 0x00, 0x00, 0x00, 0x00, 0x11,
0x9A, 0xFF, 0x70, 0x00, 0x00, 0x00, 0x00, 0x00, 0x00, 0xBE, 0xCA, 0x00, 0x00, 0x00, 0x00, 0x00,
0x00, 0xB9, 0xC4, 0x06, 0xAA, 0x58, 0x26, 0x22, 0x76, 0xFD, 0x6C, 0x19, 0xAA, 0xF5, 0xFF, 0xFF,
0xEF, 0x80, 0x01, 0x00, 0x00, 0x01, 0x18, 0x1E, 0x04, 0x00, 0x00, 0x24, 0x50, 0x01, 0x74, 0xFF,
0x04, 0x74, 0xFF, 0x04, 0x74, 0xFF, 0x04, 0x74, 0xFF, 0x04, 0x74, 0xFF, 0x04, 0x74, 0xFF, 0x04,
0x74, 0xFF, 0x04, 0x74, 0xFF, 0x04, 0x74, 0xFF, 0x04, 0x74, 0xFF, 0x04, 0x74, 0xFF, 0x04, 0x00,
0x0B, 0x01, 0x00, 0x0C, 0x00, 0x01, 0xEB, 0x8A, 0x07, 0xF4, 0x76, 0x00, 0x5E, 0x2D, 0x00, 0x65,
0x24, 0x00, 0x00, 0x24, 0x50, 0x01, 0x00, 0x00, 0x00, 0x74, 0xFF, 0x04, 0x00, 0x00, 0x00, 0x74,
0xFF, 0x04, 0x00, 0x00, 0x00, 0x74, 0xFF, 0x04, 0x00, 0x00, 0x00, 0x74, 0xFF, 0x04, 0x00, 0x00,
0x00, 0x74, 0xFF, 0x04, 0x00, 0x00, 0x00, 0x74, 0xFF, 0x04, 0x00, 0x00, 0x00, 0x74, 0xFF, 0x04,
0x00, 0x00, 0x00, 0x74, 0xFF, 0x04, 0x00, 0x00, 0x00, 0x74, 0xFF, 0x04, 0x00, 0x00, 0x00, 0x74,
0xFF, 0x04, 0x00, 0x00, 0x00, 0x74, 0xFF, 0x04, 0x00, 0x00, 0x00, 0x25, 0x4E, 0x00, 0x00, 0x78,
0xFC, 0x00, 0x00, 0x78, 0xFC, 0x00, 0x00, 0x78, 0xFC, 0x00, 0x00, 0x78, 0xFC, 0x00, 0x00, 0x78,
0xFC, 0x00, 0x00, 0x78, 0xFC, 0x00, 0x00, 0x78, 0xFC, 0x00, 0x00, 0x7B, 0xF4, 0x00, 0x00, 0x97,
0xDA, 0x20, 0x45, 0xEE, 0x90, 0xDF, 0xFD, 0xBA, 0x13, 0x0B, 0x09, 0x00, 0x00, 0x00, 0x00, 0x0F,
0x50, 0x50, 0x50, 0x50, 0x50, 0x50, 0x50, 0x0F, 0x00, 0x00, 0x00, 0x00, 0x00, 0x00, 0x00, 0x00,
0x39, 0xFF, 0xFF, 0xFF, 0xFF, 0xFF, 0xFF, 0xFF, 0x30, 0x00, 0x00, 0x00, 0x00, 0x00, 0x00, 0x00,
0x00, 0x45, 0xFF, 0x26, 0x04, 0x04, 0x04, 0x4A, 0xFF, 0x30, 0x00, 0x00, 0x00, 0x00, 0x00, 0x00,
0x00, 0x00, 0x52, 0xFF, 0x12, 0x00, 0x00, 0x00, 0x48, 0xFF, 0x30, 0x00, 0x00, 0x00, 0x00, 0x00,
0x00, 0x00, 0x00, 0x65, 0xFE, 0x03, 0x00, 0x00, 0x00, 0x48, 0xFF, 0x30, 0x00, 0x00, 0x00, 0x00,
0x00, 0x00, 0x00, 0x00, 0x78, 0xEC, 0x00, 0x00, 0x00, 0x00, 0x48, 0xFF, 0xB2, 0xA0, 0x9D, 0x85,
0x3B, 0x00, 0x00, 0x00, 0x00, 0x92, 0xD5, 0x00, 0x00, 0x00, 0x00, 0x48, 0xFF, 0xA1, 0x8C, 0x95,
0xC5, 0xFF, 0x89, 0x00, 0x00, 0x00, 0xB0, 0xBA, 0x00, 0x00, 0x00, 0x00, 0x48, 0xFF, 0x30, 0x00,
0x00, 0x00, 0x86, 0xFE, 0x1E, 0x00, 0x00, 0xD5, 0x98, 0x00, 0x00, 0x00, 0x00, 0x48, 0xFF, 0x30,
0x00, 0x00, 0x00, 0x38, 0xFF, 0x43, 0x00, 0x09, 0xFB, 0x6D, 0x00, 0x00, 0x00, 0x00, 0x48, 0xFF,
0x30, 0x00, 0x00, 0x00, 0x61, 0xFF, 0x25, 0x14, 0x74, 0xFF, 0x2B, 0x00, 0x00, 0x00, 0x00, 0x48,
0xFF, 0x57, 0x30, 0x3D, 0x73, 0xEF, 0xAE, 0x00, 0xC2, 0xFF, 0xA3, 0x00, 0x00, 0x00, 0x00, 0x00,
0x48, 0xFF, 0xFF, 0xFF, 0xF7, 0xD6, 0x7E, 0x08, 0x00, 0x15, 0x2A, 0x00, 0x00, 0x00, 0x00, 0x00,
0x00, 0x00, 0x00, 0x00, 0x00, 0x00, 0x00, 0x00, 0x00, 0x00, 0x24, 0x50, 0x01, 0x00, 0x00, 0x00,
0x00, 0x1F, 0x50, 0x06, 0x00, 0x00, 0x00, 0x00, 0x00, 0x00, 0x74, 0xFF, 0x04, 0x00, 0x00, 0x00,
0x00, 0x64, 0xFF, 0x14, 0x00, 0x00, 0x00, 0x00, 0x00, 0x00, 0x74, 0xFF, 0x04, 0x00, 0x00, 0x00,
0x00, 0x64, 0xFF, 0x14, 0x00, 0x00, 0x00, 0x00, 0x00, 0x00, 0x74, 0xFF, 0x04, 0x00, 0x00, 0x00,
0x00, 0x64, 0xFF, 0x14, 0x00, 0x00, 0x00, 0x00, 0x00, 0x00, 0x74, 0xFF, 0x04, 0x00, 0x00, 0x00,
0x00, 0x64, 0xFF, 0x14, 0x00, 0x00, 0x00, 0x00, 0x00, 0x00, 0x74, 0xFF, 0x82, 0x80, 0x80, 0x80,
0x80, 0xB2, 0xFF, 0xA7, 0xA0, 0x9B, 0x80, 0x30, 0x00, 0x00, 0x74, 0xFF, 0xBD, 0xBC, 0xBC, 0xBC,
0xBC, 0xD6, 0xFF, 0x95, 0x8C, 0x98, 0xCE, 0xFE, 0x71, 0x00, 0x74, 0xFF, 0x04, 0x00, 0x00, 0x00,
0x00, 0x64, 0xFF, 0x14, 0x00, 0x00, 0x00, 0xA2, 0xF6, 0x0D, 0x74, 0xFF, 0x04, 0x00, 0x00, 0x00,
0x00, 0x64, 0xFF, 0x14, 0x00, 0x00, 0x00, 0x54, 0xFF, 0x2B, 0x74, 0xFF, 0x04, 0x00, 0x00, 0x00,
0x00, 0x64, 0xFF, 0x14, 0x00, 0x00, 0x00, 0x7D, 0xFB, 0x11, 0x74, 0xFF, 0x04, 0x00, 0x00, 0x00,
0x00, 0x64, 0xFF, 0x40, 0x30, 0x40, 0x7D, 0xF7, 0x92, 0x00, 0x74, 0xFF, 0x04, 0x00, 0x00, 0x00,
0x00, 0x64, 0xFF, 0xFF, 0xFF, 0xF5, 0xD0, 0x70, 0x03, 0x00, 0x32, 0x50, 0x50, 0x50, 0x50, 0x50,
0x50, 0x50, 0x29, 0x00, 0x00, 0x00, 0xAE, 0xF0, 0xF0, 0xF4, 0xFF, 0xF2, 0xF0, 0xF0, 0x64, 0x00,
0x00, 0x00, 0x00, 0x00, 0x00, 0x4C, 0xFF, 0x2C, 0x00, 0x00, 0x00, 0x00, 0x00, 0x00, 0x00, 0x00,
0x00, 0x4C, 0xFF, 0x2C, 0x00, 0x00, 0x00, 0x00, 0x00, 0x00, 0x00, 0x00, 0x00, 0x4C, 0xFF, 0x2C,
0x00, 0x00, 0x00, 0x00, 0x00, 0x00, 0x00, 0x00, 0x00, 0x4C, 0xFF, 0xA7, 0xD4, 0xF2, 0xEA, 0xA8,
0x21, 0x00, 0x00, 0x00, 0x00, 0x4C, 0xFF, 0xB3, 0x64, 0x4C, 0x71, 0xE8, 0xE4, 0x12, 0x00, 0x00,
0x00, 0x4C, 0xFF, 0x2C, 0x00, 0x00, 0x00, 0x37, 0xFF, 0x6D, 0x00, 0x00, 0x00, 0x4C, 0xFF, 0x2C,
0x00, 0x00, 0x00, 0x00, 0xEF, 0x93, 0x00, 0x00, 0x00, 0x4C, 0xFF, 0x2C, 0x00, 0x00, 0x00, 0x00,
0xE0, 0x98, 0x00, 0x00, 0x00, 0x4C, 0xFF, 0x2C, 0x00, 0x00, 0x00, 0x00, 0xE0, 0x98, 0x00, 0x00,
0x00, 0x4C, 0xFF, 0x2C, 0x00, 0x00, 0x00, 0x00, 0xE0, 0x98, 0x00, 0x00, 0x00, 0x00, 0x00, 0x63,
0x59, 0x02, 0x00, 0x00, 0x00, 0x00, 0x00, 0x7A, 0xE9, 0x3D, 0x00, 0x00, 0x00, 0x00, 0x00, 0x46,
0xC9, 0x1C, 0x00, 0x00, 0x00, 0x24, 0x50, 0x01, 0x00, 0x00, 0x00, 0x1B, 0x6C, 0x49, 0x74, 0xFF,
0x04, 0x00, 0x00, 0x22, 0xE9, 0xE2, 0x87, 0x74, 0xFF, 0x04, 0x00, 0x05, 0xCB, 0xBE, 0x06, 0x00,
0x74, 0xFF, 0x04, 0x00, 0x87, 0xEB, 0x19, 0x00, 0x00, 0x74, 0xFF, 0x04, 0x41, 0xFD, 0x4F, 0x00,
0x00, 0x00, 0x74, 0xFF, 0x89, 0xE4, 0x9F, 0x00, 0x00, 0x00, 0x00, 0x74, 0xFF, 0xBD, 0xDF, 0xDA,
0x0B, 0x00, 0x00, 0x00, 0x74, 0xFF, 0x04, 0x21, 0xF2, 0x9B, 0x00, 0x00, 0x00, 0x74, 0xFF, 0x04,
0x00, 0x61, 0xFF, 0x50, 0x00, 0x00, 0x74, 0xFF, 0x04, 0x00, 0x00, 0xAE, 0xEC, 0x19, 0x00, 0x74,
0xFF, 0x04, 0x00, 0x00, 0x14, 0xE7, 0xBA, 0x01, 0x74, 0xFF, 0x04, 0x00, 0x00, 0x00, 0x4A, 0xFF,
0x71, 0x00, 0x00, 0x10, 0x65, 0x49, 0x00, 0x00, 0x00, 0x00, 0x00, 0x00, 0x00, 0x00, 0x67, 0xF4,
0x42, 0x00, 0x00, 0x00, 0x00, 0x00, 0x00, 0x00, 0x00, 0x3A, 0xD3, 0x1C, 0x00, 0x00, 0x00, 0x24,
0x4B, 0x00, 0x00, 0x00, 0x00, 0x00, 0x08, 0x50, 0x35, 0x74, 0xF0, 0x00, 0x00, 0x00, 0x00, 0x00,
0x89, 0xFF, 0xAC, 0x74, 0xF0, 0x00, 0x00, 0x00, 0x00, 0x34, 0xFC, 0xEE, 0xAC, 0x74, 0xF0, 0x00,
0x00, 0x00, 0x05, 0xD2, 0xBC, 0xAC, 0xAC, 0x74, 0xF0, 0x00, 0x00, 0x00, 0x81, 0xF4, 0x20, 0xB4,
0xAC, 0x74, 0xF0, 0x00, 0x00, 0x2E, 0xFA, 0x6C, 0x00, 0xB7, 0xAC, 0x74, 0xF0, 0x00, 0x04, 0xCC,
0xC2, 0x01, 0x00, 0xB8, 0xAC, 0x74, 0xEF, 0x00, 0x7A, 0xF6, 0x25, 0x00, 0x00, 0xB8, 0xAC, 0x74,
0xEA, 0x29, 0xF8, 0x74, 0x00, 0x00, 0x00, 0xB8, 0xAC, 0x74, 0xE6, 0xC6, 0xC9, 0x03, 0x00, 0x00,
0x00, 0xB8, 0xAC, 0x74, 0xFF, 0xF9, 0x2B, 0x00, 0x00, 0x00, 0x00, 0xB8, 0xAC, 0x74, 0xFF, 0x7C,
0x00, 0x00, 0x00, 0x00, 0x00, 0xB8, 0xAC, 0x00, 0x00, 0x1D, 0x23, 0x00, 0x00, 0x13, 0x2D, 0x00,
0x00, 0x00, 0x00, 0x00, 0x4B, 0xE1, 0x18, 0x06, 0xAA, 0x93, 0x00, 0x00, 0x00, 0x00, 0x00, 0x00,
0x77, 0xDA, 0xE1, 0xA3, 0x0F, 0x00, 0x00, 0x00, 0x4A, 0x36, 0x00, 0x00, 0x00, 0x00, 0x00, 0x00,
0x27, 0x4F, 0x02, 0x99, 0xF1, 0x11, 0x00, 0x00, 0x00, 0x00, 0x00, 0xCC, 0xB3, 0x00, 0x1C, 0xF8,
0x83, 0x00, 0x00, 0x00, 0x00, 0x44, 0xFF, 0x37, 0x00, 0x00, 0x90, 0xF1, 0x11, 0x00, 0x00, 0x00,
0xBA, 0xBC, 0x00, 0x00, 0x00, 0x16, 0xF4, 0x82, 0x00, 0x00, 0x31, 0xFF, 0x40, 0x00, 0x00, 0x00,
0x00, 0x87, 0xF1, 0x11, 0x00, 0xA8, 0xC5, 0x00, 0x00, 0x00, 0x00, 0x00, 0x11, 0xF0, 0x82, 0x22,
0xFC, 0x49, 0x00, 0x00, 0x00, 0x00, 0x00, 0x00, 0x7E, 0xF0, 0xA6, 0xCD, 0x00, 0x00, 0x00, 0x00,
0x00, 0x00, 0x00, 0x0D, 0xEC, 0xFF, 0x52, 0x00, 0x00, 0x00, 0x00, 0x00, 0x00, 0x00, 0x00, 0xB2,
0xD4, 0x01, 0x00, 0x00, 0x00, 0x00, 0x00, 0x05, 0x16, 0x5E, 0xFE, 0x4C, 0x00, 0x00, 0x00, 0x00,
0x00, 0x00, 0x39, 0xFF, 0xFF, 0x84, 0x00, 0x00, 0x00, 0x00, 0x00, 0x00, 0x00, 0x04, 0x2F, 0x14,
0x00, 0x00, 0x00, 0x00, 0x00, 0x00, 0x00, 0x24, 0x50, 0x00, 0x00, 0x00, 0x00, 0x00, 0x00, 0x48,
0x2D, 0x74, 0xFF, 0x00, 0x00, 0x00, 0x00, 0x00, 0x00, 0xE8, 0x90, 0x74, 0xFF, 0x00, 0x00, 0x00,
0x00, 0x00, 0x00, 0xE8, 0x90, 0x74, 0xFF, 0x00, 0x00, 0x00, 0x00, 0x00, 0x00, 0xE8, 0x90, 0x74,
0xFF, 0x00, 0x00, 0x00, 0x00, 0x00, 0x00, 0xE8, 0x90, 0x74, 0xFF, 0x00, 0x00, 0x00, 0x00, 0x00,
0x00, 0xE8, 0x90, 0x74, 0xFF, 0x00, 0x00, 0x00, 0x00, 0x00, 0x00, 0xE8, 0x90, 0x74, 0xFF, 0x00,
0x00, 0x00, 0x00, 0x00, 0x00, 0xE8, 0x90, 0x74, 0xFF, 0x00, 0x00, 0x00, 0x00, 0x00, 0x00, 0xE8,
0x90, 0x74, 0xFF, 0x00, 0x00, 0x00, 0x00, 0x00, 0x00, 0xE8, 0x90, 0x74, 0xFF, 0x54, 0x54, 0x54,
0x54, 0x54, 0x54, 0xEF, 0x90, 0x74, 0xFF, 0xFF, 0xFF, 0xFF, 0xFF, 0xFF, 0xFF, 0xFF, 0x90, 0x00,
0x00, 0x00, 0x00, 0x9C, 0xDC, 0x00, 0x00, 0x00, 0x00, 0x00, 0x00, 0x00, 0x00, 0x9C, 0xDC, 0x00,
0x00, 0x00, 0x00, 0x00, 0x00, 0x00, 0x00, 0x53, 0x66, 0x00, 0x00, 0x00, 0x00, 0x00, 0x00, 0x00,
0x00, 0x2B, 0x49, 0x00, 0x00, 0x00, 0x00, 0x00, 0x00, 0x00, 0x00, 0x00, 0xCF, 0xFF, 0x30, 0x00,
0x00, 0x00, 0x00, 0x00, 0x00, 0x00, 0x36, 0xFE, 0xDA, 0x99, 0x00, 0x00, 0x00, 0x00, 0x00, 0x00,
0x00, 0x9D, 0xC6, 0x68, 0xF3, 0x0E, 0x00, 0x00, 0x00, 0x00, 0x00, 0x0E, 0xF4, 0x68, 0x0F, 0xF6,
0x6A, 0x00, 0x00, 0x00, 0x00, 0x00, 0x6A, 0xF6, 0x0F, 0x00, 0xA3, 0xD3, 0x00, 0x00, 0x00, 0x00,
0x00, 0xD0, 0xA2, 0x00, 0x00, 0x3F, 0xFF, 0x3C, 0x00, 0x00, 0x00, 0x37, 0xFF, 0xAC, 0x80, 0x80,
0x80, 0xF9, 0xA4, 0x00, 0x00, 0x00, 0x9D, 0xEC, 0xB4, 0xB4, 0xB4, 0xB4, 0xCD, 0xF8, 0x14, 0x00,
0x0E, 0xF5, 0x7E, 0x00, 0x00, 0x00, 0x00, 0x18, 0xFB, 0x76, 0x00, 0x6A, 0xFE, 0x1F, 0x00, 0x00,
0x00, 0x00, 0x00, 0xAF, 0xDC, 0x01, 0xD0, 0xBC, 0x00, 0x00, 0x00, 0x00, 0x00, 0x00, 0x4A, 0xFF,
0x47, 0x24, 0x50, 0x50, 0x50, 0x50, 0x50, 0x44, 0x00, 0x00, 0x74, 0xFF, 0xF0, 0xF0, 0xF0, 0xF0,
0xB7, 0x00, 0x00, 0x74, 0xFF, 0x04, 0x00, 0x00, 0x00, 0x00, 0x00, 0x00, 0x74, 0xFF, 0x04, 0x00,
0x00, 0x00, 0x00, 0x00, 0x00, 0x74, 0xFF, 0x04, 0x00, 0x00, 0x00, 0x00, 0x00, 0x00, 0x74, 0xFF,
0xA1, 0xA0, 0x9A, 0x7D, 0x2A, 0x00, 0x00, 0x74, 0xFF, 0x8D, 0x8C, 0x99, 0xD4, 0xFC, 0x63, 0x00,
0x74, 0xFF, 0x04, 0x00, 0x00, 0x01, 0xB1, 0xEF, 0x05, 0x74, 0xFF, 0x04, 0x00, 0x00, 0x00, 0x64,
0xFF, 0x1B, 0x74, 0xFF, 0x04, 0x00, 0x00, 0x00, 0x8D, 0xF5, 0x06, 0x74, 0xFF, 0x33, 0x30, 0x41,
0x85, 0xFB, 0x82, 0x00, 0x74, 0xFF, 0xFF, 0xFF, 0xF4, 0xCC, 0x68, 0x01, 0x00, 0x24, 0x50, 0x50,
0x4E, 0x37, 0x0D, 0x00, 0x00, 0x74, 0xFF, 0xD8, 0xDB, 0xF5, 0xF0, 0x5D, 0x00, 0x74, 0xFF, 0x00,
0x00, 0x09, 0xA6, 0xF9, 0x0A, 0x74, 0xFF, 0x00, 0x00, 0x00, 0x52, 0xFF, 0x23, 0x74, 0xFF, 0x00,
0x00, 0x05, 0xB3, 0xD9, 0x03, 0x74, 0xFF, 0x98, 0x9C, 0xD5, 0xC6, 0x23, 0x00, 0x74, 0xFF, 0x90,
0x93, 0xAF, 0xF3, 0x9B, 0x07, 0x74, 0xFF, 0x00, 0x00, 0x00, 0x24, 0xF0, 0x80, 0x74, 0xFF, 0x00,
0x00, 0x00, 0x00, 0xAF, 0xC9, 0x74, 0xFF, 0x00, 0x00, 0x00, 0x00, 0xCC, 0xB9, 0x74, 0xFF, 0x2C,
0x2C, 0x42, 0xA0, 0xFE, 0x4D, 0x74, 0xFF, 0xFF, 0xFF, 0xF3, 0xC3, 0x4C, 0x00, 0x24, 0x50, 0x50,
0x50, 0x50, 0x50, 0x3E, 0x74, 0xFF, 0xEC, 0xEC, 0xEC, 0xEC, 0xA3, 0x74, 0xFF, 0x04, 0x00, 0x00,
0x00, 0x00, 0x74, 0xFF, 0x04, 0x00, 0x00, 0x00, 0x00, 0x74, 0xFF, 0x04, 0x00, 0x00, 0x00, 0x00,
0x74, 0xFF, 0x04, 0x00, 0x00, 0x00, 0x00, 0x74, 0xFF, 0x04, 0x00, 0x00, 0x00, 0x00, 0x74, 0xFF,
0x04, 0x00, 0x00, 0x00, 0x00, 0x74, 0xFF, 0x04, 0x00, 0x00, 0x00, 0x00, 0x74, 0xFF, 0x04, 0x00,
0x00, 0x00, 0x00, 0x74, 0xFF, 0x04, 0x00, 0x00, 0x00, 0x00, 0x74, 0xFF, 0x04, 0x00, 0x00, 0x00,
0x00, 0x00, 0x00, 0x00, 0x39, 0x50, 0x50, 0x50, 0x50, 0x50, 0x50, 0x0F, 0x00, 0x00, 0x00, 0x00,
0xBF, 0xFF, 0xFF, 0xFF, 0xFF, 0xFF, 0xFF, 0x30, 0x00, 0x00, 0x00, 0x00, 0xCD, 0xA0, 0x04, 0x04,
0x04, 0x46, 0xFF, 0x30, 0x00, 0x00, 0x00, 0x00, 0xDC, 0x8C, 0x00, 0x00, 0x00, 0x44, 0xFF, 0x30,
0x00, 0x00, 0x00, 0x02, 0xF9, 0x76, 0x00, 0x00, 0x00, 0x44, 0xFF, 0x30, 0x00, 0x00, 0x00, 0x1E,
0xFF, 0x53, 0x00, 0x00, 0x00, 0x44, 0xFF, 0x30, 0x00, 0x00, 0x00, 0x47, 0xFF, 0x2D, 0x00, 0x00,
0x00, 0x44, 0xFF, 0x30, 0x00, 0x00, 0x00, 0x81, 0xF4, 0x03, 0x00, 0x00, 0x00, 0x44, 0xFF, 0x30,
0x00, 0x00, 0x00, 0xBD, 0xBD, 0x00, 0x00, 0x00, 0x00, 0x44, 0xFF, 0x30, 0x00, 0x00, 0x18, 0xFC,
0x6C, 0x00, 0x00, 0x00, 0x00, 0x44, 0xFF, 0x30, 0x00, 0x20, 0x97, 0xFF, 0x68, 0x54, 0x54, 0x54,
0x54, 0x81, 0xFF, 0x74, 0x48, 0x64, 0xFF, 0xFF, 0xFF, 0xFF, 0xFF, 0xFF, 0xFF, 0xFF, 0xFF, 0xFF,
0xDC, 0x64, 0xFF, 0x14, 0x00, 0x00, 0x00, 0x00, 0x00, 0x00, 0x00, 0x98, 0xDC, 0x64, 0xFF, 0x14,
0x00, 0x00, 0x00, 0x00, 0x00, 0x00, 0x00, 0x98, 0xDC, 0x36, 0x7A, 0x08, 0x00, 0x00, 0x00, 0x00,
0x00, 0x00, 0x00, 0x51, 0x66, 0x24, 0x50, 0x50, 0x50, 0x50, 0x50, 0x4D, 0x00, 0x74, 0xFF, 0xF0,
0xF0, 0xF0, 0xF0, 0xD1, 0x00, 0x74, 0xFF, 0x04, 0x00, 0x00, 0x00, 0x00, 0x00, 0x74, 0xFF, 0x04,
0x00, 0x00, 0x00, 0x00, 0x00, 0x74, 0xFF, 0x04, 0x00, 0x00, 0x00, 0x00, 0x00, 0x74, 0xFF, 0x76,
0x74, 0x74, 0x74, 0x3F, 0x00, 0x74, 0xFF, 0xC1, 0xC0, 0xC0, 0xC0, 0x69, 0x00, 0x74, 0xFF, 0x04,
0x00, 0x00, 0x00, 0x00, 0x00, 0x74, 0xFF, 0x04, 0x00, 0x00, 0x00, 0x00, 0x00, 0x74, 0xFF, 0x04,
0x00, 0x00, 0x00, 0x00, 0x00, 0x74, 0xFF, 0x4A, 0x48, 0x48, 0x48, 0x48, 0x01, 0x74, 0xFF, 0xFF,
0xFF, 0xFF, 0xFF, 0xF1, 0x00, 0x56, 0x69, 0x13, 0x00, 0x00, 0x00, 0x3A, 0x3A, 0x00, 0x00, 0x00,
0x12, 0x65, 0x54, 0x9D, 0xE8, 0xDC, 0x10, 0x00, 0x00, 0xBC, 0xBC, 0x00, 0x00, 0x0F, 0xDC, 0xEA,
0x9B, 0x00, 0x0F, 0xD8, 0x9E, 0x00, 0x00, 0xBC, 0xBC, 0x00, 0x00, 0x9F, 0xD8, 0x0F, 0x00, 0x00,
0x00, 0x3C, 0xFD, 0x44, 0x00, 0xBC, 0xBC, 0x00, 0x45, 0xFD, 0x3C, 0x00, 0x00, 0x00, 0x00, 0x00,
0x98, 0xDE, 0x0B, 0xBC, 0xBC, 0x0B, 0xDF, 0x99, 0x00, 0x00, 0x00, 0x00, 0x00, 0x00, 0x0F, 0xEE,
0xB7, 0xE0, 0xE0, 0xB7, 0xF0, 0x10, 0x00, 0x00, 0x00, 0x00, 0x00, 0x00, 0x42, 0xFE, 0xC3, 0xED,
0xED, 0xC5, 0xFF, 0x46, 0x00, 0x00, 0x00, 0x00, 0x00, 0x0C, 0xDF, 0xB6, 0x00, 0xBC, 0xBC, 0x00,
0xB9, 0xE1, 0x0D, 0x00, 0x00, 0x00, 0x00, 0x96, 0xF3, 0x1E, 0x00, 0xBC, 0xBC, 0x00, 0x20, 0xF4,
0x97, 0x00, 0x00, 0x00, 0x40, 0xFE, 0x6E, 0x00, 0x00, 0xBC, 0xBC, 0x00, 0x00, 0x70, 0xFE, 0x41,
0x00, 0x0B, 0xDD, 0xC7, 0x02, 0x00, 0x00, 0xBC, 0xBC, 0x00, 0x00, 0x02, 0xC8, 0xDE, 0x0B, 0x93,
0xFA, 0x2C, 0x00, 0x00, 0x00, 0xBC, 0xBC, 0x00, 0x00, 0x00, 0x2C, 0xFA, 0x93, 0x00, 0x00, 0x25,
0x63, 0x71, 0x50, 0x08, 0x00, 0x00, 0x02, 0x96, 0xFA, 0xCA, 0xC0, 0xF6, 0xDC, 0x1B, 0x00, 0x00,
0x87, 0x27, 0x00, 0x00, 0x25, 0xF6, 0x92, 0x00, 0x00, 0x00, 0x00, 0x00, 0x00, 0x00, 0xD2, 0xAB,
0x00, 0x00, 0x00, 0x00, 0x00, 0x00, 0x25, 0xF9, 0x64, 0x00, 0x00, 0x00, 0x38, 0x6B, 0x8E, 0xDE,
0x7E, 0x01, 0x00, 0x00, 0x00, 0x69, 0xC0, 0xD5, 0xE8, 0x9A, 0x14, 0x00, 0x00, 0x00, 0x00, 0x00,
0x00, 0x1E, 0xD2, 0xC7, 0x01, 0x00, 0x00, 0x00, 0x00, 0x00, 0x00, 0x5C, 0xFF, 0x20, 0x01, 0x02,
0x00, 0x00, 0x00, 0x00, 0x68, 0xFF, 0x1E, 0x43, 0xD2, 0x54, 0x16, 0x10, 0x50, 0xE9, 0xBD, 0x00,
0x1B, 0x93, 0xF2, 0xFF, 0xFF, 0xF6, 0xA1, 0x12, 0x00, 0x00, 0x00, 0x02, 0x1C, 0x20, 0x07, 0x00,
0x00, 0x00, 0x24, 0x4B, 0x00, 0x00, 0x00, 0x00, 0x00, 0x08, 0x50, 0x35, 0x74, 0xF0, 0x00, 0x00,
0x00, 0x00, 0x00, 0x89, 0xFF, 0xAC, 0x74, 0xF0, 0x00, 0x00, 0x00, 0x00, 0x34, 0xFC, 0xEE, 0xAC,
0x74, 0xF0, 0x00, 0x00, 0x00, 0x05, 0xD2, 0xBC, 0xAC, 0xAC, 0x74, 0xF0, 0x00, 0x00, 0x00, 0x81,
0xF4, 0x20, 0xB4, 0xAC, 0x74, 0xF0, 0x00, 0x00, 0x2E, 0xFA, 0x6C, 0x00, 0xB7, 0xAC, 0x74, 0xF0,
0x00, 0x04, 0xCC, 0xC2, 0x01, 0x00, 0xB8, 0xAC, 0x74, 0xEF, 0x00, 0x7A, 0xF6, 0x25, 0x00, 0x00,
0xB8, 0xAC, 0x74, 0xEA, 0x29, 0xF8, 0x74, 0x00, 0x00, 0x00, 0xB8, 0xAC, 0x74, 0xE6, 0xC6, 0xC9,
0x03, 0x00, 0x00, 0x00, 0xB8, 0xAC, 0x74, 0xFF, 0xF9, 0x2B, 0x00, 0x00, 0x00, 0x00, 0xB8, 0xAC,
0x74, 0xFF, 0x7C, 0x00, 0x00, 0x00, 0x00, 0x00, 0xB8, 0xAC, 0x00, 0x00, 0x1C, 0x24, 0x00, 0x00,
0x12, 0x2E, 0x00, 0x00, 0x00, 0x00, 0x47, 0xE3, 0x1A, 0x05, 0xA7, 0x97, 0x00, 0x00, 0x00, 0x00,
0x00, 0x74, 0xD9, 0xE1, 0xA5, 0x10, 0x00, 0x00, 0x24, 0x4B, 0x00, 0x00, 0x00, 0x00, 0x00, 0x08,
0x50, 0x35, 0x74, 0xF0, 0x00, 0x00, 0x00, 0x00, 0x00, 0x89, 0xFF, 0xAC, 0x74, 0xF0, 0x00, 0x00,
0x00, 0x00, 0x34, 0xFC, 0xEE, 0xAC, 0x74, 0xF0, 0x00, 0x00, 0x00, 0x05, 0xD2, 0xBC, 0xAC, 0xAC,
0x74, 0xF0, 0x00, 0x00, 0x00, 0x81, 0xF4, 0x20, 0xB4, 0xAC, 0x74, 0xF0, 0x00, 0x00, 0x2E, 0xFA,
0x6C, 0x00, 0xB7, 0xAC, 0x74, 0xF0, 0x00, 0x04, 0xCC, 0xC2, 0x01, 0x00, 0xB8, 0xAC, 0x74, 0xEF,
0x00, 0x7A, 0xF6, 0x25, 0x00, 0x00, 0xB8, 0xAC, 0x74, 0xEA, 0x29, 0xF8, 0x74, 0x00, 0x00, 0x00,
0xB8, 0xAC, 0x74, 0xE6, 0xC6, 0xC9, 0x03, 0x00, 0x00, 0x00, 0xB8, 0xAC, 0x74, 0xFF, 0xF9, 0x2B,
0x00, 0x00, 0x00, 0x00, 0xB8, 0xAC, 0x74, 0xFF, 0x7C, 0x00, 0x00, 0x00, 0x00, 0x00, 0xB8, 0xAC,
0x24, 0x50, 0x01, 0x00, 0x00, 0x00, 0x1B, 0x6C, 0x49, 0x74, 0xFF, 0x04, 0x00, 0x00, 0x22, 0xE9,
0xE2, 0x87, 0x74, 0xFF, 0x04, 0x00, 0x05, 0xCB, 0xBE, 0x06, 0x00, 0x74, 0xFF, 0x04, 0x00, 0x87,
0xEB, 0x19, 0x00, 0x00, 0x74, 0xFF, 0x04, 0x41, 0xFD, 0x4F, 0x00, 0x00, 0x00, 0x74, 0xFF, 0x89,
0xE4, 0x9F, 0x00, 0x00, 0x00, 0x00, 0x74, 0xFF, 0xBD, 0xDF, 0xDA, 0x0B, 0x00, 0x00, 0x00, 0x74,
0xFF, 0x04, 0x21, 0xF2, 0x9B, 0x00, 0x00, 0x00, 0x74, 0xFF, 0x04, 0x00, 0x61, 0xFF, 0x50, 0x00,
0x00, 0x74, 0xFF, 0x04, 0x00, 0x00, 0xAE, 0xEC, 0x19, 0x00, 0x74, 0xFF, 0x04, 0x00, 0x00, 0x14,
0xE7, 0xBA, 0x01, 0x74, 0xFF, 0x04, 0x00, 0x00, 0x00, 0x4A, 0xFF, 0x71, 0x00, 0x00, 0x0F, 0x50,
0x50, 0x50, 0x50, 0x50, 0x50, 0x50, 0x0F, 0x00, 0x00, 0x39, 0xFF, 0xFF, 0xFF, 0xFF, 0xFF, 0xFF,
0xFF, 0x30, 0x00, 0x00, 0x45, 0xFF, 0x26, 0x04, 0x04, 0x04, 0x4A, 0xFF, 0x30, 0x00, 0x00, 0x52,
0xFF, 0x12, 0x00, 0x00, 0x00, 0x48, 0xFF, 0x30, 0x00, 0x00, 0x65, 0xFE, 0x03, 0x00, 0x00, 0x00,
0x48, 0xFF, 0x30, 0x00, 0x00, 0x78, 0xEC, 0x00, 0x00, 0x00, 0x00, 0x48, 0xFF, 0x30, 0x00, 0x00,
0x92, 0xD5, 0x00, 0x00, 0x00, 0x00, 0x48, 0xFF, 0x30, 0x00, 0x00, 0xB0, 0xBA, 0x00, 0x00, 0x00,
0x00, 0x48, 0xFF, 0x30, 0x00, 0x00, 0xD5, 0x98, 0x00, 0x00, 0x00, 0x00, 0x48, 0xFF, 0x30, 0x00,
0x09, 0xFB, 0x6D, 0x00, 0x00, 0x00, 0x00, 0x48, 0xFF, 0x30, 0x14, 0x74, 0xFF, 0x2B, 0x00, 0x00,
0x00, 0x00, 0x48, 0xFF, 0x30, 0xC2, 0xFF, 0xA3, 0x00, 0x00, 0x00, 0x00, 0x00, 0x48, 0xFF, 0x30,
0x15, 0x2A, 0x00, 0x00, 0x00, 0x00, 0x00, 0x00, 0x00, 0x00, 0x00, 0x24, 0x50, 0x2B, 0x00, 0x00,
0x00, 0x00, 0x00, 0x00, 0x00, 0x34, 0x50, 0x17, 0x74, 0xFF, 0xD2, 0x00, 0x00, 0x00, 0x00, 0x00,
0x00, 0x07, 0xEA, 0xFF, 0x4C, 0x74, 0xF0, 0xFE, 0x3F, 0x00, 0x00, 0x00, 0x00, 0x00, 0x5F, 0xEC,
0xFF, 0x4C, 0x74, 0xDF, 0xC4, 0xAA, 0x00, 0x00, 0x00, 0x00, 0x00, 0xCC, 0x9C, 0xFF, 0x4C, 0x74,
0xE4, 0x61, 0xFB, 0x1A, 0x00, 0x00, 0x00, 0x3B, 0xFE, 0x46, 0xFF, 0x4C, 0x74, 0xE7, 0x09, 0xED,
0x82, 0x00, 0x00, 0x00, 0xA8, 0xB4, 0x28, 0xFF, 0x4C, 0x74, 0xE8, 0x00, 0x8C, 0xE7, 0x05, 0x00,
0x1A, 0xFA, 0x46, 0x28, 0xFF, 0x4C, 0x74, 0xE8, 0x00, 0x23, 0xFD, 0x59, 0x00, 0x83, 0xD7, 0x01,
0x28, 0xFF, 0x4C, 0x74, 0xE8, 0x00, 0x00, 0xB5, 0xC0, 0x05, 0xE8, 0x6A, 0x00, 0x28, 0xFF, 0x4C,
0x74, 0xE8, 0x00, 0x00, 0x4A, 0xFF, 0x71, 0xF0, 0x0C, 0x00, 0x28, 0xFF, 0x4C, 0x74, 0xE8, 0x00,
0x00, 0x02, 0xDC, 0xF6, 0x8E, 0x00, 0x00, 0x28, 0xFF, 0x4C, 0x74, 0xE8, 0x00, 0x00, 0x00, 0x73,
0xFD, 0x22, 0x00, 0x00, 0x28, 0xFF, 0x4C, 0x00, 0x00, 0x00, 0x00, 0x00, 0x00, 0x03, 0x00, 0x00,
0x00, 0x00, 0x00, 0x00, 0x24, 0x50, 0x01, 0x00, 0x00, 0x00, 0x00, 0x00, 0x47, 0x2D, 0x74, 0xFF,
0x04, 0x00, 0x00, 0x00, 0x00, 0x00, 0xE4, 0x90, 0x74, 0xFF, 0x04, 0x00, 0x00, 0x00, 0x00, 0x00,
0xE4, 0x90, 0x74, 0xFF, 0x04, 0x00, 0x00, 0x00, 0x00, 0x00, 0xE4, 0x90, 0x74, 0xFF, 0x04, 0x00,
0x00, 0x00, 0x00, 0x00, 0xE4, 0x90, 0x74, 0xFF, 0x82, 0x80, 0x80, 0x80, 0x80, 0x80, 0xF2, 0x90,
0x74, 0xFF, 0xBD, 0xBC, 0xBC, 0xBC, 0xBC, 0xBC, 0xF8, 0x90, 0x74, 0xFF, 0x04, 0x00, 0x00, 0x00,
0x00, 0x00, 0xE4, 0x90, 0x74, 0xFF, 0x04, 0x00, 0x00, 0x00, 0x00, 0x00, 0xE4, 0x90, 0x74, 0xFF,
0x04, 0x00, 0x00, 0x00, 0x00, 0x00, 0xE4, 0x90, 0x74, 0xFF, 0x04, 0x00, 0x00, 0x00, 0x00, 0x00,
0xE4, 0x90, 0x74, 0xFF, 0x04, 0x00, 0x00, 0x00, 0x00, 0x00, 0xE4, 0x90, 0x00, 0x00, 0x00, 0x00,
0x28, 0x5C, 0x70, 0x59, 0x1B, 0x00, 0x00, 0x00, 0x00, 0x00, 0x1B, 0xBB, 0xFF, 0xDD, 0xC8, 0xE9,
0xFC, 0x9B, 0x08, 0x00, 0x00, 0x12, 0xE3, 0xDB, 0x34, 0x00, 0x00, 0x02, 0x5B, 0xF7, 0xAD, 0x00,
0x00, 0x97, 0xF6, 0x20, 0x00, 0x00, 0x00, 0x00, 0x00, 0x6B, 0xFF, 0x42, 0x05, 0xEF, 0x9E, 0x00,
0x00, 0x00, 0x00, 0x00, 0x00, 0x09, 0xF7, 0x98, 0x23, 0xFF, 0x63, 0x00, 0x00, 0x00, 0x00, 0x00,
0x00, 0x00, 0xCD, 0xBE, 0x35, 0xFF, 0x55, 0x00, 0x00, 0x00, 0x00, 0x00, 0x00, 0x00, 0xC2, 0xC7,
0x22, 0xFF, 0x6E, 0x00, 0x00, 0x00, 0x00, 0x00, 0x00, 0x00, 0xDB, 0xAD, 0x03, 0xE8, 0xB3, 0x00,
0x00, 0x00, 0x00, 0x00, 0x00, 0x22, 0xFF, 0x6D, 0x00, 0x87, 0xFE, 0x43, 0x00, 0x00, 0x00, 0x00,
0x02, 0xB0, 0xEC, 0x14, 0x00, 0x09, 0xCB, 0xF5, 0x78, 0x28, 0x19, 0x43, 0xBB, 0xF7, 0x4B, 0x00,
0x00, 0x00, 0x0A, 0x8A, 0xEB, 0xFF, 0xFF, 0xFA, 0xB0, 0x30, 0x00, 0x00, 0x00, 0x00, 0x00, 0x00,
0x00, 0x16, 0x1D, 0x04, 0x00, 0x00, 0x00, 0x00, 0x24, 0x50, 0x50, 0x50, 0x50, 0x50, 0x50, 0x50,
0x50, 0x2D, 0x74, 0xFF, 0xFF, 0xFF, 0xFF, 0xFF, 0xFF, 0xFF, 0xFF, 0x90, 0x74, 0xFF, 0x07, 0x04,
0x04, 0x04, 0x04, 0x04, 0xE4, 0x90, 0x74, 0xFF, 0x04, 0x00, 0x00, 0x00, 0x00, 0x00, 0xE4, 0x90,
0x74, 0xFF, 0x04, 0x00, 0x00, 0x00, 0x00, 0x00, 0xE4, 0x90, 0x74, 0xFF, 0x04, 0x00, 0x00, 0x00,
0x00, 0x00, 0xE4, 0x90, 0x74, 0xFF, 0x04, 0x00, 0x00, 0x00, 0x00, 0x00, 0xE4, 0x90, 0x74, 0xFF,
0x04, 0x00, 0x00, 0x00, 0x00, 0x00, 0xE4, 0x90, 0x74, 0xFF, 0x04, 0x00, 0x00, 0x00, 0x00, 0x00,
0xE4, 0x90, 0x74, 0xFF, 0x04, 0x00, 0x00, 0x00, 0x00, 0x00, 0xE4, 0x90, 0x74, 0xFF, 0x04, 0x00,
0x00, 0x00, 0x00, 0x00, 0xE4, 0x90, 0x74, 0xFF, 0x04, 0x00, 0x00, 0x00, 0x00, 0x00, 0xE4, 0x90,
0x24, 0x50, 0x50, 0x4A, 0x2E, 0x08, 0x00, 0x00, 0x74, 0xFF, 0xDC, 0xE1, 0xFA, 0xEB, 0x6C, 0x00,
0x74, 0xFF, 0x04, 0x00, 0x09, 0x87, 0xFF, 0x48, 0x74, 0xFF, 0x04, 0x00, 0x00, 0x00, 0xF0, 0x92,
0x74, 0xFF, 0x04, 0x00, 0x00, 0x00, 0xEC, 0x8F, 0x74, 0xFF, 0x04, 0x00, 0x00, 0x56, 0xFF, 0x4C,
0x74, 0xFF, 0x93, 0x85, 0xB1, 0xFE, 0xA0, 0x00, 0x74, 0xFF, 0x95, 0xAC, 0x99, 0x4C, 0x00, 0x00,
0x74, 0xFF, 0x04, 0x00, 0x00, 0x00, 0x00, 0x00, 0x74, 0xFF, 0x04, 0x00, 0x00, 0x00, 0x00, 0x00,
0x74, 0xFF, 0x04, 0x00, 0x00, 0x00, 0x00, 0x00, 0x74, 0xFF, 0x04, 0x00, 0x00, 0x00, 0x00, 0x00,
0x00, 0x00, 0x00, 0x00, 0x3A, 0x65, 0x69, 0x47, 0x0A, 0x00, 0x00, 0x00, 0x29, 0xD1, 0xFD, 0xD8,
0xD1, 0xF4, 0xF1, 0x2C, 0x00, 0x1B, 0xEE, 0xC8, 0x23, 0x00, 0x00, 0x07, 0x56, 0x02, 0x00, 0xA2,
0xEE, 0x13, 0x00, 0x00, 0x00, 0x00, 0x00, 0x00, 0x06, 0xF2, 0x95, 0x00, 0x00, 0x00, 0x00, 0x00,
0x00, 0x00, 0x25, 0xFF, 0x62, 0x00, 0x00, 0x00, 0x00, 0x00, 0x00, 0x00, 0x36, 0xFF, 0x55, 0x00,
0x00, 0x00, 0x00, 0x00, 0x00, 0x00, 0x23, 0xFF, 0x6B, 0x00, 0x00, 0x00, 0x00, 0x00, 0x00, 0x00,
0x04, 0xEE, 0xAC, 0x00, 0x00, 0x00, 0x00, 0x00, 0x00, 0x00, 0x00, 0x93, 0xFD, 0x3B, 0x00, 0x00,
0x00, 0x00, 0x00, 0x00, 0x00, 0x0E, 0xD6, 0xF3, 0x78, 0x2C, 0x1C, 0x3A, 0x86, 0x35, 0x00, 0x00,
0x0D, 0x8F, 0xEC, 0xFF, 0xFF, 0xFD, 0xC5, 0x3B, 0x00, 0x00, 0x00, 0x00, 0x01, 0x15, 0x1E, 0x04,
0x00, 0x00, 0x31, 0x50, 0x50, 0x50, 0x50, 0x50, 0x50, 0x50, 0x3F, 0xA8, 0xF0, 0xF0, 0xF3, 0xFF,
0xF4, 0xF0, 0xF0, 0xA8, 0x00, 0x00, 0x00, 0x38, 0xFF, 0x40, 0x00, 0x00, 0x00, 0x00, 0x00, 0x00,
0x38, 0xFF, 0x40, 0x00, 0x00, 0x00, 0x00, 0x00, 0x00, 0x38, 0xFF, 0x40, 0x00, 0x00, 0x00, 0x00,
0x00, 0x00, 0x38, 0xFF, 0x40, 0x00, 0x00, 0x00, 0x00, 0x00, 0x00, 0x38, 0xFF, 0x40, 0x00, 0x00,
0x00, 0x00, 0x00, 0x00, 0x38, 0xFF, 0x40, 0x00, 0x00, 0x00, 0x00, 0x00, 0x00, 0x38, 0xFF, 0x40,
0x00, 0x00, 0x00, 0x00, 0x00, 0x00, 0x38, 0xFF, 0x40, 0x00, 0x00, 0x00, 0x00, 0x00, 0x00, 0x38,
0xFF, 0x40, 0x00, 0x00, 0x00, 0x00, 0x00, 0x00, 0x38, 0xFF, 0x40, 0x00, 0x00, 0x00, 0x4A, 0x36,
0x00, 0x00, 0x00, 0x00, 0x00, 0x00, 0x27, 0x4F, 0x02, 0x99, 0xF1, 0x11, 0x00, 0x00, 0x00, 0x00,
0x00, 0xCC, 0xB3, 0x00, 0x1C, 0xF8, 0x83, 0x00, 0x00, 0x00, 0x00, 0x44, 0xFF, 0x37, 0x00, 0x00,
0x90, 0xF1, 0x11, 0x00, 0x00, 0x00, 0xBA, 0xBC, 0x00, 0x00, 0x00, 0x16, 0xF4, 0x82, 0x00, 0x00,
0x31, 0xFF, 0x40, 0x00, 0x00, 0x00, 0x00, 0x87, 0xF1, 0x11, 0x00, 0xA8, 0xC5, 0x00, 0x00, 0x00,
0x00, 0x00, 0x11, 0xF0, 0x82, 0x22, 0xFC, 0x49, 0x00, 0x00, 0x00, 0x00, 0x00, 0x00, 0x7E, 0xF0,
0xA6, 0xCD, 0x00, 0x00, 0x00, 0x00, 0x00, 0x00, 0x00, 0x0D, 0xEC, 0xFF, 0x52, 0x00, 0x00, 0x00,
0x00, 0x00, 0x00, 0x00, 0x00, 0xB2, 0xD4, 0x01, 0x00, 0x00, 0x00, 0x00, 0x00, 0x05, 0x16, 0x5E,
0xFE, 0x4C, 0x00, 0x00, 0x00, 0x00, 0x00, 0x00, 0x39, 0xFF, 0xFF, 0x84, 0x00, 0x00, 0x00, 0x00,
0x00, 0x00, 0x00, 0x04, 0x2F, 0x14, 0x00, 0x00, 0x00, 0x00, 0x00, 0x00, 0x00, 0x00, 0x00, 0x00,
0x00, 0x00, 0x05, 0x50, 0x20, 0x00, 0x00, 0x00, 0x00, 0x00, 0x00, 0x00, 0x00, 0x00, 0x15, 0x4C,
0xFF, 0x98, 0x34, 0x05, 0x00, 0x00, 0x00, 0x00, 0x00, 0x2B, 0xB8, 0xFD, 0xE2, 0xFF, 0xE3, 0xF1,
0xEC, 0x7F, 0x05, 0x00, 0x00, 0x37, 0xF7, 0xBC, 0x28, 0x10, 0xFF, 0x68, 0x05, 0x63, 0xF8, 0xA6,
0x00, 0x00, 0xD0, 0xD3, 0x06, 0x00, 0x10, 0xFF, 0x68, 0x00, 0x00, 0x7C, 0xFF, 0x38, 0x1E, 0xFF,
0x6F, 0x00, 0x00, 0x10, 0xFF, 0x68, 0x00, 0x00, 0x1E, 0xFF, 0x7A, 0x34, 0xFF, 0x57, 0x00, 0x00,
0x10, 0xFF, 0x68, 0x00, 0x00, 0x08, 0xFF, 0x85, 0x19, 0xFF, 0x82, 0x00, 0x00, 0x10, 0xFF, 0x68,
0x00, 0x00, 0x33, 0xFF, 0x5E, 0x00, 0xBD, 0xEB, 0x1C, 0x00, 0x10, 0xFF, 0x68, 0x00, 0x04, 0xB8,
0xEC, 0x0D, 0x00, 0x1F, 0xE1, 0xE7, 0x71, 0x3D, 0xFF, 0x83, 0x5C, 0xCC, 0xF0, 0x41, 0x00, 0x00,
0x00, 0x0F, 0x7F, 0xD0, 0xF7, 0xFF, 0xFA, 0xD4, 0x8A, 0x1C, 0x00, 0x00, 0x00, 0x00, 0x00, 0x00,
0x00, 0x10, 0xFF, 0x68, 0x00, 0x00, 0x00, 0x00, 0x00, 0x31, 0x4F, 0x06, 0x00, 0x00, 0x00, 0x00,
0x3B, 0x46, 0x00, 0x36, 0xFD, 0x78, 0x00, 0x00, 0x00, 0x2C, 0xFA, 0x77, 0x00, 0x00, 0x91, 0xF4,
0x1D, 0x00, 0x01, 0xC6, 0xCF, 0x04, 0x00, 0x00, 0x0C, 0xE2, 0xAB, 0x00, 0x69, 0xFC, 0x34, 0x00,
0x00, 0x00, 0x00, 0x4C, 0xFF, 0x5E, 0xF0, 0x8D, 0x00, 0x00, 0x00, 0x00, 0x00, 0x00, 0xA9, 0xFF,
0xDF, 0x0B, 0x00, 0x00, 0x00, 0x00, 0x00, 0x00, 0x6B, 0xFF, 0xBC, 0x00, 0x00, 0x00, 0x00, 0x00,
0x00, 0x1B, 0xF0, 0xA8, 0xFD, 0x5E, 0x00, 0x00, 0x00, 0x00, 0x00, 0xB4, 0xD3, 0x05, 0x98, 0xED,
0x16, 0x00, 0x00, 0x00, 0x5E, 0xFD, 0x38, 0x00, 0x11, 0xEA, 0xA9, 0x00, 0x00, 0x18, 0xEE, 0x93,
0x00, 0x00, 0x00, 0x5F, 0xFF, 0x4F, 0x00, 0xAF, 0xE3, 0x0D, 0x00, 0x00, 0x00, 0x00, 0xC1, 0xE5,
0x0F, 0x24, 0x50, 0x00, 0x00, 0x00, 0x00, 0x00, 0x00, 0x48, 0x2D, 0x00, 0x00, 0x74, 0xFF, 0x00,
0x00, 0x00, 0x00, 0x00, 0x00, 0xE8, 0x90, 0x00, 0x00, 0x74, 0xFF, 0x00, 0x00, 0x00, 0x00, 0x00,
0x00, 0xE8, 0x90, 0x00, 0x00, 0x74, 0xFF, 0x00, 0x00, 0x00, 0x00, 0x00, 0x00, 0xE8, 0x90, 0x00,
0x00, 0x74, 0xFF, 0x00, 0x00, 0x00, 0x00, 0x00, 0x00, 0xE8, 0x90, 0x00, 0x00, 0x74, 0xFF, 0x00,
0x00, 0x00, 0x00, 0x00, 0x00, 0xE8, 0x90, 0x00, 0x00, 0x74, 0xFF, 0x00, 0x00, 0x00, 0x00, 0x00,
0x00, 0xE8, 0x90, 0x00, 0x00, 0x74, 0xFF, 0x00, 0x00, 0x00, 0x00, 0x00, 0x00, 0xE8, 0x90, 0x00,
0x00, 0x74, 0xFF, 0x00, 0x00, 0x00, 0x00, 0x00, 0x00, 0xE8, 0x90, 0x00, 0x00, 0x74, 0xFF, 0x00,
0x00, 0x00, 0x00, 0x00, 0x00, 0xE8, 0x90, 0x00, 0x00, 0x74, 0xFF, 0x54, 0x54, 0x54, 0x54, 0x54,
0x54, 0xEF, 0xB4, 0x54, 0x1A, 0x74, 0xFF, 0xFF, 0xFF, 0xFF, 0xFF, 0xFF, 0xFF, 0xFF, 0xFF, 0xFF,
0x50, 0x00, 0x00, 0x00, 0x00, 0x00, 0x00, 0x00, 0x00, 0x00, 0x24, 0xFF, 0x50, 0x00, 0x00, 0x00,
0x00, 0x00, 0x00, 0x00, 0x00, 0x00, 0x24, 0xFF, 0x50, 0x00, 0x00, 0x00, 0x00, 0x00, 0x00, 0x00,
0x00, 0x00, 0x14, 0x80, 0x23, 0x2D, 0x47, 0x00, 0x00, 0x00, 0x00, 0x0B, 0x50, 0x1A, 0x90, 0xE4,
0x00, 0x00, 0x00, 0x00, 0x24, 0xFF, 0x54, 0x90, 0xE4, 0x00, 0x00, 0x00, 0x00, 0x24, 0xFF, 0x54,
0x90, 0xE4, 0x00, 0x00, 0x00, 0x00, 0x24, 0xFF, 0x54, 0x90, 0xE5, 0x00, 0x00, 0x00, 0x00, 0x24,
0xFF, 0x54, 0x83, 0xFB, 0x05, 0x00, 0x00, 0x00, 0x24, 0xFF, 0x54, 0x4A, 0xFF, 0x78, 0x00, 0x00,
0x00, 0x3A, 0xFF, 0x54, 0x01, 0xA7, 0xFF, 0xD2, 0xB4, 0xD2, 0xFE, 0xFF, 0x54, 0x00, 0x00, 0x47,
0x83, 0x82, 0x62, 0x3F, 0xFF, 0x54, 0x00, 0x00, 0x00, 0x00, 0x00, 0x00, 0x24, 0xFF, 0x54, 0x00,
0x00, 0x00, 0x00, 0x00, 0x00, 0x24, 0xFF, 0x54, 0x00, 0x00, 0x00, 0x00, 0x00, 0x00, 0x24, 0xFF,
0x54, 0x24, 0x50, 0x00, 0x00, 0x00, 0x00, 0x28, 0x4D, 0x00, 0x00, 0x00, 0x00, 0x2B, 0x49, 0x74,
0xFF, 0x00, 0x00, 0x00, 0x00, 0x80, 0xF8, 0x00, 0x00, 0x00, 0x00, 0x8C, 0xEC, 0x74, 0xFF, 0x00,
0x00, 0x00, 0x00, 0x80, 0xF8, 0x00, 0x00, 0x00, 0x00, 0x8C, 0xEC, 0x74, 0xFF, 0x00, 0x00, 0x00,
0x00, 0x80, 0xF8, 0x00, 0x00, 0x00, 0x00, 0x8C, 0xEC, 0x74, 0xFF, 0x00, 0x00, 0x00, 0x00, 0x80,
0xF8, 0x00, 0x00, 0x00, 0x00, 0x8C, 0xEC, 0x74, 0xFF, 0x00, 0x00, 0x00, 0x00, 0x80, 0xF8, 0x00,
0x00, 0x00, 0x00, 0x8C, 0xEC, 0x74, 0xFF, 0x00, 0x00, 0x00, 0x00, 0x80, 0xF8, 0x00, 0x00, 0x00,
0x00, 0x8C, 0xEC, 0x74, 0xFF, 0x00, 0x00, 0x00, 0x00, 0x80, 0xF8, 0x00, 0x00, 0x00, 0x00, 0x8C,
0xEC, 0x74, 0xFF, 0x00, 0x00, 0x00, 0x00, 0x80, 0xF8, 0x00, 0x00, 0x00, 0x00, 0x8C, 0xEC, 0x74,
0xFF, 0x00, 0x00, 0x00, 0x00, 0x80, 0xF8, 0x00, 0x00, 0x00, 0x00, 0x8C, 0xEC, 0x74, 0xFF, 0x50,
0x50, 0x50, 0x50, 0xA8, 0xFA, 0x50, 0x50, 0x50, 0x50, 0xB0, 0xEC, 0x74, 0xFF, 0xFF, 0xFF, 0xFF,
0xFF, 0xFF, 0xFF, 0xFF, 0xFF, 0xFF, 0xFF, 0xFF, 0xEC, 0x24, 0x50, 0x00, 0x00, 0x00, 0x00, 0x28,
0x4D, 0x00, 0x00, 0x00, 0x00, 0x2B, 0x49, 0x00, 0x00, 0x74, 0xFF, 0x00, 0x00, 0x00, 0x00, 0x80,
0xF8, 0x00, 0x00, 0x00, 0x00, 0x8C, 0xEC, 0x00, 0x00, 0x74, 0xFF, 0x00, 0x00, 0x00, 0x00, 0x80,
0xF8, 0x00, 0x00, 0x00, 0x00, 0x8C, 0xEC, 0x00, 0x00, 0x74, 0xFF, 0x00, 0x00, 0x00, 0x00, 0x80,
0xF8, 0x00, 0x00, 0x00, 0x00, 0x8C, 0xEC, 0x00, 0x00, 0x74, 0xFF, 0x00, 0x00, 0x00, 0x00, 0x80,
0xF8, 0x00, 0x00, 0x00, 0x00, 0x8C, 0xEC, 0x00, 0x00, 0x74, 0xFF, 0x00, 0x00, 0x00, 0x00, 0x80,
0xF8, 0x00, 0x00, 0x00, 0x00, 0x8C, 0xEC, 0x00, 0x00, 0x74, 0xFF, 0x00, 0x00, 0x00, 0x00, 0x80,
0xF8, 0x00, 0x00, 0x00, 0x00, 0x8C, 0xEC, 0x00, 0x00, 0x74, 0xFF, 0x00, 0x00, 0x00, 0x00, 0x80,
0xF8, 0x00, 0x00, 0x00, 0x00, 0x8C, 0xEC, 0x00, 0x00, 0x74, 0xFF, 0x00, 0x00, 0x00, 0x00, 0x80,
0xF8, 0x00, 0x00, 0x00, 0x00, 0x8C, 0xEC, 0x00, 0x00, 0x74, 0xFF, 0x00, 0x00, 0x00, 0x00, 0x80,
0xF8, 0x00, 0x00, 0x00, 0x00, 0x8C, 0xEC, 0x00, 0x00, 0x74, 0xFF, 0x50, 0x50, 0x50, 0x50, 0xA8,
0xFA, 0x50, 0x50, 0x50, 0x50, 0xB0, 0xF2, 0x54, 0x34, 0x74, 0xFF, 0xFF, 0xFF, 0xFF, 0xFF, 0xFF,
0xFF, 0xFF, 0xFF, 0xFF, 0xFF, 0xFF, 0xFF, 0xFF, 0xA0, 0x00, 0x00, 0x00, 0x00, 0x00, 0x00, 0x00,
0x00, 0x00, 0x00, 0x00, 0x00, 0x00, 0x00, 0xD4, 0xA0, 0x00, 0x00, 0x00, 0x00, 0x00, 0x00, 0x00,
0x00, 0x00, 0x00, 0x00, 0x00, 0x00, 0x00, 0xD4, 0xA0, 0x00, 0x00, 0x00, 0x00, 0x00, 0x00, 0x00,
0x00, 0x00, 0x00, 0x00, 0x00, 0x00, 0x00, 0x6E, 0x48, 0x31, 0x50, 0x50, 0x50, 0x50, 0x16, 0x00,
0x00, 0x00, 0x00, 0x00, 0x00, 0xA8, 0xF0, 0xF0, 0xF3, 0xFF, 0x48, 0x00, 0x00, 0x00, 0x00, 0x00,
0x00, 0x00, 0x00, 0x00, 0x30, 0xFF, 0x48, 0x00, 0x00, 0x00, 0x00, 0x00, 0x00, 0x00, 0x00, 0x00,
0x30, 0xFF, 0x48, 0x00, 0x00, 0x00, 0x00, 0x00, 0x00, 0x00, 0x00, 0x00, 0x30, 0xFF, 0x48, 0x00,
0x00, 0x00, 0x00, 0x00, 0x00, 0x00, 0x00, 0x00, 0x30, 0xFF, 0xBB, 0xA0, 0x9E, 0x89, 0x45, 0x00,
0x00, 0x00, 0x00, 0x00, 0x30, 0xFF, 0xAC, 0x8C, 0x93, 0xBD, 0xFF, 0xA1, 0x00, 0x00, 0x00, 0x00,
0x30, 0xFF, 0x48, 0x00, 0x00, 0x00, 0x6E, 0xFF, 0x34, 0x00, 0x00, 0x00, 0x30, 0xFF, 0x48, 0x00,
0x00, 0x00, 0x20, 0xFF, 0x5B, 0x00, 0x00, 0x00, 0x30, 0xFF, 0x48, 0x00, 0x00, 0x00, 0x49, 0xFF,
0x3D, 0x00, 0x00, 0x00, 0x30, 0xFF, 0x6A, 0x30, 0x3A, 0x6A, 0xE6, 0xC5, 0x01, 0x00, 0x00, 0x00,
0x30, 0xFF, 0xFF, 0xFF, 0xF8, 0xDB, 0x8A, 0x0E, 0x00, 0x24, 0x50, 0x01, 0x00, 0x00, 0x00, 0x00,
0x00, 0x00, 0x23, 0x50, 0x02, 0x74, 0xFF, 0x04, 0x00, 0x00, 0x00, 0x00, 0x00, 0x00, 0x70, 0xFF,
0x08, 0x74, 0xFF, 0x04, 0x00, 0x00, 0x00, 0x00, 0x00, 0x00, 0x70, 0xFF, 0x08, 0x74, 0xFF, 0x04,
0x00, 0x00, 0x00, 0x00, 0x00, 0x00, 0x70, 0xFF, 0x08, 0x74, 0xFF, 0x04, 0x00, 0x00, 0x00, 0x00,
0x00, 0x00, 0x70, 0xFF, 0x08, 0x74, 0xFF, 0xA1, 0xA0, 0x9A, 0x7D, 0x2A, 0x00, 0x00, 0x70, 0xFF,
0x08, 0x74, 0xFF, 0x8D, 0x8C, 0x99, 0xD4, 0xFC, 0x63, 0x00, 0x70, 0xFF, 0x08, 0x74, 0xFF, 0x04,
0x00, 0x00, 0x01, 0xB1, 0xEF, 0x05, 0x70, 0xFF, 0x08, 0x74, 0xFF, 0x04, 0x00, 0x00, 0x00, 0x64,
0xFF, 0x1B, 0x70, 0xFF, 0x08, 0x74, 0xFF, 0x04, 0x00, 0x00, 0x00, 0x8D, 0xF5, 0x06, 0x70, 0xFF,
0x08, 0x74, 0xFF, 0x33, 0x30, 0x41, 0x85, 0xFB, 0x82, 0x00, 0x70, 0xFF, 0x08, 0x74, 0xFF, 0xFF,
0xFF, 0xF4, 0xCC, 0x68, 0x01, 0x00, 0x70, 0xFF, 0x08, 0x24, 0x50, 0x01, 0x00, 0x00, 0x00, 0x00,
0x00, 0x00, 0x74, 0xFF, 0x04, 0x00, 0x00, 0x00, 0x00, 0x00, 0x00, 0x74, 0xFF, 0x04, 0x00, 0x00,
0x00, 0x00, 0x00, 0x00, 0x74, 0xFF, 0x04, 0x00, 0x00, 0x00, 0x00, 0x00, 0x00, 0x74, 0xFF, 0x04,
0x00, 0x00, 0x00, 0x00, 0x00, 0x00, 0x74, 0xFF, 0xA1, 0xA0, 0x9A, 0x7D, 0x2A, 0x00, 0x00, 0x74,
0xFF, 0x8D, 0x8C, 0x99, 0xD4, 0xFC, 0x63, 0x00, 0x74, 0xFF, 0x04, 0x00, 0x00, 0x01, 0xB1, 0xEF,
0x05, 0x74, 0xFF, 0x04, 0x00, 0x00, 0x00, 0x64, 0xFF, 0x1B, 0x74, 0xFF, 0x04, 0x00, 0x00, 0x00,
0x8D, 0xF5, 0x06, 0x74, 0xFF, 0x33, 0x30, 0x41, 0x85, 0xFB, 0x82, 0x00, 0x74, 0xFF, 0xFF, 0xFF,
0xF4, 0xCC, 0x68, 0x01, 0x00, 0x00, 0x0F, 0x46, 0x67, 0x6A, 0x48, 0x05, 0x00, 0x00, 0x00, 0x3D,
0xF9, 0xF3, 0xD1, 0xD3, 0xFD, 0xE8, 0x47, 0x00, 0x00, 0x0C, 0x52, 0x05, 0x00, 0x00, 0x1E, 0xC6,
0xFA, 0x2C, 0x00, 0x00, 0x00, 0x00, 0x00, 0x00, 0x00, 0x1F, 0xF6, 0xAA, 0x00, 0x00, 0x00, 0x00,
0x00, 0x00, 0x00, 0x00, 0xAC, 0xF3, 0x00, 0x00, 0x00, 0x46, 0x48, 0x48, 0x48, 0x48, 0xA5, 0xFF,
0x11, 0x00, 0x00, 0xE8, 0xEC, 0xEC, 0xEC, 0xEC, 0xF4, 0xFF, 0x16, 0x00, 0x00, 0x00, 0x00, 0x00,
0x00, 0x00, 0x8F, 0xFB, 0x02, 0x00, 0x00, 0x00, 0x00, 0x00, 0x00, 0x00, 0xCC, 0xC0, 0x00, 0x00,
0x00, 0x00, 0x00, 0x00, 0x00, 0x56, 0xFF, 0x5B, 0x00, 0x49, 0x7E, 0x37, 0x1B, 0x29, 0x78, 0xF6,
0xAA, 0x00, 0x00, 0x4D, 0xCF, 0xFE, 0xFF, 0xFF, 0xE0, 0x74, 0x02, 0x00, 0x00, 0x00, 0x00, 0x07,
0x20, 0x10, 0x00, 0x00, 0x00, 0x00, 0x00, 0x24, 0x50, 0x01, 0x00, 0x00, 0x00, 0x00, 0x15, 0x58,
0x70, 0x5C, 0x20, 0x00, 0x00, 0x00, 0x74, 0xFF, 0x04, 0x00, 0x00, 0x04, 0x89, 0xFA, 0xE7, 0xC7,
0xE2, 0xFD, 0x98, 0x05, 0x00, 0x74, 0xFF, 0x04, 0x00, 0x00, 0x92, 0xFB, 0x64, 0x02, 0x00, 0x00,
0x50, 0xF8, 0x99, 0x00, 0x74, 0xFF, 0x04, 0x00, 0x27, 0xFE, 0x7E, 0x00, 0x00, 0x00, 0x00, 0x00,
0x89, 0xFE, 0x26, 0x74, 0xFF, 0x04, 0x00, 0x7E, 0xFD, 0x14, 0x00, 0x00, 0x00, 0x00, 0x00, 0x23,
0xFF, 0x74, 0x74, 0xFF, 0x82, 0x80, 0xD3, 0xDD, 0x00, 0x00, 0x00, 0x00, 0x00, 0x00, 0x02, 0xFA,
0x97, 0x74, 0xFF, 0xBD, 0xBC, 0xEC, 0xD1, 0x00, 0x00, 0x00, 0x00, 0x00, 0x00, 0x00, 0xEA, 0x9F,
0x74, 0xFF, 0x04, 0x00, 0xA5, 0xE6, 0x00, 0x00, 0x00, 0x00, 0x00, 0x00, 0x04, 0xFB, 0x87, 0x74,
0xFF, 0x04, 0x00, 0x76, 0xFF, 0x23, 0x00, 0x00, 0x00, 0x00, 0x00, 0x3F, 0xFF, 0x49, 0x74, 0xFF,
0x04, 0x00, 0x1F, 0xF9, 0xA3, 0x00, 0x00, 0x00, 0x00, 0x03, 0xBE, 0xDD, 0x05, 0x74, 0xFF, 0x04,
0x00, 0x00, 0x73, 0xFF, 0xA4, 0x33, 0x18, 0x3D, 0xB9, 0xF4, 0x3C, 0x00, 0x74, 0xFF, 0x04, 0x00,
0x00, 0x00, 0x5A, 0xD7, 0xFF, 0xFF, 0xFC, 0xB3, 0x2E, 0x00, 0x00, 0x00, 0x00, 0x00, 0x00, 0x00,
0x00, 0x00, 0x00, 0x11, 0x1F, 0x05, 0x00, 0x00, 0x00, 0x00, 0x00, 0x00, 0x00, 0x15, 0x42, 0x4F,
0x50, 0x50, 0x11, 0x00, 0x03, 0x98, 0xFD, 0xF3, 0xDC, 0xE5, 0xFF, 0x38, 0x00, 0x75, 0xFD, 0x5A,
0x00, 0x00, 0x40, 0xFF, 0x38, 0x00, 0xC5, 0xC3, 0x00, 0x00, 0x00, 0x40, 0xFF, 0x38, 0x00, 0xC8,
0xBE, 0x00, 0x00, 0x00, 0x40, 0xFF, 0x38, 0x00, 0x87, 0xFB, 0x3F, 0x00, 0x00, 0x40, 0xFF, 0x38,
0x00, 0x0B, 0xB2, 0xFE, 0xDC, 0xCC, 0xD9, 0xFF, 0x38, 0x00, 0x00, 0x00, 0xBF, 0xE7, 0x60, 0x88,
0xFF, 0x38, 0x00, 0x00, 0x5D, 0xFF, 0x4A, 0x00, 0x40, 0xFF, 0x38, 0x00, 0x22, 0xF2, 0x9A, 0x00,
0x00, 0x40, 0xFF, 0x38, 0x04, 0xC7, 0xDE, 0x0C, 0x00, 0x00, 0x40, 0xFF, 0x38, 0x84, 0xFD, 0x3E,
0x00, 0x00, 0x00, 0x40, 0xFF, 0x38, 0x00, 0x08, 0x49, 0x71, 0x84, 0x61, 0x0B, 0x00, 0x00, 0x7D,
0xDE, 0xA8, 0x9F, 0xEE, 0xD3, 0x09, 0x00, 0x0A, 0x00, 0x00, 0x00, 0x2E, 0xFF, 0x5C, 0x00, 0x00,
0x00, 0x00, 0x00, 0x00, 0xE8, 0x87, 0x00, 0x29, 0xB1, 0xE9, 0xEE, 0xE6, 0xFB, 0x93, 0x07, 0xE1,
0xB2, 0x19, 0x00, 0x01, 0xDC, 0x94, 0x32, 0xFF, 0x43, 0x00, 0x00, 0x00, 0xDF, 0x94, 0x1E, 0xFE,
0x89, 0x03, 0x20, 0x9D, 0xFB, 0x94, 0x00, 0x7B, 0xFA, 0xFE, 0xEC, 0x6C, 0xC0, 0x9D, 0x00, 0x00,
0x0D, 0x20, 0x04, 0x00, 0x00, 0x00, 0x00, 0x00, 0x00, 0x00, 0x00, 0x00, 0x00, 0x05, 0x00, 0x00,
0x00, 0x00, 0x00, 0x1F, 0x5B, 0xAF, 0xA6, 0x00, 0x00, 0x00, 0x4D, 0xD3, 0xFF, 0xF8, 0xC0, 0x49,
0x00, 0x00, 0x53, 0xFD, 0x9F, 0x38, 0x06, 0x00, 0x00, 0x00, 0x00, 0xDA, 0xB1, 0x00, 0x00, 0x01,
0x00, 0x00, 0x00, 0x21, 0xFF, 0xA0, 0xC1, 0xF9, 0xF8, 0xBA, 0x27, 0x00, 0x46, 0xFF, 0xE1, 0x6E,
0x3F, 0x5F, 0xE1, 0xE5, 0x0F, 0x53, 0xFF, 0x33, 0x00, 0x00, 0x00, 0x30, 0xFF, 0x66, 0x51, 0xFF,
0x31, 0x00, 0x00, 0x00, 0x00, 0xE8, 0x92, 0x38, 0xFF, 0x4A, 0x00, 0x00, 0x00, 0x00, 0xE5, 0x8B,
0x08, 0xF3, 0x93, 0x00, 0x00, 0x00, 0x25, 0xFF, 0x56, 0x00, 0x87, 0xFA, 0x5F, 0x0D, 0x2D, 0xCA,
0xD5, 0x07, 0x00, 0x03, 0x8D, 0xF6, 0xFF, 0xFE, 0xB5, 0x1B, 0x00, 0x00, 0x00, 0x00, 0x08, 0x21,
0x0D, 0x00, 0x00, 0x00, 0x4C, 0x64, 0x64, 0x63, 0x50, 0x10, 0x00, 0x00, 0xC4, 0xE4, 0xA8, 0xAB,
0xDE, 0xEE, 0x26, 0x00, 0xC4, 0xB0, 0x00, 0x00, 0x0F, 0xFE, 0x73, 0x00, 0xC4, 0xB0, 0x00, 0x00,
0x56, 0xFD, 0x3D, 0x00, 0xC4, 0xFC, 0xF4, 0xF8, 0xFF, 0xA9, 0x0B, 0x00, 0xC4, 0xB6, 0x14, 0x15,
0x3A, 0xD7, 0xC1, 0x00, 0xC4, 0xB0, 0x00, 0x00, 0x00, 0x78, 0xFF, 0x09, 0xC4, 0xB3, 0x0C, 0x0C,
0x29, 0xCB, 0xD8, 0x00, 0xC4, 0xFF, 0xFF, 0xFF, 0xF7, 0xBD, 0x28, 0x00, 0x4C, 0x64, 0x64, 0x64,
0x64, 0x19, 0xC4, 0xF2, 0xCC, 0xCC, 0xCC, 0x1E, 0xC4, 0xBC, 0x00, 0x00, 0x00, 0x00, 0xC4, 0xBC,
0x00, 0x00, 0x00, 0x00, 0xC4, 0xBC, 0x00, 0x00, 0x00, 0x00, 0xC4, 0xBC, 0x00, 0x00, 0x00, 0x00,
0xC4, 0xBC, 0x00, 0x00, 0x00, 0x00, 0xC4, 0xBC, 0x00, 0x00, 0x00, 0x00, 0xC4, 0xBC, 0x00, 0x00,
0x00, 0x00, 0x00, 0x00, 0x21, 0x64, 0x64, 0x64, 0x64, 0x64, 0x2B, 0x00, 0x00, 0x00, 0x61, 0xFD,
0xCC, 0xCC, 0xCC, 0xFF, 0x70, 0x00, 0x00, 0x00, 0x6F, 0xE7, 0x00, 0x00, 0x00, 0xFF, 0x70, 0x00,
0x00, 0x00, 0x90, 0xCF, 0x00, 0x00, 0x00, 0xFF, 0x70, 0x00, 0x00, 0x00, 0xB8, 0xA6, 0x00, 0x00,
0x00, 0xFF, 0x70, 0x00, 0x00, 0x03, 0xF1, 0x6F, 0x00, 0x00, 0x00, 0xFF, 0x70, 0x00, 0x00, 0x42,
0xFF, 0x2A, 0x00, 0x00, 0x00, 0xFF, 0x70, 0x00, 0x2B, 0xB3, 0xE1, 0x3C, 0x3C, 0x3C, 0x3C, 0xFF,
0x91, 0x28, 0xB8, 0xFF, 0xFF, 0xFF, 0xFF, 0xFF, 0xFF, 0xFF, 0xFF, 0xAC, 0xB8, 0xA4, 0x00, 0x00,
0x00, 0x00, 0x00, 0x00, 0xB0, 0xAC, 0xB8, 0xA4, 0x00, 0x00, 0x00, 0x00, 0x00, 0x00, 0xB0, 0xAC,
0x3F, 0x2E, 0x00, 0x00, 0x00, 0x00, 0x00, 0x00, 0x3C, 0x30, 0x00, 0x00, 0x11, 0x68, 0x82, 0x58,
0x04, 0x00, 0x00, 0x2F, 0xE9, 0xC1, 0x91, 0xE2, 0xC0, 0x05, 0x00, 0xCD, 0xB2, 0x00, 0x00, 0x1C,
0xF6, 0x64, 0x25, 0xFF, 0x6E, 0x28, 0x28, 0x28, 0xCD, 0xAA, 0x47, 0xFF, 0xE1, 0xDC, 0xDC, 0xDC,
0xDC, 0xA3, 0x42, 0xFF, 0x3D, 0x00, 0x00, 0x00, 0x00, 0x00, 0x16, 0xFD, 0x7D, 0x00, 0x00, 0x00,
0x00, 0x00, 0x00, 0xA5, 0xF3, 0x5D, 0x10, 0x11, 0x48, 0x2C, 0x00, 0x0B, 0x9F, 0xF9, 0xFF, 0xFF,
0xE2, 0x50, 0x00, 0x00, 0x00, 0x09, 0x21, 0x10, 0x00, 0x00, 0x55, 0x7A, 0x16, 0x00, 0x00, 0x59,
0x35, 0x00, 0x00, 0x3B, 0x82, 0x27, 0x6F, 0xD4, 0xD8, 0x0C, 0x00, 0xE4, 0x88, 0x00, 0x41, 0xF9,
0xB6, 0x34, 0x00, 0x06, 0xCD, 0x9F, 0x00, 0xE4, 0x88, 0x12, 0xE4, 0x78, 0x00, 0x00, 0x00, 0x00,
0x29, 0xF6, 0x59, 0xE5, 0x8D, 0xAD, 0xC4, 0x02, 0x00, 0x00, 0x00, 0x00, 0x00, 0xBE, 0xFF, 0xFF,
0xFF, 0xFF, 0x65, 0x00, 0x00, 0x00, 0x00, 0x00, 0x64, 0xFB, 0x4E, 0xE9, 0x9E, 0x92, 0xEC, 0x1B,
0x00, 0x00, 0x00, 0x26, 0xF4, 0x81, 0x00, 0xE4, 0x88, 0x07, 0xD3, 0xBD, 0x02, 0x00, 0x06, 0xCD,
0xCD, 0x05, 0x00, 0xE4, 0x88, 0x00, 0x30, 0xFA, 0x78, 0x00, 0x8C, 0xF8, 0x2B, 0x00, 0x00, 0xE4,
0x88, 0x00, 0x00, 0x7C, 0xFA, 0x35, 0x00, 0x2B, 0x6E, 0x84, 0x5B, 0x06, 0x00, 0x30, 0xEF, 0xAD,
0x9D, 0xEE, 0xBD, 0x00, 0x00, 0x10, 0x00, 0x00, 0x5D, 0xFF, 0x11, 0x00, 0x00, 0x00, 0x08, 0xA0,
0xD5, 0x01, 0x00, 0x0D, 0xDF, 0xF6, 0xE8, 0x3B, 0x00, 0x00, 0x03, 0x38, 0x48, 0x9D, 0xF9, 0x35,
0x00, 0x00, 0x00, 0x00, 0x00, 0xF3, 0x7D, 0x2F, 0x3F, 0x0D, 0x07, 0x60, 0xFF, 0x52, 0x70, 0xF5,
0xFF, 0xFF, 0xF5, 0x84, 0x00, 0x00, 0x05, 0x1D, 0x25, 0x07, 0x00, 0x00, 0x4C, 0x40, 0x00, 0x00,
0x00, 0x24, 0x64, 0x12, 0xC4, 0xA4, 0x00, 0x00, 0x03, 0xCC, 0xFF, 0x30, 0xC4, 0xA4, 0x00, 0x00,
0x76, 0xF8, 0xFF, 0x30, 0xC4, 0xA4, 0x00, 0x25, 0xF5, 0x7B, 0xFF, 0x30, 0xC4, 0xA4, 0x01, 0xC1,
0x96, 0x3C, 0xFF, 0x30, 0xC4, 0xA4, 0x69, 0xE1, 0x0D, 0x3C, 0xFF, 0x30, 0xC4, 0xC0, 0xF1, 0x47,
0x00, 0x3C, 0xFF, 0x30, 0xC4, 0xFF, 0x9F, 0x00, 0x00, 0x3C, 0xFF, 0x30, 0xC4, 0xE6, 0x10, 0x00,
0x00, 0x3C, 0xFF, 0x30, 0x00, 0x1D, 0x08, 0x00, 0x00, 0x1C, 0x09, 0x00, 0x00, 0xBF, 0x79, 0x00,
0x19, 0xF9, 0x24, 0x00, 0x00, 0x30, 0xDD, 0xBC, 0xE1, 0x77, 0x00, 0x00, 0x00, 0x00, 0x01, 0x19,
0x08, 0x00, 0x00, 0x00, 0x4C, 0x40, 0x00, 0x00, 0x00, 0x24, 0x64, 0x12, 0xC4, 0xA4, 0x00, 0x00,
0x03, 0xCC, 0xFF, 0x30, 0xC4, 0xA4, 0x00, 0x00, 0x76, 0xF8, 0xFF, 0x30, 0xC4, 0xA4, 0x00, 0x25,
0xF5, 0x7B, 0xFF, 0x30, 0xC4, 0xA4, 0x01, 0xC1, 0x96, 0x3C, 0xFF, 0x30, 0xC4, 0xA4, 0x69, 0xE1,
0x0D, 0x3C, 0xFF, 0x30, 0xC4, 0xC0, 0xF1, 0x47, 0x00, 0x3C, 0xFF, 0x30, 0xC4, 0xFF, 0x9F, 0x00,
0x00, 0x3C, 0xFF, 0x30, 0xC4, 0xE6, 0x10, 0x00, 0x00, 0x3C, 0xFF, 0x30, 0x4C, 0x43, 0x00, 0x00,
0x00, 0x57, 0x80, 0x0C, 0xC4, 0xAC, 0x00, 0x00, 0x8A, 0xF2, 0xB1, 0x08, 0xC4, 0xAC, 0x00, 0x5D,
0xF7, 0x36, 0x00, 0x00, 0xC4, 0xAF, 0x3B, 0xF7, 0x62, 0x00, 0x00, 0x00, 0xC4, 0xFF, 0xFF, 0xE5,
0x08, 0x00, 0x00, 0x00, 0xC4, 0xBB, 0x3C, 0xEB, 0x9C, 0x00, 0x00, 0x00, 0xC4, 0xAC, 0x00, 0x48,
0xFE, 0x61, 0x00, 0x00, 0xC4, 0xAC, 0x00, 0x00, 0x86, 0xF6, 0x30, 0x00, 0xC4, 0xAC, 0x00, 0x00,
0x03, 0xC1, 0xDC, 0x10, 0x00, 0x00, 0x3E, 0x64, 0x64, 0x64, 0x64, 0x64, 0x11, 0x00, 0x00, 0xB7,
0xED, 0xCC, 0xCC, 0xD9, 0xFF, 0x2C, 0x00, 0x00, 0xDA, 0x8F, 0x00, 0x00, 0x44, 0xFF, 0x2C, 0x00,
0x03, 0xFA, 0x6C, 0x00, 0x00, 0x44, 0xFF, 0x2C, 0x00, 0x20, 0xFF, 0x48, 0x00, 0x00, 0x44, 0xFF,
0x2C, 0x00, 0x43, 0xFF, 0x20, 0x00, 0x00, 0x44, 0xFF, 0x2C, 0x00, 0x67, 0xF6, 0x01, 0x00, 0x00,
0x44, 0xFF, 0x2C, 0x0F, 0xB6, 0xBF, 0x00, 0x00, 0x00, 0x44, 0xFF, 0x2C, 0xE1, 0xF9, 0x49, 0x00,
0x00, 0x00, 0x44, 0xFF, 0x2C, 0x18, 0x10, 0x00, 0x00, 0x00, 0x00, 0x00, 0x00, 0x00, 0x4C, 0x64,
0x0B, 0x00, 0x00, 0x00, 0x00, 0x1B, 0x64, 0x30, 0xC4, 0xFF, 0x6E, 0x00, 0x00, 0x00, 0x00, 0x98,
0xFF, 0x7C, 0xC4, 0xF7, 0xDE, 0x03, 0x00, 0x00, 0x15, 0xF6, 0xF7, 0x7C, 0xC4, 0xAE, 0xFB, 0x55,
0x00, 0x00, 0x81, 0xC7, 0xDF, 0x7C, 0xC4, 0x9A, 0xA7, 0xC9, 0x00, 0x09, 0xEB, 0x5A, 0xE3, 0x7C,
0xC4, 0x9C, 0x33, 0xFF, 0x3B, 0x68, 0xE1, 0x04, 0xE4, 0x7C, 0xC4, 0x9C, 0x00, 0xBF, 0xA5, 0xD7,
0x70, 0x00, 0xE4, 0x7C, 0xC4, 0x9C, 0x00, 0x4B, 0xFE, 0xEF, 0x0C, 0x00, 0xE4, 0x7C, 0xC4, 0x9C,
0x00, 0x01, 0xD5, 0x86, 0x00, 0x00, 0xE4, 0x7C, 0x4C, 0x43, 0x00, 0x00, 0x00, 0x1D, 0x64, 0x0E,
0xC4, 0xAC, 0x00, 0x00, 0x00, 0x4C, 0xFF, 0x24, 0xC4, 0xAC, 0x00, 0x00, 0x00, 0x4C, 0xFF, 0x24,
0xC4, 0xAC, 0x00, 0x00, 0x00, 0x4C, 0xFF, 0x24, 0xC4, 0xF6, 0xE4, 0xE4, 0xE4, 0xEC, 0xFF, 0x24,
0xC4, 0xC8, 0x58, 0x58, 0x58, 0x89, 0xFF, 0x24, 0xC4, 0xAC, 0x00, 0x00, 0x00, 0x4C, 0xFF, 0x24,
0xC4, 0xAC, 0x00, 0x00, 0x00, 0x4C, 0xFF, 0x24, 0xC4, 0xAC, 0x00, 0x00, 0x00, 0x4C, 0xFF, 0x24,
0x00, 0x00, 0x09, 0x5B, 0x83, 0x6D, 0x19, 0x00, 0x00, 0x00, 0x22, 0xDC, 0xDE, 0xA6, 0xD2, 0xF4,
0x4A, 0x00, 0x00, 0xBF, 0xCD, 0x0B, 0x00, 0x02, 0xAA, 0xED, 0x0F, 0x20, 0xFF, 0x5F, 0x00, 0x00,
0x00, 0x2E, 0xFF, 0x5B, 0x46, 0xFF, 0x39, 0x00, 0x00, 0x00, 0x06, 0xFE, 0x7F, 0x41, 0xFF, 0x3F,
0x00, 0x00, 0x00, 0x0A, 0xFF, 0x75, 0x13, 0xFA, 0x7F, 0x00, 0x00, 0x00, 0x42, 0xFF, 0x3E, 0x00,
0x96, 0xF4, 0x53, 0x09, 0x2F, 0xD4, 0xC1, 0x01, 0x00, 0x06, 0x91, 0xF6, 0xFF, 0xFC, 0xA8, 0x12,
0x00, 0x00, 0x00, 0x00, 0x07, 0x20, 0x0B, 0x00, 0x00, 0x00, 0x4C, 0x64, 0x64, 0x64, 0x64, 0x64,
0x64, 0x0E, 0xC4, 0xF2, 0xD8, 0xD8, 0xD8, 0xE3, 0xFF, 0x24, 0xC4, 0xAC, 0x00, 0x00, 0x00, 0x4C,
0xFF, 0x24, 0xC4, 0xAC, 0x00, 0x00, 0x00, 0x4C, 0xFF, 0x24, 0xC4, 0xAC, 0x00, 0x00, 0x00, 0x4C,
0xFF, 0x24, 0xC4, 0xAC, 0x00, 0x00, 0x00, 0x4C, 0xFF, 0x24, 0xC4, 0xAC, 0x00, 0x00, 0x00, 0x4C,
0xFF, 0x24, 0xC4, 0xAC, 0x00, 0x00, 0x00, 0x4C, 0xFF, 0x24, 0xC4, 0xAC, 0x00, 0x00, 0x00, 0x4C,
0xFF, 0x24, 0x4B, 0x3C, 0x0F, 0x6A, 0x82, 0x46, 0x00, 0x00, 0xBD, 0xD0, 0xD7, 0xB2, 0xC2, 0xFF,
0x86, 0x00, 0xB5, 0xE6, 0x24, 0x00, 0x00, 0x89, 0xFD, 0x21, 0xB4, 0xC0, 0x00, 0x00, 0x00, 0x21,
0xFF, 0x64, 0xB4, 0xC0, 0x00, 0x00, 0x00, 0x07, 0xFF, 0x79, 0xB4, 0xC0, 0x00, 0x00, 0x00, 0x19,
0xFF, 0x6A, 0xB4, 0xC0, 0x00, 0x00, 0x00, 0x59, 0xFF, 0x32, 0xB4, 0xD2, 0x19, 0x04, 0x3D, 0xE2,
0xBC, 0x00, 0xB4, 0xF6, 0xFA, 0xFE, 0xFD, 0xAD, 0x11, 0x00, 0xB4, 0xC0, 0x0B, 0x25, 0x0F, 0x00,
0x00, 0x00, 0xB4, 0xC0, 0x00, 0x00, 0x00, 0x00, 0x00, 0x00, 0xB4, 0xC0, 0x00, 0x00, 0x00, 0x00,
0x00, 0x00, 0x58, 0x4D, 0x00, 0x00, 0x00, 0x00, 0x00, 0x00, 0x00, 0x00, 0x09, 0x5D, 0x83, 0x6D,
0x27, 0x00, 0x21, 0xDC, 0xE1, 0xA2, 0xBD, 0xDB, 0x00, 0xBD, 0xD2, 0x0B, 0x00, 0x00, 0x06, 0x1D,
0xFF, 0x62, 0x00, 0x00, 0x00, 0x00, 0x44, 0xFF, 0x37, 0x00, 0x00, 0x00, 0x00, 0x44, 0xFF, 0x41,
0x00, 0x00, 0x00, 0x00, 0x1C, 0xFF, 0x79, 0x00, 0x00, 0x00, 0x00, 0x00, 0xB2, 0xEF, 0x51, 0x0C,
0x1C, 0x42, 0x00, 0x11, 0xAC, 0xFD, 0xFF, 0xFD, 0xA6, 0x00, 0x00, 0x00, 0x0D, 0x20, 0x08, 0x00,
0x3D, 0x64, 0x64, 0x64, 0x64, 0x64, 0x64, 0x0B, 0x84, 0xBC, 0xBE, 0xFF, 0xD7, 0xBC, 0xBA, 0x05,
0x00, 0x00, 0x08, 0xFF, 0x68, 0x00, 0x00, 0x00, 0x00, 0x00, 0x08, 0xFF, 0x68, 0x00, 0x00, 0x00,
0x00, 0x00, 0x08, 0xFF, 0x68, 0x00, 0x00, 0x00, 0x00, 0x00, 0x08, 0xFF, 0x68, 0x00, 0x00, 0x00,
0x00, 0x00, 0x08, 0xFF, 0x68, 0x00, 0x00, 0x00, 0x00, 0x00, 0x08, 0xFF, 0x68, 0x00, 0x00, 0x00,
0x00, 0x00, 0x08, 0xFF, 0x68, 0x00, 0x00, 0x00, 0x00, 0x54, 0x46, 0x00, 0x00, 0x00, 0x00, 0x4B,
0x49, 0x00, 0x96, 0xED, 0x05, 0x00, 0x00, 0x0A, 0xF4, 0x7A, 0x00, 0x34, 0xFF, 0x4D, 0x00, 0x00,
0x57, 0xFD, 0x1D, 0x00, 0x00, 0xD3, 0xA7, 0x00, 0x00, 0xAF, 0xBB, 0x00, 0x00, 0x00, 0x72, 0xF5,
0x0B, 0x0E, 0xF7, 0x5C, 0x00, 0x00, 0x00, 0x16, 0xFA, 0x5A, 0x5E, 0xF2, 0x0A, 0x00, 0x00, 0x00,
0x00, 0xB0, 0xAD, 0xB1, 0x9C, 0x00, 0x00, 0x00, 0x00, 0x00, 0x4F, 0xF0, 0xF6, 0x3D, 0x00, 0x00,
0x00, 0x00, 0x00, 0x04, 0xE9, 0xDD, 0x00, 0x00, 0x00, 0x00, 0x00, 0x00, 0x0C, 0xEE, 0x7B, 0x00,
0x00, 0x00, 0x00, 0x00, 0x00, 0x8A, 0xF3, 0x16, 0x00, 0x00, 0x00, 0x1C, 0xB5, 0xC3, 0xFD, 0x60,
0x00, 0x00, 0x00, 0x00, 0x18, 0x71, 0x7C, 0x32, 0x00, 0x00, 0x00, 0x00, 0x00, 0x00, 0x00, 0x00,
0x00, 0x00, 0x00, 0x05, 0x11, 0x00, 0x00, 0x00, 0x00, 0x00, 0x00, 0x00, 0x00, 0x00, 0x00, 0x00,
0x00, 0xC7, 0xA8, 0x00, 0x00, 0x00, 0x00, 0x00, 0x00, 0x00, 0x00, 0x00, 0x00, 0x00, 0x00, 0xC8,
0xA8, 0x00, 0x00, 0x00, 0x00, 0x00, 0x00, 0x00, 0x00, 0x00, 0x00, 0x00, 0x00, 0xC8, 0xA8, 0x00,
0x00, 0x00, 0x00, 0x00, 0x00, 0x00, 0x00, 0x18, 0x6E, 0x81, 0x4A, 0xCA, 0xA8, 0x31, 0x73, 0x7C,
0x29, 0x00, 0x00, 0x00, 0x36, 0xF0, 0xDB, 0xA5, 0xD8, 0xFF, 0xF3, 0xDF, 0xA6, 0xD2, 0xF8, 0x43,
0x00, 0x00, 0xD1, 0xCC, 0x09, 0x00, 0x01, 0xCF, 0xBD, 0x05, 0x00, 0x05, 0xC9, 0xCF, 0x00, 0x25,
0xFF, 0x61, 0x00, 0x00, 0x00, 0xC8, 0xA8, 0x00, 0x00, 0x00, 0x6C, 0xFF, 0x14, 0x46, 0xFF, 0x3B,
0x00, 0x00, 0x00, 0xC8, 0xA8, 0x00, 0x00, 0x00, 0x53, 0xFF, 0x2A, 0x45, 0xFF, 0x3D, 0x00, 0x00,
0x00, 0xC8, 0xA8, 0x00, 0x00, 0x00, 0x63, 0xFF, 0x1D, 0x21, 0xFF, 0x67, 0x00, 0x00, 0x00, 0xC8,
0xA8, 0x00, 0x00, 0x00, 0x9F, 0xE9, 0x01, 0x00, 0xC4, 0xDD, 0x2B, 0x0C, 0x54, 0xED, 0xD3, 0x2F,
0x09, 0x5A, 0xF9, 0x7F, 0x00, 0x00, 0x22, 0xD1, 0xFF, 0xFF, 0xC0, 0xE0, 0xE3, 0xED, 0xFF, 0xFA,
0x92, 0x03, 0x00, 0x00, 0x00, 0x00, 0x1C, 0x0D, 0x00, 0xC8, 0xA8, 0x04, 0x1F, 0x0A, 0x00, 0x00,
0x00, 0x00, 0x00, 0x00, 0x00, 0x00, 0x00, 0xC8, 0xA8, 0x00, 0x00, 0x00, 0x00, 0x00, 0x00, 0x00,
0x00, 0x00, 0x00, 0x00, 0x00, 0xC8, 0xA8, 0x00, 0x00, 0x00, 0x00, 0x00, 0x00, 0x00, 0x00, 0x00,
0x00, 0x00, 0x00, 0x61, 0x43, 0x00, 0x00, 0x00, 0x00, 0x00, 0x00, 0x3D, 0x60, 0x02, 0x00, 0x00,
0x1B, 0x64, 0x19, 0x2A, 0xF7, 0x70, 0x00, 0x00, 0xB7, 0xC9, 0x03, 0x00, 0x6E, 0xF5, 0x22, 0x58,
0xF8, 0x29, 0x00, 0x00, 0x01, 0xBA, 0xC2, 0xE8, 0x77, 0x00, 0x00, 0x00, 0x00, 0x1F, 0xFD, 0xDC,
0x03, 0x00, 0x00, 0x00, 0x00, 0x82, 0xE8, 0xFC, 0x43, 0x00, 0x00, 0x00, 0x37, 0xFB, 0x43, 0x90,
0xE3, 0x10, 0x00, 0x0A, 0xDA, 0x9B, 0x00, 0x0A, 0xDB, 0xA5, 0x00, 0x97, 0xE4, 0x0F, 0x00, 0x00,
0x3C, 0xFD, 0x56, 0x4C, 0x43, 0x00, 0x00, 0x00, 0x1D, 0x64, 0x0E, 0x00, 0xC4, 0xAC, 0x00, 0x00,
0x00, 0x4C, 0xFF, 0x24, 0x00, 0xC4, 0xAC, 0x00, 0x00, 0x00, 0x4C, 0xFF, 0x24, 0x00, 0xC4, 0xAC,
0x00, 0x00, 0x00, 0x4C, 0xFF, 0x24, 0x00, 0xC4, 0xAC, 0x00, 0x00, 0x00, 0x4C, 0xFF, 0x24, 0x00,
0xC4, 0xAC, 0x00, 0x00, 0x00, 0x4C, 0xFF, 0x24, 0x00, 0xC4, 0xAC, 0x00, 0x00, 0x00, 0x4C, 0xFF,
0x24, 0x00, 0xC4, 0xBF, 0x3C, 0x3C, 0x3C, 0x76, 0xFF, 0x57, 0x25, 0xC4, 0xFF, 0xFF, 0xFF, 0xFF,
0xFF, 0xFF, 0xFF, 0xA0, 0x00, 0x00, 0x00, 0x00, 0x00, 0x00, 0x00, 0xBC, 0xA0, 0x00, 0x00, 0x00,
0x00, 0x00, 0x00, 0x00, 0xBC, 0xA0, 0x00, 0x00, 0x00, 0x00, 0x00, 0x00, 0x00, 0x40, 0x2C, 0x54,
0x39, 0x00, 0x00, 0x00, 0x25, 0x64, 0x06, 0xD8, 0x94, 0x00, 0x00, 0x00, 0x60, 0xFF, 0x10, 0xD8,
0x94, 0x00, 0x00, 0x00, 0x60, 0xFF, 0x10, 0xCE, 0x9E, 0x00, 0x00, 0x00, 0x63, 0xFF, 0x10, 0xAA,
0xDC, 0x0B, 0x00, 0x3E, 0xE9, 0xFF, 0x10, 0x38, 0xF4, 0xEC, 0xDA, 0xD5, 0x85, 0xFF, 0x10, 0x00,
0x1D, 0x56, 0x41, 0x03, 0x60, 0xFF, 0x10, 0x00, 0x00, 0x00, 0x00, 0x00, 0x60, 0xFF, 0x10, 0x00,
0x00, 0x00, 0x00, 0x00, 0x60, 0xFF, 0x10, 0x4C, 0x43, 0x00, 0x00, 0x00, 0x62, 0x2D, 0x00, 0x00,
0x14, 0x64, 0x17, 0xC4, 0xAC, 0x00, 0x00, 0x00, 0xFC, 0x74, 0x00, 0x00, 0x34, 0xFF, 0x3C, 0xC4,
0xAC, 0x00, 0x00, 0x00, 0xFC, 0x74, 0x00, 0x00, 0x34, 0xFF, 0x3C, 0xC4, 0xAC, 0x00, 0x00, 0x00,
0xFC, 0x74, 0x00, 0x00, 0x34, 0xFF, 0x3C, 0xC4, 0xAC, 0x00, 0x00, 0x00, 0xFC, 0x74, 0x00, 0x00,
0x34, 0xFF, 0x3C, 0xC4, 0xAC, 0x00, 0x00, 0x00, 0xFC, 0x74, 0x00, 0x00, 0x34, 0xFF, 0x3C, 0xC4,
0xAC, 0x00, 0x00, 0x00, 0xFC, 0x74, 0x00, 0x00, 0x34, 0xFF, 0x3C, 0xC4, 0xBF, 0x3C, 0x3C, 0x3C,
0xFC, 0x94, 0x3C, 0x3C, 0x63, 0xFF, 0x3C, 0xC4, 0xFF, 0xFF, 0xFF, 0xFF, 0xFF, 0xFF, 0xFF, 0xFF,
0xFF, 0xFF, 0x3C, 0x4C, 0x43, 0x00, 0x00, 0x00, 0x62, 0x2D, 0x00, 0x00, 0x14, 0x64, 0x17, 0x00,
0xC4, 0xAC, 0x00, 0x00, 0x00, 0xFC, 0x74, 0x00, 0x00, 0x34, 0xFF, 0x3C, 0x00, 0xC4, 0xAC, 0x00,
0x00, 0x00, 0xFC, 0x74, 0x00, 0x00, 0x34, 0xFF, 0x3C, 0x00, 0xC4, 0xAC, 0x00, 0x00, 0x00, 0xFC,
0x74, 0x00, 0x00, 0x34, 0xFF, 0x3C, 0x00, 0xC4, 0xAC, 0x00, 0x00, 0x00, 0xFC, 0x74, 0x00, 0x00,
0x34, 0xFF, 0x3C, 0x00, 0xC4, 0xAC, 0x00, 0x00, 0x00, 0xFC, 0x74, 0x00, 0x00, 0x34, 0xFF, 0x3C,
0x00, 0xC4, 0xAC, 0x00, 0x00, 0x00, 0xFC, 0x74, 0x00, 0x00, 0x34, 0xFF, 0x3C, 0x00, 0xC4, 0xBF,
0x3C, 0x3C, 0x3C, 0xFC, 0x94, 0x3C, 0x3C, 0x63, 0xFF, 0x69, 0x25, 0xC4, 0xFF, 0xFF, 0xFF, 0xFF,
0xFF, 0xFF, 0xFF, 0xFF, 0xFF, 0xFF, 0xFF, 0xA0, 0x00, 0x00, 0x00, 0x00, 0x00, 0x00, 0x00, 0x00,
0x00, 0x00, 0x00, 0xBC, 0xA0, 0x00, 0x00, 0x00, 0x00, 0x00, 0x00, 0x00, 0x00, 0x00, 0x00, 0x00,
0xBC, 0xA0, 0x00, 0x00, 0x00, 0x00, 0x00, 0x00, 0x00, 0x00, 0x00, 0x00, 0x00, 0x40, 0x2C, 0x33,
0x64, 0x64, 0x64, 0x5D, 0x00, 0x00, 0x00, 0x00, 0x00, 0x00, 0x7C, 0xC8, 0xC8, 0xE4, 0xF0, 0x00,
0x00, 0x00, 0x00, 0x00, 0x00, 0x00, 0x00, 0x00, 0x84, 0xF0, 0x00, 0x00, 0x00, 0x00, 0x00, 0x00,
0x00, 0x00, 0x00, 0x84, 0xF0, 0x00, 0x00, 0x00, 0x00, 0x00, 0x00, 0x00, 0x00, 0x00, 0x84, 0xFF,
0xF4, 0xF4, 0xEE, 0xCC, 0x53, 0x00, 0x00, 0x00, 0x00, 0x84, 0xF1, 0x14, 0x14, 0x20, 0x9D, 0xFB,
0x21, 0x00, 0x00, 0x00, 0x84, 0xF0, 0x00, 0x00, 0x00, 0x37, 0xFF, 0x4A, 0x00, 0x00, 0x00, 0x84,
0xF0, 0x0C, 0x0C, 0x1A, 0x9F, 0xF8, 0x1A, 0x00, 0x00, 0x00, 0x84, 0xFF, 0xFF, 0xFF, 0xFB, 0xD4,
0x4A, 0x00, 0x4C, 0x44, 0x00, 0x00, 0x00, 0x00, 0x00, 0x00, 0x38, 0x57, 0xC4, 0xB0, 0x00, 0x00,
0x00, 0x00, 0x00, 0x00, 0x90, 0xE0, 0xC4, 0xB0, 0x00, 0x00, 0x00, 0x00, 0x00, 0x00, 0x90, 0xE0,
0xC4, 0xB0, 0x00, 0x00, 0x00, 0x00, 0x00, 0x00, 0x90, 0xE0, 0xC4, 0xFC, 0xF4, 0xF4, 0xE8, 0xB9,
0x2F, 0x00, 0x90, 0xE0, 0xC4, 0xB6, 0x14, 0x14, 0x2D, 0xCB, 0xDD, 0x00, 0x90, 0xE0, 0xC4, 0xB0,
0x00, 0x00, 0x00, 0x77, 0xFF, 0x0A, 0x90, 0xE0, 0xC4, 0xB3, 0x0C, 0x0C, 0x28, 0xCD, 0xD2, 0x00,
0x90, 0xE0, 0xC4, 0xFF, 0xFF, 0xFF, 0xF7, 0xBD, 0x25, 0x00, 0x90, 0xE0, 0x4C, 0x44, 0x00, 0x00,
0x00, 0x00, 0x00, 0x00, 0xC4, 0xB0, 0x00, 0x00, 0x00, 0x00, 0x00, 0x00, 0xC4, 0xB0, 0x00, 0x00,
0x00, 0x00, 0x00, 0x00, 0xC4, 0xB0, 0x00, 0x00, 0x00, 0x00, 0x00, 0x00, 0xC4, 0xFC, 0xF4, 0xF4,
0xE8, 0xB9, 0x2F, 0x00, 0xC4, 0xB6, 0x14, 0x14, 0x2D, 0xCB, 0xDD, 0x00, 0xC4, 0xB0, 0x00, 0x00,
0x00, 0x77, 0xFF, 0x0A, 0xC4, 0xB3, 0x0C, 0x0C, 0x28, 0xCD, 0xD2, 0x00, 0xC4, 0xFF, 0xFF, 0xFF,
0xF7, 0xBD, 0x25, 0x00, 0x0A, 0x55, 0x7F, 0x77, 0x30, 0x00, 0x00, 0x7C, 0xD0, 0xA6, 0xCA, 0xFF,
0x7C, 0x00, 0x02, 0x00, 0x00, 0x00, 0x86, 0xFD, 0x2D, 0x00, 0x00, 0x00, 0x00, 0x0C, 0xFD, 0x7E,
0x00, 0x52, 0xBC, 0xBC, 0xBC, 0xF9, 0x9C, 0x00, 0x28, 0x5C, 0x5C, 0x5C, 0xF3, 0x93, 0x00, 0x00,
0x00, 0x00, 0x23, 0xFF, 0x64, 0x2F, 0x34, 0x07, 0x21, 0xC1, 0xE8, 0x10, 0x70, 0xF6, 0xFF, 0xFF,
0xD0, 0x31, 0x00, 0x00, 0x04, 0x1D, 0x16, 0x00, 0x00, 0x00, 0x4C, 0x43, 0x00, 0x00, 0x00, 0x0C,
0x5E, 0x84, 0x6C, 0x18, 0x00, 0x00, 0xC4, 0xAC, 0x00, 0x00, 0x23, 0xDF, 0xDD, 0xA6, 0xD3, 0xF3,
0x47, 0x00, 0xC4, 0xAC, 0x00, 0x00, 0xC4, 0xCA, 0x0A, 0x00, 0x03, 0xAE, 0xEC, 0x0D, 0xC4, 0xAC,
0x00, 0x24, 0xFF, 0x5B, 0x00, 0x00, 0x00, 0x32, 0xFF, 0x57, 0xC4, 0xF6, 0xE4, 0xEB, 0xFF, 0x35,
0x00, 0x00, 0x00, 0x08, 0xFF, 0x7B, 0xC4, 0xC8, 0x58, 0x82, 0xFF, 0x3B, 0x00, 0x00, 0x00, 0x0D,
0xFF, 0x71, 0xC4, 0xAC, 0x00, 0x16, 0xFB, 0x7B, 0x00, 0x00, 0x00, 0x46, 0xFF, 0x3A, 0xC4, 0xAC,
0x00, 0x00, 0x9A, 0xF2, 0x50, 0x09, 0x31, 0xD6, 0xBE, 0x00, 0xC4, 0xAC, 0x00, 0x00, 0x08, 0x95,
0xF7, 0xFF, 0xFB, 0xA5, 0x10, 0x00, 0x00, 0x00, 0x00, 0x00, 0x00, 0x00, 0x09, 0x20, 0x0B, 0x00,
0x00, 0x00, 0x00, 0x00, 0x29, 0x5B, 0x64, 0x64, 0x64, 0x1F, 0x00, 0x84, 0xFF, 0xE5, 0xD0, 0xD6,
0xFF, 0x50, 0x14, 0xFD, 0x96, 0x00, 0x00, 0x20, 0xFF, 0x50, 0x26, 0xFF, 0x6F, 0x00, 0x00, 0x20,
0xFF, 0x50, 0x01, 0xC4, 0xEE, 0x8D, 0x74, 0x85, 0xFF, 0x50, 0x00, 0x0E, 0x88, 0xFF, 0xCB, 0xBD,
0xFF, 0x50, 0x00, 0x06, 0xC9, 0xCF, 0x07, 0x20, 0xFF, 0x50, 0x00, 0x98, 0xF3, 0x26, 0x00, 0x20,
0xFF, 0x50, 0x5F, 0xFF, 0x5E, 0x00, 0x00, 0x20, 0xFF, 0x50, 0x00, 0x00, 0x06, 0x15, 0x00, 0x00,
0x00, 0x00, 0x00, 0x00, 0x8D, 0xFB, 0x39, 0x00, 0x00, 0x00, 0x00, 0x00, 0x00, 0x84, 0xE0, 0x11,
0x00, 0x00, 0x00, 0x00, 0x00, 0x00, 0x61, 0x34, 0x00, 0x00, 0x00, 0x00, 0x11, 0x68, 0x82, 0x58,
0x04, 0x00, 0x00, 0x2F, 0xE9, 0xC1, 0x91, 0xE2, 0xC0, 0x05, 0x00, 0xCD, 0xB2, 0x00, 0x00, 0x1C,
0xF6, 0x64, 0x25, 0xFF, 0x6E, 0x28, 0x28, 0x28, 0xCD, 0xAA, 0x47, 0xFF, 0xE1, 0xDC, 0xDC, 0xDC,
0xDC, 0xA3, 0x42, 0xFF, 0x3D, 0x00, 0x00, 0x00, 0x00, 0x00, 0x16, 0xFD, 0x7D, 0x00, 0x00, 0x00,
0x00, 0x00, 0x00, 0xA5, 0xF3, 0x5D, 0x10, 0x11, 0x48, 0x2C, 0x00, 0x0B, 0x9F, 0xF9, 0xFF, 0xFF,
0xE2, 0x50, 0x00, 0x00, 0x00, 0x09, 0x21, 0x10, 0x00, 0x00, 0x00, 0x03, 0x92, 0x52, 0x00, 0x7F,
0x67, 0x00, 0x00, 0x0F, 0xF4, 0x9F, 0x00, 0xDE, 0xBF, 0x00, 0x00, 0x00, 0x0B, 0x01, 0x00, 0x09,
0x04, 0x00, 0x00, 0x00, 0x11, 0x68, 0x82, 0x58, 0x04, 0x00, 0x00, 0x2F, 0xE9, 0xC1, 0x91, 0xE2,
0xC0, 0x05, 0x00, 0xCD, 0xB2, 0x00, 0x00, 0x1C, 0xF6, 0x64, 0x25, 0xFF, 0x6E, 0x28, 0x28, 0x28,
0xCD, 0xAA, 0x47, 0xFF, 0xE1, 0xDC, 0xDC, 0xDC, 0xDC, 0xA3, 0x42, 0xFF, 0x3D, 0x00, 0x00, 0x00,
0x00, 0x00, 0x16, 0xFD, 0x7D, 0x00, 0x00, 0x00, 0x00, 0x00, 0x00, 0xA5, 0xF3, 0x5D, 0x10, 0x11,
0x48, 0x2C, 0x00, 0x0B, 0x9F, 0xF9, 0xFF, 0xFF, 0xE2, 0x50, 0x00, 0x00, 0x00, 0x09, 0x21, 0x10,
0x00, 0x00, 0x00, 0x03, 0x13, 0x00, 0x00, 0x00, 0x00, 0x00, 0x00, 0x00, 0xAB, 0xC4, 0x00, 0x00,
0x00, 0x00, 0x00, 0x00, 0x5F, 0xD0, 0xDE, 0x70, 0x70, 0x2E, 0x00, 0x00, 0x00, 0x9E, 0xE3, 0xEB,
0xA8, 0xA8, 0x37, 0x00, 0x00, 0x00, 0x00, 0xAC, 0xC4, 0x00, 0x09, 0x2A, 0x0D, 0x00, 0x00, 0x00,
0xAC, 0xC4, 0x5B, 0xF0, 0xFF, 0xFA, 0x65, 0x00, 0x00, 0xAC, 0xF7, 0xAB, 0x22, 0x0C, 0xAD, 0xF3,
0x0B, 0x00, 0xAC, 0xD1, 0x01, 0x00, 0x00, 0x47, 0xFF, 0x2E, 0x00, 0xAC, 0xC4, 0x00, 0x00, 0x00,
0x38, 0xFF, 0x3C, 0x00, 0xAC, 0xC4, 0x00, 0x00, 0x00, 0x38, 0xFF, 0x3C, 0x00, 0xAC, 0xC4, 0x00,
0x00, 0x00, 0x38, 0xFF, 0x3C, 0x00, 0xAC, 0xC4, 0x00, 0x00, 0x00, 0x38, 0xFF, 0x3C, 0x00, 0xAC,
0xC4, 0x00, 0x00, 0x00, 0x38, 0xFF, 0x3C, 0x00, 0x00, 0x00, 0x00, 0x00, 0x00, 0x39, 0xFF, 0x3B,
0x00, 0x00, 0x00, 0x00, 0x00, 0x00, 0x58, 0xFF, 0x26, 0x00, 0x00, 0x00, 0x00, 0x00, 0x8F, 0xF0,
0xD4, 0x02, 0x00, 0x00, 0x00, 0x00, 0x00, 0x68, 0x73, 0x15, 0x00, 0x00, 0x00, 0x00, 0x17, 0x03,
0x00, 0x00, 0x00, 0x5A, 0xFE, 0x67, 0x00, 0x00, 0x26, 0xEF, 0x5E, 0x00, 0x00, 0x00, 0x48, 0x4C,
0x00, 0x00, 0x00, 0x4C, 0x64, 0x64, 0x64, 0x64, 0x19, 0xC4, 0xF2, 0xCC, 0xCC, 0xCC, 0x1E, 0xC4,
0xBC, 0x00, 0x00, 0x00, 0x00, 0xC4, 0xBC, 0x00, 0x00, 0x00, 0x00, 0xC4, 0xBC, 0x00, 0x00, 0x00,
0x00, 0xC4, 0xBC, 0x00, 0x00, 0x00, 0x00, 0xC4, 0xBC, 0x00, 0x00, 0x00, 0x00, 0xC4, 0xBC, 0x00,
0x00, 0x00, 0x00, 0xC4, 0xBC, 0x00, 0x00, 0x00, 0x00, 0x00, 0x00, 0x09, 0x5D, 0x83, 0x6D, 0x27,
0x00, 0x21, 0xDC, 0xE3, 0xA4, 0xBD, 0xDB, 0x00, 0xBD, 0xD6, 0x0E, 0x00, 0x00, 0x06, 0x1D, 0xFF,
0x64, 0x00, 0x00, 0x00, 0x00, 0x44, 0xFF, 0xCC, 0xBC, 0xBC, 0x8F, 0x00, 0x44, 0xFF, 0x87, 0x5C,
0x5C, 0x46, 0x00, 0x1C, 0xFF, 0x79, 0x00, 0x00, 0x00, 0x00, 0x00, 0xB2, 0xEF, 0x4E, 0x0B, 0x1C,
0x42, 0x00, 0x11, 0xAC, 0xFD, 0xFF, 0xFD, 0xA6, 0x00, 0x00, 0x00, 0x0D, 0x20, 0x08, 0x00, 0x00,
0x12, 0x6A, 0x85, 0x6B, 0x22, 0x00, 0x0D, 0xE1, 0xCC, 0x8C, 0xAA, 0xC1, 0x00, 0x4A, 0xFF, 0x1E,
0x00, 0x00, 0x00, 0x00, 0x29, 0xFD, 0xB2, 0x2A, 0x00, 0x00, 0x00, 0x00, 0x55, 0xE9, 0xFF, 0xB6,
0x23, 0x00, 0x00, 0x00, 0x07, 0x5D, 0xE1, 0xE5, 0x0B, 0x00, 0x00, 0x00, 0x00, 0x38, 0xFF, 0x33,
0x14, 0x3B, 0x07, 0x04, 0x7E, 0xF6, 0x11, 0x43, 0xEF, 0xFE, 0xFC, 0xE5, 0x4F, 0x00, 0x00, 0x03,
0x1B, 0x1D, 0x01, 0x00, 0x00, 0x6E, 0x7D, 0xD1, 0xE8, 0x11, 0x16, 0x44, 0x4B, 0xB0, 0xC0, 0xB0,
0xC0, 0xB0, 0xC0, 0xB0, 0xC0, 0xB0, 0xC0, 0xB0, 0xC0, 0xB0, 0xC0, 0xB0, 0xC0, 0x00, 0x7B, 0x2A,
0x22, 0x81, 0x06, 0x09, 0xEE, 0x69, 0x56, 0xF3, 0x1B, 0x00, 0x02, 0x00, 0x00, 0x02, 0x00, 0x00,
0x00, 0x44, 0x4B, 0x00, 0x00, 0x00, 0x00, 0xB0, 0xC0, 0x00, 0x00, 0x00, 0x00, 0xB0, 0xC0, 0x00,
0x00, 0x00, 0x00, 0xB0, 0xC0, 0x00, 0x00, 0x00, 0x00, 0xB0, 0xC0, 0x00, 0x00, 0x00, 0x00, 0xB0,
0xC0, 0x00, 0x00, 0x00, 0x00, 0xB0, 0xC0, 0x00, 0x00, 0x00, 0x00, 0xB0, 0xC0, 0x00, 0x00, 0x00,
0x00, 0xB0, 0xC0, 0x00, 0x00, 0x00, 0x00, 0x6E, 0x7D, 0x00, 0x00, 0xD1, 0xE8, 0x00, 0x00, 0x11,
0x16, 0x00, 0x00, 0x43, 0x4C, 0x00, 0x00, 0xAC, 0xC4, 0x00, 0x00, 0xAC, 0xC4, 0x00, 0x00, 0xAC,
0xC4, 0x00, 0x00, 0xAC, 0xC4, 0x00, 0x00, 0xAC, 0xC4, 0x00, 0x00, 0xAC, 0xC4, 0x00, 0x00, 0xAC,
0xC4, 0x00, 0x00, 0xAC, 0xC4, 0x00, 0x00, 0xAD, 0xC3, 0x00, 0x00, 0xCC, 0xAE, 0x28, 0xCC, 0xFF,
0x5E, 0x23, 0x81, 0x4D, 0x00, 0x00, 0x00, 0x3E, 0x64, 0x64, 0x64, 0x64, 0x64, 0x11, 0x00, 0x00,
0x00, 0x00, 0x00, 0x00, 0x00, 0xB7, 0xED, 0xCC, 0xCC, 0xDA, 0xFF, 0x2C, 0x00, 0x00, 0x00, 0x00,
0x00, 0x00, 0x00, 0xDA, 0x8F, 0x00, 0x00, 0x48, 0xFF, 0x2C, 0x00, 0x00, 0x00, 0x00, 0x00, 0x00,
0x03, 0xFA, 0x6C, 0x00, 0x00, 0x48, 0xFF, 0x2C, 0x00, 0x00, 0x00, 0x00, 0x00, 0x00, 0x20, 0xFF,
0x48, 0x00, 0x00, 0x48, 0xFF, 0xF6, 0xF4, 0xF1, 0xD8, 0x7C, 0x00, 0x00, 0x43, 0xFF, 0x20, 0x00,
0x00, 0x48, 0xFF, 0x3C, 0x14, 0x19, 0x6C, 0xFF, 0x59, 0x00, 0x67, 0xF6, 0x01, 0x00, 0x00, 0x48,
0xFF, 0x2C, 0x00, 0x00, 0x01, 0xFA, 0x86, 0x0F, 0xB6, 0xBF, 0x00, 0x00, 0x00, 0x48, 0xFF, 0x35,
0x0C, 0x13, 0x6C, 0xFF, 0x4E, 0xE1, 0xF9, 0x49, 0x00, 0x00, 0x00, 0x48, 0xFF, 0xFF, 0xFF, 0xFE,
0xE3, 0x74, 0x00, 0x18, 0x10, 0x00, 0x00, 0x00, 0x00, 0x00, 0x00, 0x00, 0x00, 0x00, 0x00, 0x00,
0x00, 0x4C, 0x43, 0x00, 0x00, 0x00, 0x1F, 0x64, 0x0E, 0x00, 0x00, 0x00, 0x00, 0x00, 0xC4, 0xAC,
0x00, 0x00, 0x00, 0x50, 0xFF, 0x24, 0x00, 0x00, 0x00, 0x00, 0x00, 0xC4, 0xAC, 0x00, 0x00, 0x00,
0x50, 0xFF, 0x24, 0x00, 0x00, 0x00, 0x00, 0x00, 0xC4, 0xAC, 0x00, 0x00, 0x00, 0x50, 0xFF, 0x24,
0x00, 0x00, 0x00, 0x00, 0x00, 0xC4, 0xF6, 0xE4, 0xE4, 0xE4, 0xEC, 0xFF, 0xF5, 0xF4, 0xF1, 0xD6,
0x76, 0x00, 0xC4, 0xC8, 0x58, 0x58, 0x58, 0x8C, 0xFF, 0x35, 0x14, 0x1A, 0x73, 0xFF, 0x51, 0xC4,
0xAC, 0x00, 0x00, 0x00, 0x50, 0xFF, 0x24, 0x00, 0x00, 0x04, 0xFE, 0x7E, 0xC4, 0xAC, 0x00, 0x00,
0x00, 0x50, 0xFF, 0x2E, 0x0C, 0x13, 0x74, 0xFF, 0x46, 0xC4, 0xAC, 0x00, 0x00, 0x00, 0x50, 0xFF,
0xFF, 0xFF, 0xFE, 0xE1, 0x6F, 0x00, 0x00, 0x03, 0x13, 0x00, 0x00, 0x00, 0x00, 0x00, 0x00, 0x00,
0xAB, 0xC4, 0x00, 0x00, 0x00, 0x00, 0x00, 0x00, 0x5F, 0xD0, 0xDE, 0x70, 0x70, 0x2E, 0x00, 0x00,
0x00, 0x9E, 0xE3, 0xEB, 0xA8, 0xA8, 0x37, 0x00, 0x00, 0x00, 0x00, 0xAC, 0xC4, 0x00, 0x09, 0x2A,
0x0D, 0x00, 0x00, 0x00, 0xAC, 0xC4, 0x5B, 0xF0, 0xFF, 0xFA, 0x65, 0x00, 0x00, 0xAC, 0xF7, 0xAB,
0x22, 0x0C, 0xAD, 0xF3, 0x0B, 0x00, 0xAC, 0xD1, 0x01, 0x00, 0x00, 0x47, 0xFF, 0x2E, 0x00, 0xAC,
0xC4, 0x00, 0x00, 0x00, 0x38, 0xFF, 0x3C, 0x00, 0xAC, 0xC4, 0x00, 0x00, 0x00, 0x38, 0xFF, 0x3C,
0x00, 0xAC, 0xC4, 0x00, 0x00, 0x00, 0x38, 0xFF, 0x3C, 0x00, 0xAC, 0xC4, 0x00, 0x00, 0x00, 0x38,
0xFF, 0x3C, 0x00, 0xAC, 0xC4, 0x00, 0x00, 0x00, 0x38, 0xFF, 0x3C, 0x00, 0x00, 0x00, 0x00, 0x15,
0x05, 0x00, 0x00, 0x00, 0x00, 0x00, 0x3D, 0xFC, 0x85, 0x00, 0x00, 0x00, 0x00, 0x14, 0xE4, 0x7C,
0x00, 0x00, 0x00, 0x00, 0x00, 0x38, 0x5D, 0x00, 0x00, 0x00, 0x00, 0x4C, 0x43, 0x00, 0x00, 0x00,
0x57, 0x80, 0x0C, 0xC4, 0xAC, 0x00, 0x00, 0x8A, 0xF2, 0xB1, 0x08, 0xC4, 0xAC, 0x00, 0x5D, 0xF7,
0x36, 0x00, 0x00, 0xC4, 0xAF, 0x3B, 0xF7, 0x62, 0x00, 0x00, 0x00, 0xC4, 0xFF, 0xFF, 0xE5, 0x08,
0x00, 0x00, 0x00, 0xC4, 0xBB, 0x3C, 0xEB, 0x9C, 0x00, 0x00, 0x00, 0xC4, 0xAC, 0x00, 0x48, 0xFE,
0x61, 0x00, 0x00, 0xC4, 0xAC, 0x00, 0x00, 0x86, 0xF6, 0x30, 0x00, 0xC4, 0xAC, 0x00, 0x00, 0x03,
0xC1, 0xDC, 0x10, 0x00, 0x01, 0x15, 0x04, 0x00, 0x00, 0x00, 0x00, 0x00, 0x41, 0xF4, 0x8C, 0x00,
0x00, 0x00, 0x00, 0x00, 0x00, 0x3B, 0xEF, 0x4B, 0x00, 0x00, 0x00, 0x00, 0x00, 0x00, 0x33, 0x62,
0x00, 0x00, 0x00, 0x4C, 0x40, 0x00, 0x00, 0x00, 0x24, 0x64, 0x12, 0xC4, 0xA4, 0x00, 0x00, 0x03,
0xCC, 0xFF, 0x30, 0xC4, 0xA4, 0x00, 0x00, 0x76, 0xF8, 0xFF, 0x30, 0xC4, 0xA4, 0x00, 0x25, 0xF5,
0x7B, 0xFF, 0x30, 0xC4, 0xA4, 0x01, 0xC1, 0x96, 0x3C, 0xFF, 0x30, 0xC4, 0xA4, 0x69, 0xE1, 0x0D,
0x3C, 0xFF, 0x30, 0xC4, 0xC0, 0xF1, 0x47, 0x00, 0x3C, 0xFF, 0x30, 0xC4, 0xFF, 0x9F, 0x00, 0x00,
0x3C, 0xFF, 0x30, 0xC4, 0xE6, 0x10, 0x00, 0x00, 0x3C, 0xFF, 0x30, 0x00, 0x00, 0x14, 0x11, 0x00,
0x00, 0x13, 0x12, 0x00, 0x00, 0x00, 0x77, 0xC0, 0x00, 0x01, 0xCA, 0x6A, 0x00, 0x00, 0x00, 0x0B,
0xBE, 0xCE, 0xD1, 0xB3, 0x06, 0x00, 0x00, 0x00, 0x00, 0x00, 0x12, 0x10, 0x00, 0x00, 0x00, 0x00,
0x54, 0x46, 0x00, 0x00, 0x00, 0x00, 0x4B, 0x49, 0x00, 0x96, 0xED, 0x05, 0x00, 0x00, 0x0A, 0xF4,
0x7A, 0x00, 0x34, 0xFF, 0x4D, 0x00, 0x00, 0x57, 0xFD, 0x1D, 0x00, 0x00, 0xD3, 0xA7, 0x00, 0x00,
0xAF, 0xBB, 0x00, 0x00, 0x00, 0x72, 0xF5, 0x0B, 0x0E, 0xF7, 0x5C, 0x00, 0x00, 0x00, 0x16, 0xFA,
0x5A, 0x5E, 0xF2, 0x0A, 0x00, 0x00, 0x00, 0x00, 0xB0, 0xAD, 0xB1, 0x9C, 0x00, 0x00, 0x00, 0x00,
0x00, 0x4F, 0xF0, 0xF6, 0x3D, 0x00, 0x00, 0x00, 0x00, 0x00, 0x04, 0xE9, 0xDD, 0x00, 0x00, 0x00,
0x00, 0x00, 0x00, 0x0C, 0xEE, 0x7B, 0x00, 0x00, 0x00, 0x00, 0x00, 0x00, 0x8A, 0xF3, 0x16, 0x00,
0x00, 0x00, 0x1C, 0xB5, 0xC3, 0xFD, 0x60, 0x00, 0x00, 0x00, 0x00, 0x18, 0x71, 0x7C, 0x32, 0x00,
0x00, 0x00, 0x00, 0x00, 0x4C, 0x43, 0x00, 0x00, 0x00, 0x1D, 0x64, 0x0E, 0xC4, 0xAC, 0x00, 0x00,
0x00, 0x4C, 0xFF, 0x24, 0xC4, 0xAC, 0x00, 0x00, 0x00, 0x4C, 0xFF, 0x24, 0xC4, 0xAC, 0x00, 0x00,
0x00, 0x4C, 0xFF, 0x24, 0xC4, 0xAC, 0x00, 0x00, 0x00, 0x4C, 0xFF, 0x24, 0xC4, 0xAC, 0x00, 0x00,
0x00, 0x4C, 0xFF, 0x24, 0xC4, 0xAC, 0x00, 0x00, 0x00, 0x4C, 0xFF, 0x24, 0xC4, 0xBF, 0x3C, 0x3C,
0x3C, 0x76, 0xFF, 0x24, 0xC4, 0xFF, 0xFF, 0xFF, 0xFF, 0xFF, 0xFF, 0x24, 0x00, 0x00, 0x00, 0xF4,
0x68, 0x00, 0x00, 0x00, 0x00, 0x00, 0x00, 0xF4, 0x68, 0x00, 0x00, 0x00, 0x00, 0x00, 0x00, 0x51,
0x1C, 0x00, 0x00, 0x00, 0x00, 0x00, 0x00, 0x00, 0x00, 0x72, 0xB6, 0x00, 0x00, 0x00, 0x00, 0x00,
0x98, 0xDC, 0x24, 0x50, 0x50, 0x50, 0x50, 0xB8, 0xDC, 0x74, 0xFF, 0xEC, 0xEC, 0xEC, 0xEC, 0xCA,
0x74, 0xFF, 0x04, 0x00, 0x00, 0x00, 0x00, 0x74, 0xFF, 0x04, 0x00, 0x00, 0x00, 0x00, 0x74, 0xFF,
0x04, 0x00, 0x00, 0x00, 0x00, 0x74, 0xFF, 0x04, 0x00, 0x00, 0x00, 0x00, 0x74, 0xFF, 0x04, 0x00,
0x00, 0x00, 0x00, 0x74, 0xFF, 0x04, 0x00, 0x00, 0x00, 0x00, 0x74, 0xFF, 0x04, 0x00, 0x00, 0x00,
0x00, 0x74, 0xFF, 0x04, 0x00, 0x00, 0x00, 0x00, 0x74, 0xFF, 0x04, 0x00, 0x00, 0x00, 0x00, 0x74,
0xFF, 0x04, 0x00, 0x00, 0x00, 0x00, 0x00, 0x00, 0x00, 0x00, 0x18, 0x18, 0x00, 0x00, 0x00, 0x00,
0xE0, 0x80, 0x4C, 0x64, 0x64, 0x64, 0xEC, 0x80, 0xC4, 0xF2, 0xCC, 0xCC, 0xCC, 0x66, 0xC4, 0xBC,
0x00, 0x00, 0x00, 0x00, 0xC4, 0xBC, 0x00, 0x00, 0x00, 0x00, 0xC4, 0xBC, 0x00, 0x00, 0x00, 0x00,
0xC4, 0xBC, 0x00, 0x00, 0x00, 0x00, 0xC4, 0xBC, 0x00, 0x00, 0x00, 0x00, 0xC4, 0xBC, 0x00, 0x00,
0x00, 0x00, 0xC4, 0xBC, 0x00, 0x00, 0x00, 0x00, 0x00, 0x0B, 0x48, 0x75, 0x61, 0x77, 0x65, 0x69,
0x20, 0x53, 0x61, 0x6E, 0x73, 0x00, 0x0A, 0x48, 0x75, 0x61, 0x77, 0x65, 0x69, 0x53, 0x61, 0x6E,
0x73, 0x01, 
};
