#include <pgmspace.h>

const uint8_t HuaweiSans24[] PROGMEM = {
0x00, 0x00, 0x00, 0xC0, 0x00, 0x00, 0x00, 0x0B, 0x00, 0x00, 0x00, 0x18, 0x00, 0x00, 0x00, 0x00,
0x00, 0x00, 0x00, 0x13, 0x00, 0x00, 0x00, 0x06, 0x00, 0x00, 0x00, 0x21, 0x00, 0x00, 0x00, 0x12,
0x00, 0x00, 0x00, 0x03, 0x00, 0x00, 0x00, 0x07, 0x00, 0x00, 0x00, 0x11, 0x00, 0x00, 0x00, 0x02,
0x00, 0x00, 0x00, 0x00, 0x00, 0x00, 0x00, 0x22, 0x00, 0x00, 0x00, 0x06, 0x00, 0x00, 0x00, 0x08,
0x00, 0x00, 0x00, 0x0B, 0x00, 0x00, 0x00, 0x11, 0x00, 0x00, 0x00, 0x01, 0x00, 0x00, 0x00, 0x00,
0x00, 0x00, 0x00, 0x23, 0x00, 0x00, 0x00, 0x11, 0x00, 0x00, 0x00, 0x10, 0x00, 0x00, 0x00, 0x10,
0x00, 0x00, 0x00, 0x11, 0x00, 0x00, 0x00, 0x00, 0x00, 0x00, 0x00, 0x00, 0x00, 0x00, 0x00, 0x24,
0x00, 0x00, 0x00, 0x14, 0x00, 0x00, 0x00, 0x0B, 0x00, 0x00, 0x00, 0x0D, 0x00, 0x00, 0x00, 0x12,
0x00, 0x00, 0x00, 0x01, 0x00, 0x00, 0x00, 0x00, 0x00, 0x00, 0x00, 0x25, 0x00, 0x00, 0x00, 0x13,
0x00, 0x00, 0x00, 0x14, 0x00, 0x00, 0x00, 0x16, 0x00, 0x00, 0x00, 0x12, 0x00, 0x00, 0x00, 0x01,
0x00, 0x00, 0x00, 0x00, 0x00, 0x00, 0x00, 0x26, 0x00, 0x00, 0x00, 0x13, 0x00, 0x00, 0x00, 0x10,
0x00, 0x00, 0x00, 0x11, 0x00, 0x00, 0x00, 0x12, 0x00, 0x00, 0x00, 0x01, 0x00, 0x00, 0x00, 0x00,
0x00, 0x00, 0x00, 0x27, 0x00, 0x00, 0x00, 0x07, 0x00, 0x00, 0x00, 0x03, 0x00, 0x00, 0x00, 0x05,
0x00, 0x00, 0x00, 0x11, 0x00, 0x00, 0x00, 0x01, 0x00, 0x00, 0x00, 0x00, 0x00, 0x00, 0x00, 0x28,
0x00, 0x00, 0x00, 0x17, 0x00, 0x00, 0x00, 0x07, 0x00, 0x00, 0x00, 0x0A, 0x00, 0x00, 0x00, 0x13,
0x00, 0x00, 0x00, 0x02, 0x00, 0x00, 0x00, 0x00, 0x00, 0x00, 0x00, 0x29, 0x00, 0x00, 0x00, 0x17,
0x00, 0x00, 0x00, 0x07, 0x00, 0x00, 0x00, 0x0A, 0x00, 0x00, 0x00, 0x13, 0x00, 0x00, 0x00, 0x01,
0x00, 0x00, 0x00, 0x00, 0x00, 0x00, 0x00, 0x2A, 0x00, 0x00, 0x00, 0x08, 0x00, 0x00, 0x00, 0x09,
0x00, 0x00, 0x00, 0x09, 0x00, 0x00, 0x00, 0x11, 0x00, 0x00, 0x00, 0x00, 0x00, 0x00, 0x00, 0x00,
0x00, 0x00, 0x00, 0x2B, 0x00, 0x00, 0x00, 0x0C, 0x00, 0x00, 0x00, 0x0C, 0x00, 0x00, 0x00, 0x0E,
0x00, 0x00, 0x00, 0x0E, 0x00, 0x00, 0x00, 0x01, 0x00, 0x00, 0x00, 0x00, 0x00, 0x00, 0x00, 0x2C,
0x00, 0x00, 0x00, 0x07, 0x00, 0x00, 0x00, 0x05, 0x00, 0x00, 0x00, 0x06, 0x00, 0x00, 0x00, 0x03,
0x00, 0x00, 0x00, 0x00, 0x00, 0x00, 0x00, 0x00, 0x00, 0x00, 0x00, 0x2D, 0x00, 0x00, 0x00, 0x03,
0x00, 0x00, 0x00, 0x08, 0x00, 0x00, 0x00, 0x09, 0x00, 0x00, 0x00, 0x08, 0x00, 0x00, 0x00, 0x01,
0x00, 0x00, 0x00, 0x00, 0x00, 0x00, 0x00, 0x2E, 0x00, 0x00, 0x00, 0x04, 0x00, 0x00, 0x00, 0x04,
0x00, 0x00, 0x00, 0x06, 0x00, 0x00, 0x00, 0x03, 0x00, 0x00, 0x00, 0x01, 0x00, 0x00, 0x00, 0x00,
0x00, 0x00, 0x00, 0x2F, 0x00, 0x00, 0x00, 0x16, 0x00, 0x00, 0x00, 0x09, 0x00, 0x00, 0x00, 0x09,
0x00, 0x00, 0x00, 0x12, 0x00, 0x00, 0x00, 0x00, 0x00, 0x00, 0x00, 0x00, 0x00, 0x00, 0x00, 0x30,
0x00, 0x00, 0x00, 0x13, 0x00, 0x00, 0x00, 0x0C, 0x00, 0x00, 0x00, 0x0D, 0x00, 0x00, 0x00, 0x12,
0x00, 0x00, 0x00, 0x01, 0x00, 0x00, 0x00, 0x00, 0x00, 0x00, 0x00, 0x31, 0x00, 0x00, 0x00, 0x12,
0x00, 0x00, 0x00, 0x07, 0x00, 0x00, 0x00, 0x0D, 0x00, 0x00, 0x00, 0x12, 0x00, 0x00, 0x00, 0x02,
0x00, 0x00, 0x00, 0x00, 0x00, 0x00, 0x00, 0x32, 0x00, 0x00, 0x00, 0x12, 0x00, 0x00, 0x00, 0x0C,
0x00, 0x00, 0x00, 0x0D, 0x00, 0x00, 0x00, 0x12, 0x00, 0x00, 0x00, 0x01, 0x00, 0x00, 0x00, 0x00,
0x00, 0x00, 0x00, 0x33, 0x00, 0x00, 0x00, 0x13, 0x00, 0x00, 0x00, 0x0C, 0x00, 0x00, 0x00, 0x0D,
0x00, 0x00, 0x00, 0x12, 0x00, 0x00, 0x00, 0x01, 0x00, 0x00, 0x00, 0x00, 0x00, 0x00, 0x00, 0x34,
0x00, 0x00, 0x00, 0x12, 0x00, 0x00, 0x00, 0x0D, 0x00, 0x00, 0x00, 0x0D, 0x00, 0x00, 0x00, 0x12,
0x00, 0x00, 0x00, 0x00, 0x00, 0x00, 0x00, 0x00, 0x00, 0x00, 0x00, 0x35, 0x00, 0x00, 0x00, 0x12,
0x00, 0x00, 0x00, 0x0C, 0x00, 0x00, 0x00, 0x0D, 0x00, 0x00, 0x00, 0x11, 0x00, 0x00, 0x00, 0x00,
0x00, 0x00, 0x00, 0x00, 0x00, 0x00, 0x00, 0x36, 0x00, 0x00, 0x00, 0x13, 0x00, 0x00, 0x00, 0x0C,
0x00, 0x00, 0x00, 0x0D, 0x00, 0x00, 0x00, 0x12, 0x00, 0x00, 0x00, 0x01, 0x00, 0x00, 0x00, 0x00,
0x00, 0x00, 0x00, 0x37, 0x00, 0x00, 0x00, 0x11, 0x00, 0x00, 0x00, 0x0C, 0x00, 0x00, 0x00, 0x0D,
0x00, 0x00, 0x00, 0x11, 0x00, 0x00, 0x00, 0x01, 0x00, 0x00, 0x00, 0x00, 0x00, 0x00, 0x00, 0x38,
0x00, 0x00, 0x00, 0x13, 0x00, 0x00, 0x00, 0x0D, 0x00, 0x00, 0x00, 0x0D, 0x00, 0x00, 0x00, 0x12,
0x00, 0x00, 0x00, 0x00, 0x00, 0x00, 0x00, 0x00, 0x00, 0x00, 0x00, 0x39, 0x00, 0x00, 0x00, 0x13,
0x00, 0x00, 0x00, 0x0D, 0x00, 0x00, 0x00, 0x0D, 0x00, 0x00, 0x00, 0x12, 0x00, 0x00, 0x00, 0x00,
0x00, 0x00, 0x00, 0x00, 0x00, 0x00, 0x00, 0x3A, 0x00, 0x00, 0x00, 0x0E, 0x00, 0x00, 0x00, 0x04,
0x00, 0x00, 0x00, 0x06, 0x00, 0x00, 0x00, 0x0D, 0x00, 0x00, 0x00, 0x01, 0x00, 0x00, 0x00, 0x00,
0x00, 0x00, 0x00, 0x3B, 0x00, 0x00, 0x00, 0x11, 0x00, 0x00, 0x00, 0x05, 0x00, 0x00, 0x00, 0x06,
0x00, 0x00, 0x00, 0x0D, 0x00, 0x00, 0x00, 0x00, 0x00, 0x00, 0x00, 0x00, 0x00, 0x00, 0x00, 0x3C,
0x00, 0x00, 0x00, 0x0E, 0x00, 0x00, 0x00, 0x0C, 0x00, 0x00, 0x00, 0x0E, 0x00, 0x00, 0x00, 0x0F,
0x00, 0x00, 0x00, 0x01, 0x00, 0x00, 0x00, 0x00, 0x00, 0x00, 0x00, 0x3D, 0x00, 0x00, 0x00, 0x08,
0x00, 0x00, 0x00, 0x0C, 0x00, 0x00, 0x00, 0x0E, 0x00, 0x00, 0x00, 0x0C, 0x00, 0x00, 0x00, 0x01,
0x00, 0x00, 0x00, 0x00, 0x00, 0x00, 0x00, 0x3E, 0x00, 0x00, 0x00, 0x0E, 0x00, 0x00, 0x00, 0x0C,
0x00, 0x00, 0x00, 0x0E, 0x00, 0x00, 0x00, 0x0F, 0x00, 0x00, 0x00, 0x01, 0x00, 0x00, 0x00, 0x00,
0x00, 0x00, 0x00, 0x3F, 0x00, 0x00, 0x00, 0x13, 0x00, 0x00, 0x00, 0x0B, 0x00, 0x00, 0x00, 0x0B,
0x00, 0x00, 0x00, 0x12, 0x00, 0x00, 0x00, 0x00, 0x00, 0x00, 0x00, 0x00, 0x00, 0x00, 0x00, 0x40,
0x00, 0x00, 0x00, 0x16, 0x00, 0x00, 0x00, 0x15, 0x00, 0x00, 0x00, 0x16, 0x00, 0x00, 0x00, 0x12,
0x00, 0x00, 0x00, 0x00, 0x00, 0x00, 0x00, 0x00, 0x00, 0x00, 0x00, 0x41, 0x00, 0x00, 0x00, 0x11,
0x00, 0x00, 0x00, 0x10, 0x00, 0x00, 0x00, 0x10, 0x00, 0x00, 0x00, 0x11, 0x00, 0x00, 0x00, 0x00,
0x00, 0x00, 0x00, 0x00, 0x00, 0x00, 0x00, 0x42, 0x00, 0x00, 0x00, 0x11, 0x00, 0x00, 0x00, 0x0C,
0x00, 0x00, 0x00, 0x0E, 0x00, 0x00, 0x00, 0x11, 0x00, 0x00, 0x00, 0x02, 0x00, 0x00, 0x00, 0x00,
0x00, 0x00, 0x00, 0x43, 0x00, 0x00, 0x00, 0x13, 0x00, 0x00, 0x00, 0x0E, 0x00, 0x00, 0x00, 0x0F,
0x00, 0x00, 0x00, 0x12, 0x00, 0x00, 0x00, 0x01, 0x00, 0x00, 0x00, 0x00, 0x00, 0x00, 0x00, 0x44,
0x00, 0x00, 0x00, 0x11, 0x00, 0x00, 0x00, 0x0F, 0x00, 0x00, 0x00, 0x11, 0x00, 0x00, 0x00, 0x11,
0x00, 0x00, 0x00, 0x02, 0x00, 0x00, 0x00, 0x00, 0x00, 0x00, 0x00, 0x45, 0x00, 0x00, 0x00, 0x11,
0x00, 0x00, 0x00, 0x0B, 0x00, 0x00, 0x00, 0x0D, 0x00, 0x00, 0x00, 0x11, 0x00, 0x00, 0x00, 0x02,
0x00, 0x00, 0x00, 0x00, 0x00, 0x00, 0x00, 0x46, 0x00, 0x00, 0x00, 0x11, 0x00, 0x00, 0x00, 0x0A,
0x00, 0x00, 0x00, 0x0D, 0x00, 0x00, 0x00, 0x11, 0x00, 0x00, 0x00, 0x02, 0x00, 0x00, 0x00, 0x00,
0x00, 0x00, 0x00, 0x47, 0x00, 0x00, 0x00, 0x13, 0x00, 0x00, 0x00, 0x0F, 0x00, 0x00, 0x00, 0x11,
0x00, 0x00, 0x00, 0x12, 0x00, 0x00, 0x00, 0x01, 0x00, 0x00, 0x00, 0x00, 0x00, 0x00, 0x00, 0x48,
0x00, 0x00, 0x00, 0x11, 0x00, 0x00, 0x00, 0x0E, 0x00, 0x00, 0x00, 0x12, 0x00, 0x00, 0x00, 0x11,
0x00, 0x00, 0x00, 0x02, 0x00, 0x00, 0x00, 0x00, 0x00, 0x00, 0x00, 0x49, 0x00, 0x00, 0x00, 0x11,
0x00, 0x00, 0x00, 0x03, 0x00, 0x00, 0x00, 0x07, 0x00, 0x00, 0x00, 0x11, 0x00, 0x00, 0x00, 0x02,
0x00, 0x00, 0x00, 0x00, 0x00, 0x00, 0x00, 0x4A, 0x00, 0x00, 0x00, 0x12, 0x00, 0x00, 0x00, 0x06,
0x00, 0x00, 0x00, 0x08, 0x00, 0x00, 0x00, 0x11, 0x00, 0x00, 0x00, 0x00, 0x00, 0x00, 0x00, 0x00,
0x00, 0x00, 0x00, 0x4B, 0x00, 0x00, 0x00, 0x11, 0x00, 0x00, 0x00, 0x0D, 0x00, 0x00, 0x00, 0x0F,
0x00, 0x00, 0x00, 0x11, 0x00, 0x00, 0x00, 0x02, 0x00, 0x00, 0x00, 0x00, 0x00, 0x00, 0x00, 0x4C,
0x00, 0x00, 0x00, 0x11, 0x00, 0x00, 0x00, 0x0A, 0x00, 0x00, 0x00, 0x0C, 0x00, 0x00, 0x00, 0x11,
0x00, 0x00, 0x00, 0x02, 0x00, 0x00, 0x00, 0x00, 0x00, 0x00, 0x00, 0x4D, 0x00, 0x00, 0x00, 0x12,
0x00, 0x00, 0x00, 0x12, 0x00, 0x00, 0x00, 0x16, 0x00, 0x00, 0x00, 0x11, 0x00, 0x00, 0x00, 0x02,
0x00, 0x00, 0x00, 0x00, 0x00, 0x00, 0x00, 0x4E, 0x00, 0x00, 0x00, 0x11, 0x00, 0x00, 0x00, 0x0F,
0x00, 0x00, 0x00, 0x12, 0x00, 0x00, 0x00, 0x11, 0x00, 0x00, 0x00, 0x02, 0x00, 0x00, 0x00, 0x00,
0x00, 0x00, 0x00, 0x4F, 0x00, 0x00, 0x00, 0x13, 0x00, 0x00, 0x00, 0x11, 0x00, 0x00, 0x00, 0x13,
0x00, 0x00, 0x00, 0x12, 0x00, 0x00, 0x00, 0x01, 0x00, 0x00, 0x00, 0x00, 0x00, 0x00, 0x00, 0x50,
0x00, 0x00, 0x00, 0x11, 0x00, 0x00, 0x00, 0x0B, 0x00, 0x00, 0x00, 0x0E, 0x00, 0x00, 0x00, 0x11,
0x00, 0x00, 0x00, 0x02, 0x00, 0x00, 0x00, 0x00, 0x00, 0x00, 0x00, 0x51, 0x00, 0x00, 0x00, 0x16,
0x00, 0x00, 0x00, 0x12, 0x00, 0x00, 0x00, 0x13, 0x00, 0x00, 0x00, 0x12, 0x00, 0x00, 0x00, 0x01,
0x00, 0x00, 0x00, 0x00, 0x00, 0x00, 0x00, 0x52, 0x00, 0x00, 0x00, 0x11, 0x00, 0x00, 0x00, 0x0D,
0x00, 0x00, 0x00, 0x0F, 0x00, 0x00, 0x00, 0x11, 0x00, 0x00, 0x00, 0x02, 0x00, 0x00, 0x00, 0x00,
0x00, 0x00, 0x00, 0x53, 0x00, 0x00, 0x00, 0x13, 0x00, 0x00, 0x00, 0x0B, 0x00, 0x00, 0x00, 0x0D,
0x00, 0x00, 0x00, 0x12, 0x00, 0x00, 0x00, 0x01, 0x00, 0x00, 0x00, 0x00, 0x00, 0x00, 0x00, 0x54,
0x00, 0x00, 0x00, 0x11, 0x00, 0x00, 0x00, 0x0E, 0x00, 0x00, 0x00, 0x0E, 0x00, 0x00, 0x00, 0x11,
0x00, 0x00, 0x00, 0x00, 0x00, 0x00, 0x00, 0x00, 0x00, 0x00, 0x00, 0x55, 0x00, 0x00, 0x00, 0x12,
0x00, 0x00, 0x00, 0x0E, 0x00, 0x00, 0x00, 0x12, 0x00, 0x00, 0x00, 0x11, 0x00, 0x00, 0x00, 0x02,
0x00, 0x00, 0x00, 0x00, 0x00, 0x00, 0x00, 0x56, 0x00, 0x00, 0x00, 0x11, 0x00, 0x00, 0x00, 0x10,
0x00, 0x00, 0x00, 0x0F, 0x00, 0x00, 0x00, 0x11, 0x00, 0x00, 0x00, 0x00, 0x00, 0x00, 0x00, 0x00,
0x00, 0x00, 0x00, 0x57, 0x00, 0x00, 0x00, 0x11, 0x00, 0x00, 0x00, 0x17, 0x00, 0x00, 0x00, 0x17,
0x00, 0x00, 0x00, 0x11, 0x00, 0x00, 0x00, 0x00, 0x00, 0x00, 0x00, 0x00, 0x00, 0x00, 0x00, 0x58,
0x00, 0x00, 0x00, 0x11, 0x00, 0x00, 0x00, 0x0E, 0x00, 0x00, 0x00, 0x0E, 0x00, 0x00, 0x00, 0x11,
0x00, 0x00, 0x00, 0x00, 0x00, 0x00, 0x00, 0x00, 0x00, 0x00, 0x00, 0x59, 0x00, 0x00, 0x00, 0x11,
0x00, 0x00, 0x00, 0x0E, 0x00, 0x00, 0x00, 0x0D, 0x00, 0x00, 0x00, 0x11, 0x00, 0x00, 0x00, 0x00,
0x00, 0x00, 0x00, 0x00, 0x00, 0x00, 0x00, 0x5A, 0x00, 0x00, 0x00, 0x11, 0x00, 0x00, 0x00, 0x0E,
0x00, 0x00, 0x00, 0x0E, 0x00, 0x00, 0x00, 0x11, 0x00, 0x00, 0x00, 0x00, 0x00, 0x00, 0x00, 0x00,
0x00, 0x00, 0x00, 0x5B, 0x00, 0x00, 0x00, 0x17, 0x00, 0x00, 0x00, 0x06, 0x00, 0x00, 0x00, 0x0A,
0x00, 0x00, 0x00, 0x13, 0x00, 0x00, 0x00, 0x03, 0x00, 0x00, 0x00, 0x00, 0x00, 0x00, 0x00, 0x5C,
0x00, 0x00, 0x00, 0x17, 0x00, 0x00, 0x00, 0x09, 0x00, 0x00, 0x00, 0x09, 0x00, 0x00, 0x00, 0x13,
0x00, 0x00, 0x00, 0x00, 0x00, 0x00, 0x00, 0x00, 0x00, 0x00, 0x00, 0x5D, 0x00, 0x00, 0x00, 0x17,
0x00, 0x00, 0x00, 0x07, 0x00, 0x00, 0x00, 0x0A, 0x00, 0x00, 0x00, 0x13, 0x00, 0x00, 0x00, 0x00,
0x00, 0x00, 0x00, 0x00, 0x00, 0x00, 0x00, 0x5E, 0x00, 0x00, 0x00, 0x0C, 0x00, 0x00, 0x00, 0x0E,
0x00, 0x00, 0x00, 0x0E, 0x00, 0x00, 0x00, 0x11, 0x00, 0x00, 0x00, 0x00, 0x00, 0x00, 0x00, 0x00,
0x00, 0x00, 0x00, 0x5F, 0x00, 0x00, 0x00, 0x02, 0x00, 0x00, 0x00, 0x0D, 0x00, 0x00, 0x00, 0x0B,
0xFF, 0xFF, 0xFF, 0xFE, 0xFF, 0xFF, 0xFF, 0xFF, 0x00, 0x00, 0x00, 0x00, 0x00, 0x00, 0x00, 0x60,
0x00, 0x00, 0x00, 0x05, 0x00, 0x00, 0x00, 0x06, 0x00, 0x00, 0x00, 0x08, 0x00, 0x00, 0x00, 0x13,
0x00, 0x00, 0x00, 0x01, 0x00, 0x00, 0x00, 0x00, 0x00, 0x00, 0x00, 0x61, 0x00, 0x00, 0x00, 0x0E,
0x00, 0x00, 0x00, 0x0B, 0x00, 0x00, 0x00, 0x0D, 0x00, 0x00, 0x00, 0x0D, 0x00, 0x00, 0x00, 0x01,
0x00, 0x00, 0x00, 0x00, 0x00, 0x00, 0x00, 0x62, 0x00, 0x00, 0x00, 0x14, 0x00, 0x00, 0x00, 0x0C,
0x00, 0x00, 0x00, 0x0E, 0x00, 0x00, 0x00, 0x13, 0x00, 0x00, 0x00, 0x01, 0x00, 0x00, 0x00, 0x00,
0x00, 0x00, 0x00, 0x63, 0x00, 0x00, 0x00, 0x0E, 0x00, 0x00, 0x00, 0x0A, 0x00, 0x00, 0x00, 0x0B,
0x00, 0x00, 0x00, 0x0D, 0x00, 0x00, 0x00, 0x01, 0x00, 0x00, 0x00, 0x00, 0x00, 0x00, 0x00, 0x64,
0x00, 0x00, 0x00, 0x14, 0x00, 0x00, 0x00, 0x0B, 0x00, 0x00, 0x00, 0x0E, 0x00, 0x00, 0x00, 0x13,
0x00, 0x00, 0x00, 0x01, 0x00, 0x00, 0x00, 0x00, 0x00, 0x00, 0x00, 0x65, 0x00, 0x00, 0x00, 0x0E,
0x00, 0x00, 0x00, 0x0B, 0x00, 0x00, 0x00, 0x0D, 0x00, 0x00, 0x00, 0x0D, 0x00, 0x00, 0x00, 0x01,
0x00, 0x00, 0x00, 0x00, 0x00, 0x00, 0x00, 0x66, 0x00, 0x00, 0x00, 0x13, 0x00, 0x00, 0x00, 0x09,
0x00, 0x00, 0x00, 0x08, 0x00, 0x00, 0x00, 0x13, 0x00, 0x00, 0x00, 0x00, 0x00, 0x00, 0x00, 0x00,
0x00, 0x00, 0x00, 0x67, 0x00, 0x00, 0x00, 0x13, 0x00, 0x00, 0x00, 0x0B, 0x00, 0x00, 0x00, 0x0E,
0x00, 0x00, 0x00, 0x0D, 0x00, 0x00, 0x00, 0x01, 0x00, 0x00, 0x00, 0x00, 0x00, 0x00, 0x00, 0x68,
0x00, 0x00, 0x00, 0x13, 0x00, 0x00, 0x00, 0x0C, 0x00, 0x00, 0x00, 0x0E, 0x00, 0x00, 0x00, 0x13,
0x00, 0x00, 0x00, 0x01, 0x00, 0x00, 0x00, 0x00, 0x00, 0x00, 0x00, 0x69, 0x00, 0x00, 0x00, 0x12,
0x00, 0x00, 0x00, 0x04, 0x00, 0x00, 0x00, 0x06, 0x00, 0x00, 0x00, 0x12, 0x00, 0x00, 0x00, 0x01,
0x00, 0x00, 0x00, 0x00, 0x00, 0x00, 0x00, 0x6A, 0x00, 0x00, 0x00, 0x18, 0x00, 0x00, 0x00, 0x06,
0x00, 0x00, 0x00, 0x06, 0x00, 0x00, 0x00, 0x12, 0xFF, 0xFF, 0xFF, 0xFF, 0x00, 0x00, 0x00, 0x00,
0x00, 0x00, 0x00, 0x6B, 0x00, 0x00, 0x00, 0x13, 0x00, 0x00, 0x00, 0x0C, 0x00, 0x00, 0x00, 0x0D,
0x00, 0x00, 0x00, 0x13, 0x00, 0x00, 0x00, 0x01, 0x00, 0x00, 0x00, 0x00, 0x00, 0x00, 0x00, 0x6C,
0x00, 0x00, 0x00, 0x14, 0x00, 0x00, 0x00, 0x06, 0x00, 0x00, 0x00, 0x07, 0x00, 0x00, 0x00, 0x13,
0x00, 0x00, 0x00, 0x01, 0x00, 0x00, 0x00, 0x00, 0x00, 0x00, 0x00, 0x6D, 0x00, 0x00, 0x00, 0x0D,
0x00, 0x00, 0x00, 0x13, 0x00, 0x00, 0x00, 0x16, 0x00, 0x00, 0x00, 0x0D, 0x00, 0x00, 0x00, 0x01,
0x00, 0x00, 0x00, 0x00, 0x00, 0x00, 0x00, 0x6E, 0x00, 0x00, 0x00, 0x0D, 0x00, 0x00, 0x00, 0x0C,
0x00, 0x00, 0x00, 0x0E, 0x00, 0x00, 0x00, 0x0D, 0x00, 0x00, 0x00, 0x01, 0x00, 0x00, 0x00, 0x00,
0x00, 0x00, 0x00, 0x6F, 0x00, 0x00, 0x00, 0x0E, 0x00, 0x00, 0x00, 0x0C, 0x00, 0x00, 0x00, 0x0E,
0x00, 0x00, 0x00, 0x0D, 0x00, 0x00, 0x00, 0x01, 0x00, 0x00, 0x00, 0x00, 0x00, 0x00, 0x00, 0x70,
0x00, 0x00, 0x00, 0x13, 0x00, 0x00, 0x00, 0x0C, 0x00, 0x00, 0x00, 0x0E, 0x00, 0x00, 0x00, 0x0D,
0x00, 0x00, 0x00, 0x01, 0x00, 0x00, 0x00, 0x00, 0x00, 0x00, 0x00, 0x71, 0x00, 0x00, 0x00, 0x13,
0x00, 0x00, 0x00, 0x0B, 0x00, 0x00, 0x00, 0x0E, 0x00, 0x00, 0x00, 0x0D, 0x00, 0x00, 0x00, 0x01,
0x00, 0x00, 0x00, 0x00, 0x00, 0x00, 0x00, 0x72, 0x00, 0x00, 0x00, 0x0D, 0x00, 0x00, 0x00, 0x08,
0x00, 0x00, 0x00, 0x09, 0x00, 0x00, 0x00, 0x0D, 0x00, 0x00, 0x00, 0x01, 0x00, 0x00, 0x00, 0x00,
0x00, 0x00, 0x00, 0x73, 0x00, 0x00, 0x00, 0x0E, 0x00, 0x00, 0x00, 0x0A, 0x00, 0x00, 0x00, 0x0A,
0x00, 0x00, 0x00, 0x0D, 0x00, 0x00, 0x00, 0x00, 0x00, 0x00, 0x00, 0x00, 0x00, 0x00, 0x00, 0x74,
0x00, 0x00, 0x00, 0x11, 0x00, 0x00, 0x00, 0x09, 0x00, 0x00, 0x00, 0x09, 0x00, 0x00, 0x00, 0x10,
0x00, 0x00, 0x00, 0x00, 0x00, 0x00, 0x00, 0x00, 0x00, 0x00, 0x00, 0x75, 0x00, 0x00, 0x00, 0x0E,
0x00, 0x00, 0x00, 0x0C, 0x00, 0x00, 0x00, 0x0E, 0x00, 0x00, 0x00, 0x0D, 0x00, 0x00, 0x00, 0x01,
0x00, 0x00, 0x00, 0x00, 0x00, 0x00, 0x00, 0x76, 0x00, 0x00, 0x00, 0x0D, 0x00, 0x00, 0x00, 0x0C,
0x00, 0x00, 0x00, 0x0C, 0x00, 0x00, 0x00, 0x0D, 0x00, 0x00, 0x00, 0x00, 0x00, 0x00, 0x00, 0x00,
0x00, 0x00, 0x00, 0x77, 0x00, 0x00, 0x00, 0x0D, 0x00, 0x00, 0x00, 0x13, 0x00, 0x00, 0x00, 0x13,
0x00, 0x00, 0x00, 0x0D, 0x00, 0x00, 0x00, 0x00, 0x00, 0x00, 0x00, 0x00, 0x00, 0x00, 0x00, 0x78,
0x00, 0x00, 0x00, 0x0D, 0x00, 0x00, 0x00, 0x0C, 0x00, 0x00, 0x00, 0x0C, 0x00, 0x00, 0x00, 0x0D,
0x00, 0x00, 0x00, 0x00, 0x00, 0x00, 0x00, 0x00, 0x00, 0x00, 0x00, 0x79, 0x00, 0x00, 0x00, 0x13,
0x00, 0x00, 0x00, 0x0D, 0x00, 0x00, 0x00, 0x0C, 0x00, 0x00, 0x00, 0x0D, 0xFF, 0xFF, 0xFF, 0xFF,
0x00, 0x00, 0x00, 0x00, 0x00, 0x00, 0x00, 0x7A, 0x00, 0x00, 0x00, 0x0D, 0x00, 0x00, 0x00, 0x0B,
0x00, 0x00, 0x00, 0x0B, 0x00, 0x00, 0x00, 0x0D, 0x00, 0x00, 0x00, 0x00, 0x00, 0x00, 0x00, 0x00,
0x00, 0x00, 0x00, 0x7B, 0x00, 0x00, 0x00, 0x17, 0x00, 0x00, 0x00, 0x09, 0x00, 0x00, 0x00, 0x0A,
0x00, 0x00, 0x00, 0x13, 0x00, 0x00, 0x00, 0x00, 0x00, 0x00, 0x00, 0x00, 0x00, 0x00, 0x00, 0x7C,
0x00, 0x00, 0x00, 0x18, 0x00, 0x00, 0x00, 0x02, 0x00, 0x00, 0x00, 0x06, 0x00, 0x00, 0x00, 0x12,
0x00, 0x00, 0x00, 0x02, 0x00, 0x00, 0x00, 0x00, 0x00, 0x00, 0x00, 0x7D, 0x00, 0x00, 0x00, 0x17,
0x00, 0x00, 0x00, 0x0A, 0x00, 0x00, 0x00, 0x0A, 0x00, 0x00, 0x00, 0x13, 0x00, 0x00, 0x00, 0x00,
0x00, 0x00, 0x00, 0x00, 0x00, 0x00, 0x00, 0x7E, 0x00, 0x00, 0x00, 0x04, 0x00, 0x00, 0x00, 0x0D,
0x00, 0x00, 0x00, 0x0E, 0x00, 0x00, 0x00, 0x0A, 0x00, 0x00, 0x00, 0x01, 0x00, 0x00, 0x00, 0x00,
0x00, 0x00, 0x04, 0x00, 0x00, 0x00, 0x00, 0x16, 0x00, 0x00, 0x00, 0x0B, 0x00, 0x00, 0x00, 0x0D,
0x00, 0x00, 0x00, 0x16, 0x00, 0x00, 0x00, 0x02, 0x00, 0x00, 0x00, 0x00, 0x00, 0x00, 0x04, 0x01,
0x00, 0x00, 0x00, 0x16, 0x00, 0x00, 0x00, 0x0B, 0x00, 0x00, 0x00, 0x0D, 0x00, 0x00, 0x00, 0x16,
0x00, 0x00, 0x00, 0x02, 0x00, 0x00, 0x00, 0x00, 0x00, 0x00, 0x04, 0x02, 0x00, 0x00, 0x00, 0x12,
0x00, 0x00, 0x00, 0x12, 0x00, 0x00, 0x00, 0x12, 0x00, 0x00, 0x00, 0x11, 0x00, 0x00, 0x00, 0x00,
0x00, 0x00, 0x00, 0x00, 0x00, 0x00, 0x04, 0x03, 0x00, 0x00, 0x00, 0x16, 0x00, 0x00, 0x00, 0x0A,
0x00, 0x00, 0x00, 0x0C, 0x00, 0x00, 0x00, 0x16, 0x00, 0x00, 0x00, 0x02, 0x00, 0x00, 0x00, 0x00,
0x00, 0x00, 0x04, 0x04, 0x00, 0x00, 0x00, 0x13, 0x00, 0x00, 0x00, 0x0E, 0x00, 0x00, 0x00, 0x0F,
0x00, 0x00, 0x00, 0x12, 0x00, 0x00, 0x00, 0x01, 0x00, 0x00, 0x00, 0x00, 0x00, 0x00, 0x04, 0x05,
0x00, 0x00, 0x00, 0x13, 0x00, 0x00, 0x00, 0x0B, 0x00, 0x00, 0x00, 0x0D, 0x00, 0x00, 0x00, 0x12,
0x00, 0x00, 0x00, 0x01, 0x00, 0x00, 0x00, 0x00, 0x00, 0x00, 0x04, 0x06, 0x00, 0x00, 0x00, 0x11,
0x00, 0x00, 0x00, 0x03, 0x00, 0x00, 0x00, 0x07, 0x00, 0x00, 0x00, 0x11, 0x00, 0x00, 0x00, 0x02,
0x00, 0x00, 0x00, 0x00, 0x00, 0x00, 0x04, 0x07, 0x00, 0x00, 0x00, 0x16, 0x00, 0x00, 0x00, 0x08,
0x00, 0x00, 0x00, 0x07, 0x00, 0x00, 0x00, 0x16, 0xFF, 0xFF, 0xFF, 0xFF, 0x00, 0x00, 0x00, 0x00,
0x00, 0x00, 0x04, 0x08, 0x00, 0x00, 0x00, 0x12, 0x00, 0x00, 0x00, 0x06, 0x00, 0x00, 0x00, 0x08,
0x00, 0x00, 0x00, 0x11, 0x00, 0x00, 0x00, 0x00, 0x00, 0x00, 0x00, 0x00, 0x00, 0x00, 0x04, 0x09,
0x00, 0x00, 0x00, 0x12, 0x00, 0x00, 0x00, 0x19, 0x00, 0x00, 0x00, 0x19, 0x00, 0x00, 0x00, 0x11,
0x00, 0x00, 0x00, 0x00, 0x00, 0x00, 0x00, 0x00, 0x00, 0x00, 0x04, 0x0A, 0x00, 0x00, 0x00, 0x11,
0x00, 0x00, 0x00, 0x17, 0x00, 0x00, 0x00, 0x19, 0x00, 0x00, 0x00, 0x11, 0x00, 0x00, 0x00, 0x02,
0x00, 0x00, 0x00, 0x00, 0x00, 0x00, 0x04, 0x0B, 0x00, 0x00, 0x00, 0x11, 0x00, 0x00, 0x00, 0x12,
0x00, 0x00, 0x00, 0x13, 0x00, 0x00, 0x00, 0x11, 0x00, 0x00, 0x00, 0x00, 0x00, 0x00, 0x00, 0x00,
0x00, 0x00, 0x04, 0x0C, 0x00, 0x00, 0x00, 0x16, 0x00, 0x00, 0x00, 0x0D, 0x00, 0x00, 0x00, 0x0F,
0x00, 0x00, 0x00, 0x16, 0x00, 0x00, 0x00, 0x02, 0x00, 0x00, 0x00, 0x00, 0x00, 0x00, 0x04, 0x0D,
0x00, 0x00, 0x00, 0x16, 0x00, 0x00, 0x00, 0x0F, 0x00, 0x00, 0x00, 0x12, 0x00, 0x00, 0x00, 0x16,
0x00, 0x00, 0x00, 0x02, 0x00, 0x00, 0x00, 0x00, 0x00, 0x00, 0x04, 0x0E, 0x00, 0x00, 0x00, 0x17,
0x00, 0x00, 0x00, 0x10, 0x00, 0x00, 0x00, 0x0F, 0x00, 0x00, 0x00, 0x16, 0x00, 0x00, 0x00, 0x00,
0x00, 0x00, 0x00, 0x00, 0x00, 0x00, 0x04, 0x0F, 0x00, 0x00, 0x00, 0x15, 0x00, 0x00, 0x00, 0x0E,
0x00, 0x00, 0x00, 0x12, 0x00, 0x00, 0x00, 0x11, 0x00, 0x00, 0x00, 0x02, 0x00, 0x00, 0x00, 0x00,
0x00, 0x00, 0x04, 0x10, 0x00, 0x00, 0x00, 0x11, 0x00, 0x00, 0x00, 0x10, 0x00, 0x00, 0x00, 0x10,
0x00, 0x00, 0x00, 0x11, 0x00, 0x00, 0x00, 0x00, 0x00, 0x00, 0x00, 0x00, 0x00, 0x00, 0x04, 0x11,
0x00, 0x00, 0x00, 0x11, 0x00, 0x00, 0x00, 0x0C, 0x00, 0x00, 0x00, 0x0F, 0x00, 0x00, 0x00, 0x11,
0x00, 0x00, 0x00, 0x02, 0x00, 0x00, 0x00, 0x00, 0x00, 0x00, 0x04, 0x12, 0x00, 0x00, 0x00, 0x11,
0x00, 0x00, 0x00, 0x0C, 0x00, 0x00, 0x00, 0x0E, 0x00, 0x00, 0x00, 0x11, 0x00, 0x00, 0x00, 0x02,
0x00, 0x00, 0x00, 0x00, 0x00, 0x00, 0x04, 0x13, 0x00, 0x00, 0x00, 0x11, 0x00, 0x00, 0x00, 0x0A,
0x00, 0x00, 0x00, 0x0C, 0x00, 0x00, 0x00, 0x11, 0x00, 0x00, 0x00, 0x02, 0x00, 0x00, 0x00, 0x00,
0x00, 0x00, 0x04, 0x14, 0x00, 0x00, 0x00, 0x15, 0x00, 0x00, 0x00, 0x12, 0x00, 0x00, 0x00, 0x13,
0x00, 0x00, 0x00, 0x11, 0x00, 0x00, 0x00, 0x00, 0x00, 0x00, 0x00, 0x00, 0x00, 0x00, 0x04, 0x15,
0x00, 0x00, 0x00, 0x11, 0x00, 0x00, 0x00, 0x0B, 0x00, 0x00, 0x00, 0x0D, 0x00, 0x00, 0x00, 0x11,
0x00, 0x00, 0x00, 0x02, 0x00, 0x00, 0x00, 0x00, 0x00, 0x00, 0x04, 0x16, 0x00, 0x00, 0x00, 0x12,
0x00, 0x00, 0x00, 0x15, 0x00, 0x00, 0x00, 0x15, 0x00, 0x00, 0x00, 0x12, 0x00, 0x00, 0x00, 0x00,
0x00, 0x00, 0x00, 0x00, 0x00, 0x00, 0x04, 0x17, 0x00, 0x00, 0x00, 0x13, 0x00, 0x00, 0x00, 0x0D,
0x00, 0x00, 0x00, 0x0D, 0x00, 0x00, 0x00, 0x12, 0x00, 0x00, 0x00, 0x00, 0x00, 0x00, 0x00, 0x00,
0x00, 0x00, 0x04, 0x18, 0x00, 0x00, 0x00, 0x11, 0x00, 0x00, 0x00, 0x0F, 0x00, 0x00, 0x00, 0x12,
0x00, 0x00, 0x00, 0x11, 0x00, 0x00, 0x00, 0x02, 0x00, 0x00, 0x00, 0x00, 0x00, 0x00, 0x04, 0x19,
0x00, 0x00, 0x00, 0x16, 0x00, 0x00, 0x00, 0x0F, 0x00, 0x00, 0x00, 0x12, 0x00, 0x00, 0x00, 0x16,
0x00, 0x00, 0x00, 0x02, 0x00, 0x00, 0x00, 0x00, 0x00, 0x00, 0x04, 0x1A, 0x00, 0x00, 0x00, 0x12,
0x00, 0x00, 0x00, 0x0D, 0x00, 0x00, 0x00, 0x0F, 0x00, 0x00, 0x00, 0x12, 0x00, 0x00, 0x00, 0x02,
0x00, 0x00, 0x00, 0x00, 0x00, 0x00, 0x04, 0x1B, 0x00, 0x00, 0x00, 0x12, 0x00, 0x00, 0x00, 0x10,
0x00, 0x00, 0x00, 0x12, 0x00, 0x00, 0x00, 0x11, 0x00, 0x00, 0x00, 0x00, 0x00, 0x00, 0x00, 0x00,
0x00, 0x00, 0x04, 0x1C, 0x00, 0x00, 0x00, 0x12, 0x00, 0x00, 0x00, 0x12, 0x00, 0x00, 0x00, 0x16,
0x00, 0x00, 0x00, 0x11, 0x00, 0x00, 0x00, 0x02, 0x00, 0x00, 0x00, 0x00, 0x00, 0x00, 0x04, 0x1D,
0x00, 0x00, 0x00, 0x11, 0x00, 0x00, 0x00, 0x0E, 0x00, 0x00, 0x00, 0x12, 0x00, 0x00, 0x00, 0x11,
0x00, 0x00, 0x00, 0x02, 0x00, 0x00, 0x00, 0x00, 0x00, 0x00, 0x04, 0x1E, 0x00, 0x00, 0x00, 0x13,
0x00, 0x00, 0x00, 0x11, 0x00, 0x00, 0x00, 0x13, 0x00, 0x00, 0x00, 0x12, 0x00, 0x00, 0x00, 0x01,
0x00, 0x00, 0x00, 0x00, 0x00, 0x00, 0x04, 0x1F, 0x00, 0x00, 0x00, 0x11, 0x00, 0x00, 0x00, 0x0E,
0x00, 0x00, 0x00, 0x12, 0x00, 0x00, 0x00, 0x11, 0x00, 0x00, 0x00, 0x02, 0x00, 0x00, 0x00, 0x00,
0x00, 0x00, 0x04, 0x20, 0x00, 0x00, 0x00, 0x11, 0x00, 0x00, 0x00, 0x0B, 0x00, 0x00, 0x00, 0x0E,
0x00, 0x00, 0x00, 0x11, 0x00, 0x00, 0x00, 0x02, 0x00, 0x00, 0x00, 0x00, 0x00, 0x00, 0x04, 0x21,
0x00, 0x00, 0x00, 0x13, 0x00, 0x00, 0x00, 0x0E, 0x00, 0x00, 0x00, 0x0F, 0x00, 0x00, 0x00, 0x12,
0x00, 0x00, 0x00, 0x01, 0x00, 0x00, 0x00, 0x00, 0x00, 0x00, 0x04, 0x22, 0x00, 0x00, 0x00, 0x11,
0x00, 0x00, 0x00, 0x0E, 0x00, 0x00, 0x00, 0x0E, 0x00, 0x00, 0x00, 0x11, 0x00, 0x00, 0x00, 0x00,
0x00, 0x00, 0x00, 0x00, 0x00, 0x00, 0x04, 0x23, 0x00, 0x00, 0x00, 0x12, 0x00, 0x00, 0x00, 0x10,
0x00, 0x00, 0x00, 0x0F, 0x00, 0x00, 0x00, 0x11, 0x00, 0x00, 0x00, 0x00, 0x00, 0x00, 0x00, 0x00,
0x00, 0x00, 0x04, 0x24, 0x00, 0x00, 0x00, 0x11, 0x00, 0x00, 0x00, 0x12, 0x00, 0x00, 0x00, 0x14,
0x00, 0x00, 0x00, 0x11, 0x00, 0x00, 0x00, 0x01, 0x00, 0x00, 0x00, 0x00, 0x00, 0x00, 0x04, 0x25,
0x00, 0x00, 0x00, 0x11, 0x00, 0x00, 0x00, 0x0E, 0x00, 0x00, 0x00, 0x0E, 0x00, 0x00, 0x00, 0x11,
0x00, 0x00, 0x00, 0x00, 0x00, 0x00, 0x00, 0x00, 0x00, 0x00, 0x04, 0x26, 0x00, 0x00, 0x00, 0x15,
0x00, 0x00, 0x00, 0x11, 0x00, 0x00, 0x00, 0x13, 0x00, 0x00, 0x00, 0x11, 0x00, 0x00, 0x00, 0x02,
0x00, 0x00, 0x00, 0x00, 0x00, 0x00, 0x04, 0x27, 0x00, 0x00, 0x00, 0x11, 0x00, 0x00, 0x00, 0x0C,
0x00, 0x00, 0x00, 0x10, 0x00, 0x00, 0x00, 0x11, 0x00, 0x00, 0x00, 0x02, 0x00, 0x00, 0x00, 0x00,
0x00, 0x00, 0x04, 0x28, 0x00, 0x00, 0x00, 0x11, 0x00, 0x00, 0x00, 0x15, 0x00, 0x00, 0x00, 0x19,
0x00, 0x00, 0x00, 0x11, 0x00, 0x00, 0x00, 0x02, 0x00, 0x00, 0x00, 0x00, 0x00, 0x00, 0x04, 0x29,
0x00, 0x00, 0x00, 0x15, 0x00, 0x00, 0x00, 0x17, 0x00, 0x00, 0x00, 0x1A, 0x00, 0x00, 0x00, 0x11,
0x00, 0x00, 0x00, 0x02, 0x00, 0x00, 0x00, 0x00, 0x00, 0x00, 0x04, 0x2A, 0x00, 0x00, 0x00, 0x11,
0x00, 0x00, 0x00, 0x12, 0x00, 0x00, 0x00, 0x12, 0x00, 0x00, 0x00, 0x11, 0x00, 0x00, 0x00, 0x00,
0x00, 0x00, 0x00, 0x00, 0x00, 0x00, 0x04, 0x2B, 0x00, 0x00, 0x00, 0x11, 0x00, 0x00, 0x00, 0x11,
0x00, 0x00, 0x00, 0x14, 0x00, 0x00, 0x00, 0x11, 0x00, 0x00, 0x00, 0x02, 0x00, 0x00, 0x00, 0x00,
0x00, 0x00, 0x04, 0x2C, 0x00, 0x00, 0x00, 0x11, 0x00, 0x00, 0x00, 0x0C, 0x00, 0x00, 0x00, 0x0F,
0x00, 0x00, 0x00, 0x11, 0x00, 0x00, 0x00, 0x02, 0x00, 0x00, 0x00, 0x00, 0x00, 0x00, 0x04, 0x2D,
0x00, 0x00, 0x00, 0x13, 0x00, 0x00, 0x00, 0x0E, 0x00, 0x00, 0x00, 0x0F, 0x00, 0x00, 0x00, 0x12,
0x00, 0x00, 0x00, 0x00, 0x00, 0x00, 0x00, 0x00, 0x00, 0x00, 0x04, 0x2E, 0x00, 0x00, 0x00, 0x13,
0x00, 0x00, 0x00, 0x16, 0x00, 0x00, 0x00, 0x19, 0x00, 0x00, 0x00, 0x12, 0x00, 0x00, 0x00, 0x02,
0x00, 0x00, 0x00, 0x00, 0x00, 0x00, 0x04, 0x2F, 0x00, 0x00, 0x00, 0x11, 0x00, 0x00, 0x00, 0x0D,
0x00, 0x00, 0x00, 0x0F, 0x00, 0x00, 0x00, 0x11, 0x00, 0x00, 0x00, 0x00, 0x00, 0x00, 0x00, 0x00,
0x00, 0x00, 0x04, 0x30, 0x00, 0x00, 0x00, 0x0E, 0x00, 0x00, 0x00, 0x0B, 0x00, 0x00, 0x00, 0x0D,
0x00, 0x00, 0x00, 0x0D, 0x00, 0x00, 0x00, 0x01, 0x00, 0x00, 0x00, 0x00, 0x00, 0x00, 0x04, 0x31,
0x00, 0x00, 0x00, 0x14, 0x00, 0x00, 0x00, 0x0D, 0x00, 0x00, 0x00, 0x0E, 0x00, 0x00, 0x00, 0x13,
0x00, 0x00, 0x00, 0x00, 0x00, 0x00, 0x00, 0x00, 0x00, 0x00, 0x04, 0x32, 0x00, 0x00, 0x00, 0x0D,
0x00, 0x00, 0x00, 0x0C, 0x00, 0x00, 0x00, 0x0D, 0x00, 0x00, 0x00, 0x0D, 0x00, 0x00, 0x00, 0x01,
0x00, 0x00, 0x00, 0x00, 0x00, 0x00, 0x04, 0x33, 0x00, 0x00, 0x00, 0x0D, 0x00, 0x00, 0x00, 0x09,
0x00, 0x00, 0x00, 0x0A, 0x00, 0x00, 0x00, 0x0D, 0x00, 0x00, 0x00, 0x01, 0x00, 0x00, 0x00, 0x00,
0x00, 0x00, 0x04, 0x34, 0x00, 0x00, 0x00, 0x11, 0x00, 0x00, 0x00, 0x0F, 0x00, 0x00, 0x00, 0x0F,
0x00, 0x00, 0x00, 0x0D, 0x00, 0x00, 0x00, 0x00, 0x00, 0x00, 0x00, 0x00, 0x00, 0x00, 0x04, 0x35,
0x00, 0x00, 0x00, 0x0E, 0x00, 0x00, 0x00, 0x0B, 0x00, 0x00, 0x00, 0x0D, 0x00, 0x00, 0x00, 0x0D,
0x00, 0x00, 0x00, 0x01, 0x00, 0x00, 0x00, 0x00, 0x00, 0x00, 0x04, 0x36, 0x00, 0x00, 0x00, 0x0D,
0x00, 0x00, 0x00, 0x12, 0x00, 0x00, 0x00, 0x11, 0x00, 0x00, 0x00, 0x0D, 0x00, 0x00, 0x00, 0x00,
0x00, 0x00, 0x00, 0x00, 0x00, 0x00, 0x04, 0x37, 0x00, 0x00, 0x00, 0x0E, 0x00, 0x00, 0x00, 0x0A,
0x00, 0x00, 0x00, 0x0B, 0x00, 0x00, 0x00, 0x0D, 0x00, 0x00, 0x00, 0x00, 0x00, 0x00, 0x00, 0x00,
0x00, 0x00, 0x04, 0x38, 0x00, 0x00, 0x00, 0x0D, 0x00, 0x00, 0x00, 0x0C, 0x00, 0x00, 0x00, 0x0E,
0x00, 0x00, 0x00, 0x0D, 0x00, 0x00, 0x00, 0x01, 0x00, 0x00, 0x00, 0x00, 0x00, 0x00, 0x04, 0x39,
0x00, 0x00, 0x00, 0x13, 0x00, 0x00, 0x00, 0x0C, 0x00, 0x00, 0x00, 0x0E, 0x00, 0x00, 0x00, 0x13,
0x00, 0x00, 0x00, 0x01, 0x00, 0x00, 0x00, 0x00, 0x00, 0x00, 0x04, 0x3A, 0x00, 0x00, 0x00, 0x0D,
0x00, 0x00, 0x00, 0x0C, 0x00, 0x00, 0x00, 0x0D, 0x00, 0x00, 0x00, 0x0D, 0x00, 0x00, 0x00, 0x01,
0x00, 0x00, 0x00, 0x00, 0x00, 0x00, 0x04, 0x3B, 0x00, 0x00, 0x00, 0x0E, 0x00, 0x00, 0x00, 0x0D,
0x00, 0x00, 0x00, 0x0E, 0x00, 0x00, 0x00, 0x0D, 0x00, 0x00, 0x00, 0x00, 0x00, 0x00, 0x00, 0x00,
0x00, 0x00, 0x04, 0x3C, 0x00, 0x00, 0x00, 0x0D, 0x00, 0x00, 0x00, 0x0F, 0x00, 0x00, 0x00, 0x12,
0x00, 0x00, 0x00, 0x0D, 0x00, 0x00, 0x00, 0x01, 0x00, 0x00, 0x00, 0x00, 0x00, 0x00, 0x04, 0x3D,
0x00, 0x00, 0x00, 0x0D, 0x00, 0x00, 0x00, 0x0C, 0x00, 0x00, 0x00, 0x0E, 0x00, 0x00, 0x00, 0x0D,
0x00, 0x00, 0x00, 0x01, 0x00, 0x00, 0x00, 0x00, 0x00, 0x00, 0x04, 0x3E, 0x00, 0x00, 0x00, 0x0E,
0x00, 0x00, 0x00, 0x0C, 0x00, 0x00, 0x00, 0x0E, 0x00, 0x00, 0x00, 0x0D, 0x00, 0x00, 0x00, 0x01,
0x00, 0x00, 0x00, 0x00, 0x00, 0x00, 0x04, 0x3F, 0x00, 0x00, 0x00, 0x0D, 0x00, 0x00, 0x00, 0x0C,
0x00, 0x00, 0x00, 0x0E, 0x00, 0x00, 0x00, 0x0D, 0x00, 0x00, 0x00, 0x01, 0x00, 0x00, 0x00, 0x00,
0x00, 0x00, 0x04, 0x40, 0x00, 0x00, 0x00, 0x13, 0x00, 0x00, 0x00, 0x0C, 0x00, 0x00, 0x00, 0x0E,
0x00, 0x00, 0x00, 0x0D, 0x00, 0x00, 0x00, 0x01, 0x00, 0x00, 0x00, 0x00, 0x00, 0x00, 0x04, 0x41,
0x00, 0x00, 0x00, 0x0E, 0x00, 0x00, 0x00, 0x0A, 0x00, 0x00, 0x00, 0x0B, 0x00, 0x00, 0x00, 0x0D,
0x00, 0x00, 0x00, 0x01, 0x00, 0x00, 0x00, 0x00, 0x00, 0x00, 0x04, 0x42, 0x00, 0x00, 0x00, 0x0D,
0x00, 0x00, 0x00, 0x0B, 0x00, 0x00, 0x00, 0x0B, 0x00, 0x00, 0x00, 0x0D, 0x00, 0x00, 0x00, 0x00,
0x00, 0x00, 0x00, 0x00, 0x00, 0x00, 0x04, 0x43, 0x00, 0x00, 0x00, 0x13, 0x00, 0x00, 0x00, 0x0D,
0x00, 0x00, 0x00, 0x0C, 0x00, 0x00, 0x00, 0x0D, 0xFF, 0xFF, 0xFF, 0xFF, 0x00, 0x00, 0x00, 0x00,
0x00, 0x00, 0x04, 0x44, 0x00, 0x00, 0x00, 0x19, 0x00, 0x00, 0x00, 0x13, 0x00, 0x00, 0x00, 0x15,
0x00, 0x00, 0x00, 0x13, 0x00, 0x00, 0x00, 0x01, 0x00, 0x00, 0x00, 0x00, 0x00, 0x00, 0x04, 0x45,
0x00, 0x00, 0x00, 0x0D, 0x00, 0x00, 0x00, 0x0C, 0x00, 0x00, 0x00, 0x0C, 0x00, 0x00, 0x00, 0x0D,
0x00, 0x00, 0x00, 0x00, 0x00, 0x00, 0x00, 0x00, 0x00, 0x00, 0x04, 0x46, 0x00, 0x00, 0x00, 0x11,
0x00, 0x00, 0x00, 0x0E, 0x00, 0x00, 0x00, 0x0F, 0x00, 0x00, 0x00, 0x0D, 0x00, 0x00, 0x00, 0x01,
0x00, 0x00, 0x00, 0x00, 0x00, 0x00, 0x04, 0x47, 0x00, 0x00, 0x00, 0x0D, 0x00, 0x00, 0x00, 0x0C,
0x00, 0x00, 0x00, 0x0E, 0x00, 0x00, 0x00, 0x0D, 0x00, 0x00, 0x00, 0x01, 0x00, 0x00, 0x00, 0x00,
0x00, 0x00, 0x04, 0x48, 0x00, 0x00, 0x00, 0x0D, 0x00, 0x00, 0x00, 0x12, 0x00, 0x00, 0x00, 0x14,
0x00, 0x00, 0x00, 0x0D, 0x00, 0x00, 0x00, 0x01, 0x00, 0x00, 0x00, 0x00, 0x00, 0x00, 0x04, 0x49,
0x00, 0x00, 0x00, 0x11, 0x00, 0x00, 0x00, 0x14, 0x00, 0x00, 0x00, 0x15, 0x00, 0x00, 0x00, 0x0D,
0x00, 0x00, 0x00, 0x01, 0x00, 0x00, 0x00, 0x00, 0x00, 0x00, 0x04, 0x4A, 0x00, 0x00, 0x00, 0x0D,
0x00, 0x00, 0x00, 0x10, 0x00, 0x00, 0x00, 0x11, 0x00, 0x00, 0x00, 0x0D, 0x00, 0x00, 0x00, 0x00,
0x00, 0x00, 0x00, 0x00, 0x00, 0x00, 0x04, 0x4B, 0x00, 0x00, 0x00, 0x0D, 0x00, 0x00, 0x00, 0x10,
0x00, 0x00, 0x00, 0x12, 0x00, 0x00, 0x00, 0x0D, 0x00, 0x00, 0x00, 0x01, 0x00, 0x00, 0x00, 0x00,
0x00, 0x00, 0x04, 0x4C, 0x00, 0x00, 0x00, 0x0D, 0x00, 0x00, 0x00, 0x0C, 0x00, 0x00, 0x00, 0x0D,
0x00, 0x00, 0x00, 0x0D, 0x00, 0x00, 0x00, 0x01, 0x00, 0x00, 0x00, 0x00, 0x00, 0x00, 0x04, 0x4D,
0x00, 0x00, 0x00, 0x0E, 0x00, 0x00, 0x00, 0x0A, 0x00, 0x00, 0x00, 0x0B, 0x00, 0x00, 0x00, 0x0D,
0x00, 0x00, 0x00, 0x00, 0x00, 0x00, 0x00, 0x00, 0x00, 0x00, 0x04, 0x4E, 0x00, 0x00, 0x00, 0x0E,
0x00, 0x00, 0x00, 0x12, 0x00, 0x00, 0x00, 0x14, 0x00, 0x00, 0x00, 0x0D, 0x00, 0x00, 0x00, 0x01,
0x00, 0x00, 0x00, 0x00, 0x00, 0x00, 0x04, 0x4F, 0x00, 0x00, 0x00, 0x0D, 0x00, 0x00, 0x00, 0x0B,
0x00, 0x00, 0x00, 0x0D, 0x00, 0x00, 0x00, 0x0D, 0x00, 0x00, 0x00, 0x00, 0x00, 0x00, 0x00, 0x00,
0x00, 0x00, 0x04, 0x50, 0x00, 0x00, 0x00, 0x14, 0x00, 0x00, 0x00, 0x0B, 0x00, 0x00, 0x00, 0x0D,
0x00, 0x00, 0x00, 0x13, 0x00, 0x00, 0x00, 0x01, 0x00, 0x00, 0x00, 0x00, 0x00, 0x00, 0x04, 0x51,
0x00, 0x00, 0x00, 0x13, 0x00, 0x00, 0x00, 0x0B, 0x00, 0x00, 0x00, 0x0D, 0x00, 0x00, 0x00, 0x12,
0x00, 0x00, 0x00, 0x01, 0x00, 0x00, 0x00, 0x00, 0x00, 0x00, 0x04, 0x52, 0x00, 0x00, 0x00, 0x19,
0x00, 0x00, 0x00, 0x0D, 0x00, 0x00, 0x00, 0x0E, 0x00, 0x00, 0x00, 0x13, 0x00, 0x00, 0x00, 0x00,
0x00, 0x00, 0x00, 0x00, 0x00, 0x00, 0x04, 0x53, 0x00, 0x00, 0x00, 0x13, 0x00, 0x00, 0x00, 0x09,
0x00, 0x00, 0x00, 0x0A, 0x00, 0x00, 0x00, 0x13, 0x00, 0x00, 0x00, 0x01, 0x00, 0x00, 0x00, 0x00,
0x00, 0x00, 0x04, 0x54, 0x00, 0x00, 0x00, 0x0E, 0x00, 0x00, 0x00, 0x0A, 0x00, 0x00, 0x00, 0x0B,
0x00, 0x00, 0x00, 0x0D, 0x00, 0x00, 0x00, 0x01, 0x00, 0x00, 0x00, 0x00, 0x00, 0x00, 0x04, 0x55,
0x00, 0x00, 0x00, 0x0E, 0x00, 0x00, 0x00, 0x0A, 0x00, 0x00, 0x00, 0x0A, 0x00, 0x00, 0x00, 0x0D,
0x00, 0x00, 0x00, 0x00, 0x00, 0x00, 0x00, 0x00, 0x00, 0x00, 0x04, 0x56, 0x00, 0x00, 0x00, 0x12,
0x00, 0x00, 0x00, 0x04, 0x00, 0x00, 0x00, 0x06, 0x00, 0x00, 0x00, 0x12, 0x00, 0x00, 0x00, 0x01,
0x00, 0x00, 0x00, 0x00, 0x00, 0x00, 0x04, 0x57, 0x00, 0x00, 0x00, 0x12, 0x00, 0x00, 0x00, 0x08,
0x00, 0x00, 0x00, 0x06, 0x00, 0x00, 0x00, 0x12, 0xFF, 0xFF, 0xFF, 0xFF, 0x00, 0x00, 0x00, 0x00,
0x00, 0x00, 0x04, 0x58, 0x00, 0x00, 0x00, 0x18, 0x00, 0x00, 0x00, 0x06, 0x00, 0x00, 0x00, 0x06,
0x00, 0x00, 0x00, 0x12, 0xFF, 0xFF, 0xFF, 0xFF, 0x00, 0x00, 0x00, 0x00, 0x00, 0x00, 0x04, 0x59,
0x00, 0x00, 0x00, 0x0E, 0x00, 0x00, 0x00, 0x15, 0x00, 0x00, 0x00, 0x15, 0x00, 0x00, 0x00, 0x0D,
0x00, 0x00, 0x00, 0x00, 0x00, 0x00, 0x00, 0x00, 0x00, 0x00, 0x04, 0x5A, 0x00, 0x00, 0x00, 0x0D,
0x00, 0x00, 0x00, 0x14, 0x00, 0x00, 0x00, 0x15, 0x00, 0x00, 0x00, 0x0D, 0x00, 0x00, 0x00, 0x01,
0x00, 0x00, 0x00, 0x00, 0x00, 0x00, 0x04, 0x5B, 0x00, 0x00, 0x00, 0x13, 0x00, 0x00, 0x00, 0x0D,
0x00, 0x00, 0x00, 0x0E, 0x00, 0x00, 0x00, 0x13, 0x00, 0x00, 0x00, 0x00, 0x00, 0x00, 0x00, 0x00,
0x00, 0x00, 0x04, 0x5C, 0x00, 0x00, 0x00, 0x13, 0x00, 0x00, 0x00, 0x0C, 0x00, 0x00, 0x00, 0x0D,
0x00, 0x00, 0x00, 0x13, 0x00, 0x00, 0x00, 0x01, 0x00, 0x00, 0x00, 0x00, 0x00, 0x00, 0x04, 0x5D,
0x00, 0x00, 0x00, 0x13, 0x00, 0x00, 0x00, 0x0C, 0x00, 0x00, 0x00, 0x0E, 0x00, 0x00, 0x00, 0x13,
0x00, 0x00, 0x00, 0x01, 0x00, 0x00, 0x00, 0x00, 0x00, 0x00, 0x04, 0x5E, 0x00, 0x00, 0x00, 0x19,
0x00, 0x00, 0x00, 0x0D, 0x00, 0x00, 0x00, 0x0C, 0x00, 0x00, 0x00, 0x13, 0xFF, 0xFF, 0xFF, 0xFF,
0x00, 0x00, 0x00, 0x00, 0x00, 0x00, 0x04, 0x5F, 0x00, 0x00, 0x00, 0x11, 0x00, 0x00, 0x00, 0x0C,
0x00, 0x00, 0x00, 0x0E, 0x00, 0x00, 0x00, 0x0D, 0x00, 0x00, 0x00, 0x01, 0x00, 0x00, 0x00, 0x00,
0x00, 0x00, 0x04, 0x90, 0x00, 0x00, 0x00, 0x15, 0x00, 0x00, 0x00, 0x0A, 0x00, 0x00, 0x00, 0x0C,
0x00, 0x00, 0x00, 0x15, 0x00, 0x00, 0x00, 0x02, 0x00, 0x00, 0x00, 0x00, 0x00, 0x00, 0x04, 0x91,
0x00, 0x00, 0x00, 0x10, 0x00, 0x00, 0x00, 0x09, 0x00, 0x00, 0x00, 0x0A, 0x00, 0x00, 0x00, 0x10,
0x00, 0x00, 0x00, 0x01, 0x00, 0x00, 0x00, 0x00, 0xAD, 0xF8, 0xAD, 0xA9, 0xFF, 0xA9, 0x9F, 0xFF,
0x9F, 0x94, 0xFF, 0x96, 0x8A, 0xFF, 0x8C, 0x80, 0xFF, 0x82, 0x75, 0xFF, 0x79, 0x6B, 0xFF, 0x6F,
0x60, 0xFF, 0x65, 0x56, 0xFF, 0x5C, 0x4C, 0xFF, 0x52, 0x28, 0x98, 0x2C, 0x00, 0x00, 0x00, 0x00,
0x00, 0x00, 0x3C, 0x9C, 0x3F, 0xD7, 0xFF, 0xDB, 0xA4, 0xFF, 0xAA, 0x01, 0x1D, 0x02, 0x30, 0xF8,
0xF8, 0x14, 0x00, 0x7E, 0xF8, 0xCD, 0x1F, 0xFF, 0xFD, 0x02, 0x00, 0x6F, 0xFF, 0xBD, 0x0B, 0xFF,
0xEA, 0x00, 0x00, 0x5B, 0xFF, 0xA5, 0x00, 0xF6, 0xD5, 0x00, 0x00, 0x47, 0xFF, 0x8E, 0x00, 0xE3,
0xBF, 0x00, 0x00, 0x33, 0xFF, 0x76, 0x00, 0xCE, 0xAA, 0x00, 0x00, 0x1E, 0xFF, 0x5F, 0x00, 0x00,
0x00, 0x00, 0x00, 0x00, 0x4D, 0xF8, 0x5A, 0x00, 0x00, 0x6C, 0xF8, 0x3B, 0x00, 0x00, 0x00, 0x00,
0x00, 0x00, 0x00, 0x00, 0x8F, 0xFF, 0x1E, 0x00, 0x00, 0xAF, 0xF7, 0x07, 0x00, 0x00, 0x00, 0x00,
0x00, 0x00, 0x00, 0x00, 0xCF, 0xDF, 0x00, 0x00, 0x01, 0xEC, 0xBF, 0x00, 0x00, 0x00, 0x00, 0x00,
0x00, 0x00, 0x00, 0x10, 0xFD, 0xA0, 0x00, 0x00, 0x2F, 0xFF, 0x80, 0x00, 0x00, 0x00, 0x00, 0x00,
0x32, 0x58, 0x58, 0x84, 0xFF, 0x9F, 0x58, 0x58, 0x99, 0xFF, 0x8A, 0x58, 0x58, 0x23, 0x00, 0x00,
0xC0, 0xFF, 0xFF, 0xFF, 0xFF, 0xFF, 0xFF, 0xFF, 0xFF, 0xFF, 0xFF, 0xFF, 0xFF, 0x3B, 0x00, 0x00,
0x42, 0x48, 0x48, 0xE2, 0xE3, 0x48, 0x48, 0x49, 0xF7, 0xCC, 0x48, 0x48, 0x48, 0x04, 0x00, 0x00,
0x00, 0x00, 0x10, 0xFD, 0xA2, 0x00, 0x00, 0x2D, 0xFF, 0x82, 0x00, 0x00, 0x00, 0x00, 0x00, 0x00,
0x00, 0x00, 0x4F, 0xFF, 0x63, 0x00, 0x00, 0x6C, 0xFF, 0x43, 0x00, 0x00, 0x00, 0x00, 0x00, 0x00,
0x00, 0x00, 0x8F, 0xFF, 0x24, 0x00, 0x00, 0xAB, 0xFA, 0x0A, 0x00, 0x00, 0x00, 0x00, 0x06, 0x38,
0x38, 0x38, 0xD3, 0xF0, 0x38, 0x38, 0x38, 0xE9, 0xD7, 0x38, 0x38, 0x32, 0x00, 0x00, 0x43, 0xFF,
0xFF, 0xFF, 0xFF, 0xFF, 0xFF, 0xFF, 0xFF, 0xFF, 0xFF, 0xFF, 0xFF, 0xC0, 0x00, 0x00, 0x2A, 0x60,
0x60, 0x97, 0xFF, 0x97, 0x60, 0x60, 0xAB, 0xFF, 0x85, 0x60, 0x60, 0x37, 0x00, 0x00, 0x00, 0x00,
0x00, 0x8D, 0xFF, 0x24, 0x00, 0x00, 0xAB, 0xFB, 0x0C, 0x00, 0x00, 0x00, 0x00, 0x00, 0x00, 0x00,
0x00, 0xCD, 0xE5, 0x00, 0x00, 0x00, 0xE9, 0xC9, 0x00, 0x00, 0x00, 0x00, 0x00, 0x00, 0x00, 0x00,
0x0F, 0xFC, 0xA6, 0x00, 0x00, 0x29, 0xFF, 0x8A, 0x00, 0x00, 0x00, 0x00, 0x00, 0x00, 0x00, 0x00,
0x4C, 0xFF, 0x67, 0x00, 0x00, 0x68, 0xFF, 0x4B, 0x00, 0x00, 0x00, 0x00, 0x00, 0x00, 0x00, 0x00,
0x00, 0x00, 0x42, 0xFC, 0x1F, 0x00, 0x00, 0x00, 0x00, 0x00, 0x00, 0x00, 0x00, 0x44, 0xFF, 0x20,
0x00, 0x00, 0x00, 0x00, 0x00, 0x00, 0x59, 0xBB, 0xEE, 0xFF, 0xF1, 0xCC, 0xA1, 0x54, 0x04, 0x01,
0xA6, 0xFF, 0xFC, 0xDD, 0xFF, 0xCF, 0xF2, 0xFF, 0xFA, 0x12, 0x51, 0xFF, 0xEC, 0x2C, 0x44, 0xFF,
0x20, 0x01, 0x40, 0x70, 0x00, 0x94, 0xFF, 0x91, 0x00, 0x44, 0xFF, 0x20, 0x00, 0x00, 0x00, 0x00,
0x94, 0xFF, 0xA4, 0x00, 0x44, 0xFF, 0x20, 0x00, 0x00, 0x00, 0x00, 0x55, 0xFF, 0xFD, 0x64, 0x44,
0xFF, 0x20, 0x00, 0x00, 0x00, 0x00, 0x02, 0xAC, 0xFF, 0xFF, 0xE8, 0xFF, 0x30, 0x00, 0x00, 0x00,
0x00, 0x00, 0x02, 0x6B, 0xE3, 0xFF, 0xFF, 0xFC, 0xB2, 0x36, 0x00, 0x00, 0x00, 0x00, 0x00, 0x03,
0x70, 0xFF, 0xFB, 0xFF, 0xFE, 0x7F, 0x00, 0x00, 0x00, 0x00, 0x00, 0x44, 0xFF, 0x35, 0x96, 0xFF,
0xFF, 0x53, 0x00, 0x00, 0x00, 0x00, 0x44, 0xFF, 0x20, 0x00, 0xA2, 0xFF, 0xB1, 0x00, 0x00, 0x00,
0x00, 0x44, 0xFF, 0x20, 0x00, 0x68, 0xFF, 0xC1, 0x11, 0x08, 0x00, 0x00, 0x44, 0xFF, 0x20, 0x00,
0xAD, 0xFF, 0x94, 0x8F, 0xEF, 0xA5, 0x6F, 0x77, 0xFF, 0x6C, 0xB0, 0xFF, 0xF2, 0x25, 0x92, 0xF6,
0xFF, 0xFF, 0xFF, 0xFF, 0xFF, 0xFF, 0xDC, 0x3A, 0x00, 0x00, 0x09, 0x3E, 0x64, 0xA4, 0xFF, 0x89,
0x44, 0x02, 0x00, 0x00, 0x00, 0x00, 0x00, 0x00, 0x44, 0xFF, 0x20, 0x00, 0x00, 0x00, 0x00, 0x00,
0x00, 0x00, 0x00, 0x44, 0xFF, 0x20, 0x00, 0x00, 0x00, 0x00, 0x00, 0x00, 0x01, 0x24, 0x29, 0x05,
0x00, 0x00, 0x00, 0x00, 0x00, 0x00, 0x00, 0x00, 0x00, 0x00, 0x00, 0x00, 0x00, 0x00, 0x00, 0x46,
0xE2, 0xFF, 0xFF, 0xEE, 0x5D, 0x00, 0x00, 0x00, 0x00, 0x00, 0x00, 0x31, 0xF6, 0xA9, 0x00, 0x00,
0x00, 0x00, 0x23, 0xF7, 0xEA, 0x5F, 0x5E, 0xE8, 0xFE, 0x3A, 0x00, 0x00, 0x00, 0x00, 0x01, 0xC5,
0xF8, 0x22, 0x00, 0x00, 0x00, 0x00, 0x92, 0xFF, 0x64, 0x00, 0x00, 0x58, 0xFF, 0xA8, 0x00, 0x00,
0x00, 0x00, 0x5D, 0xFF, 0x84, 0x00, 0x00, 0x00, 0x00, 0x00, 0xD1, 0xFF, 0x1B, 0x00, 0x00, 0x12,
0xFF, 0xE3, 0x00, 0x00, 0x00, 0x0D, 0xE6, 0xE2, 0x0A, 0x00, 0x00, 0x00, 0x00, 0x00, 0xEE, 0xFE,
0x02, 0x00, 0x00, 0x00, 0xFA, 0xFC, 0x00, 0x00, 0x00, 0x8A, 0xFF, 0x57, 0x00, 0x00, 0x00, 0x00,
0x00, 0x00, 0xF4, 0xF9, 0x00, 0x00, 0x00, 0x00, 0xF7, 0xFD, 0x00, 0x00, 0x27, 0xFA, 0xC0, 0x00,
0x00, 0x00, 0x00, 0x00, 0x00, 0x00, 0xE4, 0xFF, 0x0A, 0x00, 0x00, 0x0A, 0xFF, 0xE8, 0x00, 0x00,
0xB8, 0xFC, 0x2E, 0x02, 0x4E, 0x81, 0x7C, 0x3A, 0x00, 0x00, 0xB7, 0xFF, 0x3C, 0x00, 0x00, 0x41,
0xFF, 0xB5, 0x00, 0x4F, 0xFF, 0x94, 0x08, 0xBC, 0xFF, 0xFA, 0xFF, 0xFF, 0x8E, 0x00, 0x61, 0xFF,
0xB8, 0x09, 0x0A, 0xBD, 0xFF, 0x55, 0x08, 0xDD, 0xEC, 0x11, 0x7B, 0xFF, 0xA5, 0x0B, 0x1D, 0xDC,
0xFF, 0x3D, 0x03, 0xB5, 0xFF, 0xF8, 0xF8, 0xFF, 0xA1, 0x00, 0x7D, 0xFF, 0x67, 0x00, 0xDB, 0xFF,
0x1B, 0x00, 0x00, 0x6B, 0xFF, 0x96, 0x00, 0x01, 0x52, 0x89, 0x86, 0x46, 0x00, 0x1E, 0xF5, 0xCE,
0x02, 0x0E, 0xFF, 0xE2, 0x00, 0x00, 0x00, 0x37, 0xFF, 0xC3, 0x00, 0x00, 0x00, 0x00, 0x00, 0x00,
0x00, 0xAB, 0xFF, 0x3B, 0x00, 0x22, 0xFF, 0xCF, 0x00, 0x00, 0x00, 0x25, 0xFF, 0xD3, 0x00, 0x00,
0x00, 0x00, 0x00, 0x00, 0x42, 0xFF, 0xA4, 0x00, 0x00, 0x21, 0xFF, 0xD3, 0x00, 0x00, 0x00, 0x2E,
0xFF, 0xCD, 0x00, 0x00, 0x00, 0x00, 0x00, 0x04, 0xD4, 0xF3, 0x1A, 0x00, 0x00, 0x0A, 0xFE, 0xE9,
0x00, 0x00, 0x00, 0x47, 0xFF, 0xAE, 0x00, 0x00, 0x00, 0x00, 0x00, 0x6F, 0xFF, 0x77, 0x00, 0x00,
0x00, 0x00, 0xCF, 0xFF, 0x2C, 0x00, 0x00, 0x8E, 0xFF, 0x6F, 0x00, 0x00, 0x00, 0x00, 0x16, 0xF0,
0xDA, 0x06, 0x00, 0x00, 0x00, 0x00, 0x63, 0xFF, 0xCF, 0x4E, 0x65, 0xF6, 0xEA, 0x10, 0x00, 0x00,
0x00, 0x00, 0x96, 0xF8, 0x4A, 0x00, 0x00, 0x00, 0x00, 0x00, 0x00, 0x88, 0xFB, 0xFF, 0xFF, 0xDD,
0x36, 0x00, 0x00, 0x00, 0x00, 0x00, 0x00, 0x00, 0x00, 0x00, 0x00, 0x00, 0x00, 0x00, 0x00, 0x00,
0x12, 0x38, 0x2C, 0x01, 0x00, 0x00, 0x00, 0x00, 0x00, 0x00, 0x01, 0x16, 0x1E, 0x04, 0x00, 0x00,
0x00, 0x00, 0x00, 0x00, 0x00, 0x00, 0x00, 0x00, 0x03, 0x7C, 0xE5, 0xFF, 0xFF, 0xFC, 0xB8, 0x30,
0x00, 0x00, 0x00, 0x00, 0x00, 0x00, 0x00, 0x00, 0x90, 0xFF, 0xF0, 0x93, 0x7E, 0xC1, 0xFF, 0xF3,
0x1D, 0x00, 0x00, 0x00, 0x00, 0x00, 0x00, 0x07, 0xF9, 0xFF, 0x3E, 0x00, 0x00, 0x01, 0xC8, 0xFF,
0x73, 0x00, 0x00, 0x00, 0x00, 0x00, 0x00, 0x17, 0xFF, 0xFF, 0x09, 0x00, 0x00, 0x00, 0x9E, 0xFF,
0x7E, 0x00, 0x00, 0x00, 0x00, 0x00, 0x00, 0x02, 0xED, 0xFF, 0x3F, 0x00, 0x00, 0x01, 0xD5, 0xFF,
0x4A, 0x00, 0x00, 0x00, 0x00, 0x00, 0x00, 0x00, 0x8C, 0xFF, 0xC8, 0x04, 0x02, 0x92, 0xFF, 0xC2,
0x01, 0x00, 0x00, 0x00, 0x00, 0x00, 0x00, 0x00, 0x0E, 0xDD, 0xFF, 0xA4, 0xC2, 0xFF, 0xCD, 0x13,
0x00, 0x00, 0x00, 0x00, 0x00, 0x00, 0x00, 0x00, 0x00, 0x5A, 0xFF, 0xFF, 0xFE, 0x90, 0x0A, 0x00,
0x00, 0x00, 0x00, 0x00, 0x00, 0x00, 0x00, 0x01, 0x78, 0xFA, 0xFD, 0xFA, 0xFF, 0x65, 0x00, 0x00,
0x00, 0x00, 0x00, 0x00, 0x00, 0x00, 0x00, 0x97, 0xFF, 0xE5, 0x3C, 0x52, 0xFC, 0xFD, 0x5A, 0x00,
0x00, 0x00, 0x25, 0xDE, 0x7D, 0x00, 0x50, 0xFF, 0xF7, 0x2A, 0x00, 0x00, 0x60, 0xFE, 0xFB, 0x50,
0x00, 0x00, 0x90, 0xFF, 0xBA, 0x00, 0xB5, 0xFF, 0x99, 0x00, 0x00, 0x00, 0x00, 0x6E, 0xFF, 0xF9,
0x46, 0x1E, 0xF6, 0xFF, 0x45, 0x00, 0xDB, 0xFF, 0x6A, 0x00, 0x00, 0x00, 0x00, 0x00, 0x7F, 0xFF,
0xF5, 0xD0, 0xFF, 0xAC, 0x00, 0x00, 0xCD, 0xFF, 0x87, 0x00, 0x00, 0x00, 0x00, 0x00, 0x00, 0x92,
0xFF, 0xFF, 0xE5, 0x12, 0x00, 0x00, 0x87, 0xFF, 0xF1, 0x34, 0x00, 0x00, 0x00, 0x00, 0x45, 0xDB,
0xFF, 0xFF, 0xE6, 0x21, 0x00, 0x00, 0x12, 0xDA, 0xFF, 0xFB, 0xB9, 0x96, 0xA3, 0xDB, 0xFF, 0xFF,
0xB8, 0xBD, 0xFF, 0xDC, 0x18, 0x00, 0x00, 0x17, 0xA2, 0xF8, 0xFF, 0xFF, 0xFF, 0xFF, 0xD5, 0x61,
0x00, 0x0C, 0xCA, 0xFF, 0xD2, 0x11, 0x00, 0x00, 0x00, 0x0D, 0x3A, 0x4B, 0x41, 0x1B, 0x00, 0x00,
0x00, 0x00, 0x00, 0x00, 0x00, 0x00, 0x5F, 0xFC, 0xBA, 0x4E, 0xFF, 0xAE, 0x3C, 0xFF, 0x9D, 0x2A,
0xFF, 0x8C, 0x19, 0xFF, 0x7A, 0x07, 0xFF, 0x69, 0x00, 0x52, 0x1F, 0x00, 0x00, 0x00, 0x00, 0x00,
0x23, 0x20, 0x00, 0x00, 0x00, 0x00, 0x68, 0xFF, 0x88, 0x00, 0x00, 0x00, 0x27, 0xF5, 0xDC, 0x09,
0x00, 0x00, 0x00, 0xC7, 0xFF, 0x48, 0x00, 0x00, 0x00, 0x4A, 0xFF, 0xCE, 0x00, 0x00, 0x00, 0x00,
0xC7, 0xFF, 0x5D, 0x00, 0x00, 0x00, 0x33, 0xFF, 0xF1, 0x05, 0x00, 0x00, 0x00, 0x85, 0xFF, 0xB1,
0x00, 0x00, 0x00, 0x00, 0xC3, 0xFF, 0x6D, 0x00, 0x00, 0x00, 0x00, 0xF0, 0xFF, 0x3D, 0x00, 0x00,
0x00, 0x0E, 0xFF, 0xFF, 0x27, 0x00, 0x00, 0x00, 0x1B, 0xFF, 0xFF, 0x11, 0x00, 0x00, 0x00, 0x1A,
0xFF, 0xFF, 0x0D, 0x00, 0x00, 0x00, 0x0C, 0xFF, 0xFF, 0x1D, 0x00, 0x00, 0x00, 0x00, 0xED, 0xFF,
0x3D, 0x00, 0x00, 0x00, 0x00, 0xBE, 0xFF, 0x6E, 0x00, 0x00, 0x00, 0x00, 0x7E, 0xFF, 0xAE, 0x00,
0x00, 0x00, 0x00, 0x2B, 0xFF, 0xF5, 0x0C, 0x00, 0x00, 0x00, 0x00, 0xC4, 0xFF, 0x6F, 0x00, 0x00,
0x00, 0x00, 0x49, 0xFF, 0xDF, 0x03, 0x00, 0x00, 0x00, 0x00, 0xB7, 0xFF, 0x62, 0x00, 0x00, 0x00,
0x00, 0x1D, 0xEF, 0xEC, 0x15, 0x00, 0x00, 0x00, 0x00, 0x48, 0xE3, 0x8A, 0x22, 0x22, 0x00, 0x00,
0x00, 0x00, 0x00, 0x9B, 0xFF, 0x61, 0x00, 0x00, 0x00, 0x00, 0x10, 0xE6, 0xF3, 0x24, 0x00, 0x00,
0x00, 0x00, 0x59, 0xFF, 0xC2, 0x00, 0x00, 0x00, 0x00, 0x03, 0xDD, 0xFF, 0x42, 0x00, 0x00, 0x00,
0x00, 0x6B, 0xFF, 0xBF, 0x00, 0x00, 0x00, 0x00, 0x0B, 0xF6, 0xFF, 0x28, 0x00, 0x00, 0x00, 0x00,
0xB0, 0xFF, 0x79, 0x00, 0x00, 0x00, 0x00, 0x71, 0xFF, 0xB7, 0x00, 0x00, 0x00, 0x00, 0x42, 0xFF,
0xE3, 0x00, 0x00, 0x00, 0x00, 0x23, 0xFF, 0xFD, 0x03, 0x00, 0x00, 0x00, 0x15, 0xFF, 0xFF, 0x0E,
0x00, 0x00, 0x00, 0x17, 0xFF, 0xFF, 0x0D, 0x00, 0x00, 0x00, 0x26, 0xFF, 0xFC, 0x02, 0x00, 0x00,
0x00, 0x47, 0xFF, 0xE0, 0x00, 0x00, 0x00, 0x00, 0x7A, 0xFF, 0xB2, 0x00, 0x00, 0x00, 0x00, 0xBB,
0xFF, 0x73, 0x00, 0x00, 0x00, 0x15, 0xFB, 0xFF, 0x21, 0x00, 0x00, 0x00, 0x7F, 0xFF, 0xBA, 0x00,
0x00, 0x00, 0x09, 0xEA, 0xFF, 0x3F, 0x00, 0x00, 0x00, 0x74, 0xFF, 0xAD, 0x00, 0x00, 0x00, 0x20,
0xF4, 0xEA, 0x17, 0x00, 0x00, 0x00, 0x9C, 0xE3, 0x40, 0x00, 0x00, 0x00, 0x00, 0x00, 0x00, 0x00,
0x93, 0xF8, 0x2E, 0x00, 0x00, 0x00, 0x00, 0x00, 0x00, 0x7F, 0xFF, 0x16, 0x00, 0x00, 0x00, 0x3C,
0x82, 0x1E, 0x66, 0xFB, 0x04, 0x48, 0x9A, 0x00, 0x7F, 0xFF, 0xFD, 0xD8, 0xF9, 0xE3, 0xFF, 0xFA,
0x20, 0x00, 0x0D, 0x38, 0xE9, 0xFF, 0x9F, 0x23, 0x03, 0x00, 0x00, 0x00, 0x9B, 0xEB, 0x70, 0xF9,
0x39, 0x00, 0x00, 0x00, 0x6C, 0xFF, 0x69, 0x01, 0xCB, 0xE6, 0x1A, 0x00, 0x00, 0x2F, 0xA9, 0x03,
0x00, 0x3B, 0x93, 0x08, 0x00, 0x00, 0x00, 0x00, 0x00, 0x00, 0x83, 0x68, 0x00, 0x00, 0x00, 0x00,
0x00, 0x00, 0x00, 0x00, 0x00, 0x00, 0xF8, 0xC4, 0x00, 0x00, 0x00, 0x00, 0x00, 0x00, 0x00, 0x00,
0x00, 0x00, 0xF8, 0xC4, 0x00, 0x00, 0x00, 0x00, 0x00, 0x00, 0x00, 0x00, 0x00, 0x00, 0xF8, 0xC4,
0x00, 0x00, 0x00, 0x00, 0x00, 0x00, 0x00, 0x00, 0x00, 0x00, 0xF8, 0xC4, 0x00, 0x00, 0x00, 0x00,
0x00, 0x8A, 0xA4, 0xA4, 0xA4, 0xA4, 0xFD, 0xEA, 0xA4, 0xA4, 0xA4, 0xA4, 0x70, 0xD8, 0xFF, 0xFF,
0xFF, 0xFF, 0xFF, 0xFF, 0xFF, 0xFF, 0xFF, 0xFF, 0xB0, 0x06, 0x08, 0x08, 0x08, 0x08, 0xF8, 0xC5,
0x08, 0x08, 0x08, 0x08, 0x05, 0x00, 0x00, 0x00, 0x00, 0x00, 0xF8, 0xC4, 0x00, 0x00, 0x00, 0x00,
0x00, 0x00, 0x00, 0x00, 0x00, 0x00, 0xF8, 0xC4, 0x00, 0x00, 0x00, 0x00, 0x00, 0x00, 0x00, 0x00,
0x00, 0x00, 0xF8, 0xC4, 0x00, 0x00, 0x00, 0x00, 0x00, 0x00, 0x00, 0x00, 0x00, 0x00, 0xDC, 0xAE,
0x00, 0x00, 0x00, 0x00, 0x00, 0x00, 0x00, 0xC9, 0xBF, 0x29, 0x00, 0x01, 0xFB, 0xFF, 0x28, 0x00,
0x20, 0xFF, 0xF5, 0x07, 0x00, 0x50, 0xFF, 0xB4, 0x00, 0x00, 0x96, 0xFF, 0x50, 0x00, 0x06, 0xEA,
0xD5, 0x02, 0x00, 0x1A, 0x90, 0x3E, 0x00, 0x00, 0x39, 0x58, 0x58, 0x58, 0x58, 0x58, 0x58, 0x05,
0xA8, 0xFF, 0xFF, 0xFF, 0xFF, 0xFF, 0xFF, 0x10, 0x46, 0x6C, 0x6C, 0x6C, 0x6C, 0x6C, 0x6C, 0x06,
0x1A, 0x96, 0x67, 0x00, 0x96, 0xFF, 0xFF, 0x1F, 0x63, 0xFE, 0xE2, 0x0B, 0x00, 0x18, 0x08, 0x00,
0x00, 0x00, 0x00, 0x00, 0x00, 0x00, 0x04, 0xE3, 0xC0, 0x00, 0x00, 0x00, 0x00, 0x00, 0x00, 0x42,
0xFF, 0x7A, 0x00, 0x00, 0x00, 0x00, 0x00, 0x00, 0x93, 0xFF, 0x29, 0x00, 0x00, 0x00, 0x00, 0x00,
0x00, 0xE2, 0xD8, 0x00, 0x00, 0x00, 0x00, 0x00, 0x00, 0x34, 0xFF, 0x88, 0x00, 0x00, 0x00, 0x00,
0x00, 0x00, 0x85, 0xFF, 0x37, 0x00, 0x00, 0x00, 0x00, 0x00, 0x00, 0xD6, 0xE5, 0x01, 0x00, 0x00,
0x00, 0x00, 0x00, 0x27, 0xFF, 0x95, 0x00, 0x00, 0x00, 0x00, 0x00, 0x00, 0x78, 0xFF, 0x44, 0x00,
0x00, 0x00, 0x00, 0x00, 0x00, 0xC9, 0xEF, 0x05, 0x00, 0x00, 0x00, 0x00, 0x00, 0x1B, 0xFE, 0xA3,
0x00, 0x00, 0x00, 0x00, 0x00, 0x00, 0x6B, 0xFF, 0x52, 0x00, 0x00, 0x00, 0x00, 0x00, 0x00, 0xBC,
0xF6, 0x0B, 0x00, 0x00, 0x00, 0x00, 0x00, 0x11, 0xFB, 0xB1, 0x00, 0x00, 0x00, 0x00, 0x00, 0x00,
0x5E, 0xFF, 0x60, 0x00, 0x00, 0x00, 0x00, 0x00, 0x00, 0xAF, 0xFC, 0x13, 0x00, 0x00, 0x00, 0x00,
0x00, 0x0A, 0xF5, 0xBE, 0x00, 0x00, 0x00, 0x00, 0x00, 0x00, 0x51, 0xFF, 0x6E, 0x00, 0x00, 0x00,
0x00, 0x00, 0x00, 0xA2, 0xFF, 0x1E, 0x00, 0x00, 0x00, 0x00, 0x00, 0x04, 0xEE, 0xCC, 0x00, 0x00,
0x00, 0x00, 0x00, 0x00, 0x43, 0xFF, 0x7B, 0x00, 0x00, 0x00, 0x00, 0x00, 0x00, 0x80, 0xE4, 0x2A,
0x00, 0x00, 0x00, 0x00, 0x00, 0x00, 0x00, 0x00, 0x00, 0x00, 0x0D, 0x2A, 0x20, 0x03, 0x00, 0x00,
0x00, 0x00, 0x00, 0x00, 0x20, 0xB2, 0xFC, 0xFF, 0xFF, 0xE7, 0x74, 0x02, 0x00, 0x00, 0x00, 0x1F,
0xEB, 0xFF, 0xD7, 0x93, 0xA9, 0xF9, 0xFF, 0x93, 0x00, 0x00, 0x00, 0xB9, 0xFF, 0xB1, 0x04, 0x00,
0x00, 0x39, 0xFA, 0xFF, 0x39, 0x00, 0x2E, 0xFF, 0xFA, 0x19, 0x00, 0x00, 0x00, 0x00, 0x99, 0xFF,
0xA8, 0x00, 0x7D, 0xFF, 0xB8, 0x00, 0x00, 0x00, 0x00, 0x00, 0x44, 0xFF, 0xF0, 0x03, 0xB3, 0xFF,
0x7F, 0x00, 0x00, 0x00, 0x00, 0x00, 0x0E, 0xFF, 0xFF, 0x22, 0xD8, 0xFF, 0x5E, 0x00, 0x00, 0x00,
0x00, 0x00, 0x00, 0xEF, 0xFF, 0x44, 0xEB, 0xFF, 0x4C, 0x00, 0x00, 0x00, 0x00, 0x00, 0x00, 0xE0,
0xFF, 0x51, 0xF5, 0xFF, 0x45, 0x00, 0x00, 0x00, 0x00, 0x00, 0x00, 0xDA, 0xFF, 0x58, 0xEF, 0xFF,
0x4A, 0x00, 0x00, 0x00, 0x00, 0x00, 0x00, 0xE2, 0xFF, 0x4E, 0xE1, 0xFF, 0x58, 0x00, 0x00, 0x00,
0x00, 0x00, 0x00, 0xF3, 0xFF, 0x3D, 0xC0, 0xFF, 0x76, 0x00, 0x00, 0x00, 0x00, 0x00, 0x14, 0xFF,
0xFF, 0x17, 0x91, 0xFF, 0xA9, 0x00, 0x00, 0x00, 0x00, 0x00, 0x4D, 0xFF, 0xE2, 0x00, 0x46, 0xFF,
0xF2, 0x0B, 0x00, 0x00, 0x00, 0x00, 0xA7, 0xFF, 0x94, 0x00, 0x02, 0xD5, 0xFF, 0x96, 0x00, 0x00,
0x00, 0x49, 0xFE, 0xFC, 0x24, 0x00, 0x00, 0x39, 0xF9, 0xFF, 0xCA, 0x90, 0xAF, 0xFC, 0xFF, 0x75,
0x00, 0x00, 0x00, 0x00, 0x39, 0xCD, 0xFF, 0xFF, 0xFF, 0xE1, 0x61, 0x00, 0x00, 0x00, 0x00, 0x00,
0x00, 0x00, 0x1C, 0x35, 0x23, 0x01, 0x00, 0x00, 0x00, 0x00, 0x00, 0x00, 0x00, 0x00, 0x0B, 0x10,
0x06, 0x00, 0x00, 0x07, 0x85, 0xFA, 0xFF, 0x68, 0x00, 0x3D, 0xD8, 0xFF, 0xFF, 0xFF, 0x68, 0x8C,
0xFE, 0xFF, 0xA0, 0xD4, 0xFF, 0x68, 0x7C, 0xE0, 0x46, 0x00, 0xC8, 0xFF, 0x68, 0x08, 0x0C, 0x00,
0x00, 0xC8, 0xFF, 0x68, 0x00, 0x00, 0x00, 0x00, 0xC8, 0xFF, 0x68, 0x00, 0x00, 0x00, 0x00, 0xC8,
0xFF, 0x68, 0x00, 0x00, 0x00, 0x00, 0xC8, 0xFF, 0x68, 0x00, 0x00, 0x00, 0x00, 0xC8, 0xFF, 0x68,
0x00, 0x00, 0x00, 0x00, 0xC8, 0xFF, 0x68, 0x00, 0x00, 0x00, 0x00, 0xC8, 0xFF, 0x68, 0x00, 0x00,
0x00, 0x00, 0xC8, 0xFF, 0x68, 0x00, 0x00, 0x00, 0x00, 0xC8, 0xFF, 0x68, 0x00, 0x00, 0x00, 0x00,
0xC8, 0xFF, 0x68, 0x00, 0x00, 0x00, 0x00, 0xC8, 0xFF, 0x68, 0x00, 0x00, 0x00, 0x00, 0xC8, 0xFF,
0x68, 0x00, 0x00, 0x00, 0x00, 0xC8, 0xFF, 0x68, 0x00, 0x00, 0x00, 0x04, 0x1F, 0x2D, 0x14, 0x00,
0x00, 0x00, 0x00, 0x00, 0x00, 0x23, 0x9F, 0xEF, 0xFF, 0xFF, 0xFF, 0xCE, 0x52, 0x00, 0x00, 0x00,
0x54, 0xF7, 0xFF, 0xE5, 0xA7, 0xA2, 0xD6, 0xFF, 0xFF, 0x76, 0x00, 0x00, 0x6D, 0xF4, 0x66, 0x02,
0x00, 0x00, 0x01, 0x7B, 0xFF, 0xFD, 0x21, 0x00, 0x06, 0x2E, 0x00, 0x00, 0x00, 0x00, 0x00, 0x00,
0xD4, 0xFF, 0x77, 0x00, 0x00, 0x00, 0x00, 0x00, 0x00, 0x00, 0x00, 0x00, 0xA5, 0xFF, 0x96, 0x00,
0x00, 0x00, 0x00, 0x00, 0x00, 0x00, 0x00, 0x00, 0xB0, 0xFF, 0x84, 0x00, 0x00, 0x00, 0x00, 0x00,
0x00, 0x00, 0x00, 0x05, 0xE8, 0xFF, 0x4B, 0x00, 0x00, 0x00, 0x00, 0x00, 0x00, 0x00, 0x00, 0x5F,
0xFF, 0xDD, 0x02, 0x00, 0x00, 0x00, 0x00, 0x00, 0x00, 0x00, 0x18, 0xEB, 0xFF, 0x47, 0x00, 0x00,
0x00, 0x00, 0x00, 0x00, 0x00, 0x09, 0xC9, 0xFF, 0x8C, 0x00, 0x00, 0x00, 0x00, 0x00, 0x00, 0x00,
0x07, 0xB6, 0xFF, 0xB0, 0x02, 0x00, 0x00, 0x00, 0x00, 0x00, 0x00, 0x08, 0xB6, 0xFF, 0xB5, 0x07,
0x00, 0x00, 0x00, 0x00, 0x00, 0x00, 0x0B, 0xBC, 0xFF, 0xAF, 0x06, 0x00, 0x00, 0x00, 0x00, 0x00,
0x00, 0x0F, 0xC4, 0xFF, 0xA2, 0x04, 0x00, 0x00, 0x00, 0x00, 0x00, 0x00, 0x18, 0xD0, 0xFF, 0x8F,
0x01, 0x00, 0x00, 0x00, 0x00, 0x00, 0x00, 0x00, 0xCD, 0xFF, 0xFE, 0xDC, 0xDC, 0xDD, 0xDD, 0xDD,
0xDE, 0xDE, 0xDF, 0x40, 0xE4, 0xFF, 0xFF, 0xFF, 0xFF, 0xFF, 0xFF, 0xFF, 0xFF, 0xFF, 0xFF, 0x2B,
0x00, 0x00, 0x00, 0x00, 0x1A, 0x2D, 0x1E, 0x01, 0x00, 0x00, 0x00, 0x00, 0x00, 0x12, 0x85, 0xE2,
0xFF, 0xFF, 0xFF, 0xE5, 0x7A, 0x05, 0x00, 0x00, 0x23, 0xE6, 0xFF, 0xE9, 0xA6, 0x95, 0xC2, 0xFF,
0xFF, 0xA5, 0x00, 0x00, 0x08, 0xDF, 0x6D, 0x04, 0x00, 0x00, 0x00, 0x67, 0xFF, 0xFF, 0x37, 0x00,
0x00, 0x0C, 0x00, 0x00, 0x00, 0x00, 0x00, 0x00, 0xE3, 0xFF, 0x71, 0x00, 0x00, 0x00, 0x00, 0x00,
0x00, 0x00, 0x00, 0x00, 0xD1, 0xFF, 0x66, 0x00, 0x00, 0x00, 0x00, 0x00, 0x00, 0x00, 0x00, 0x20,
0xFB, 0xFC, 0x28, 0x00, 0x00, 0x00, 0x00, 0x00, 0x00, 0x00, 0x27, 0xD1, 0xFF, 0x82, 0x00, 0x00,
0x00, 0x00, 0x09, 0x9C, 0xA3, 0xC6, 0xFD, 0xD5, 0x5C, 0x00, 0x00, 0x00, 0x00, 0x00, 0x10, 0xFF,
0xFF, 0xFF, 0xFF, 0xCC, 0x7E, 0x0C, 0x00, 0x00, 0x00, 0x00, 0x02, 0x24, 0x25, 0x3B, 0x62, 0xCE,
0xFF, 0xDE, 0x27, 0x00, 0x00, 0x00, 0x00, 0x00, 0x00, 0x00, 0x00, 0x01, 0xA5, 0xFF, 0xCA, 0x00,
0x00, 0x00, 0x00, 0x00, 0x00, 0x00, 0x00, 0x00, 0x27, 0xFF, 0xFF, 0x1D, 0x00, 0x00, 0x00, 0x00,
0x00, 0x00, 0x00, 0x00, 0x10, 0xFF, 0xFF, 0x2F, 0x07, 0x00, 0x00, 0x00, 0x00, 0x00, 0x00, 0x00,
0x47, 0xFF, 0xFE, 0x11, 0x88, 0xA8, 0x27, 0x00, 0x00, 0x00, 0x00, 0x1F, 0xD9, 0xFF, 0xB0, 0x00,
0xCB, 0xFF, 0xFE, 0xCF, 0x9D, 0x92, 0xB2, 0xF6, 0xFF, 0xDF, 0x19, 0x00, 0x0D, 0x77, 0xD3, 0xFE,
0xFF, 0xFF, 0xFF, 0xEA, 0x90, 0x10, 0x00, 0x00, 0x00, 0x00, 0x00, 0x0F, 0x2E, 0x36, 0x21, 0x02,
0x00, 0x00, 0x00, 0x00, 0x00, 0x00, 0x00, 0x00, 0x00, 0x00, 0x00, 0x00, 0x17, 0x20, 0x0E, 0x00,
0x00, 0x00, 0x00, 0x00, 0x00, 0x00, 0x00, 0x00, 0x28, 0xF7, 0xFF, 0x74, 0x00, 0x00, 0x00, 0x00,
0x00, 0x00, 0x00, 0x00, 0x03, 0xC9, 0xFF, 0xFF, 0x74, 0x00, 0x00, 0x00, 0x00, 0x00, 0x00, 0x00,
0x00, 0x7A, 0xFF, 0xF7, 0xFF, 0x74, 0x00, 0x00, 0x00, 0x00, 0x00, 0x00, 0x00, 0x2D, 0xF9, 0xBA,
0xB8, 0xFF, 0x74, 0x00, 0x00, 0x00, 0x00, 0x00, 0x00, 0x05, 0xCE, 0xF1, 0x1D, 0xB8, 0xFF, 0x74,
0x00, 0x00, 0x00, 0x00, 0x00, 0x00, 0x80, 0xFF, 0x63, 0x00, 0xB8, 0xFF, 0x74, 0x00, 0x00, 0x00,
0x00, 0x00, 0x32, 0xFB, 0xB6, 0x00, 0x00, 0xB8, 0xFF, 0x74, 0x00, 0x00, 0x00, 0x00, 0x06, 0xD3,
0xEF, 0x1B, 0x00, 0x00, 0xB8, 0xFF, 0x74, 0x00, 0x00, 0x00, 0x00, 0x87, 0xFF, 0x5D, 0x00, 0x00,
0x00, 0xB8, 0xFF, 0x74, 0x00, 0x00, 0x00, 0x36, 0xFC, 0xB1, 0x00, 0x00, 0x00, 0x00, 0xB8, 0xFF,
0x74, 0x00, 0x00, 0x08, 0xD7, 0xED, 0x18, 0x00, 0x00, 0x00, 0x00, 0xB8, 0xFF, 0x74, 0x00, 0x00,
0x7C, 0xFF, 0xDA, 0xA8, 0xA8, 0xA8, 0xA8, 0xA8, 0xE7, 0xFF, 0xCF, 0xA8, 0x9A, 0x98, 0xFF, 0xFF,
0xFF, 0xFF, 0xFF, 0xFF, 0xFF, 0xFF, 0xFF, 0xFF, 0xFF, 0xCA, 0x1A, 0x2C, 0x2C, 0x2C, 0x2C, 0x2C,
0x2C, 0x2C, 0xC4, 0xFF, 0x8C, 0x2C, 0x1E, 0x00, 0x00, 0x00, 0x00, 0x00, 0x00, 0x00, 0x00, 0xB8,
0xFF, 0x74, 0x00, 0x00, 0x00, 0x00, 0x00, 0x00, 0x00, 0x00, 0x00, 0x00, 0xB8, 0xFF, 0x74, 0x00,
0x00, 0x00, 0x00, 0x00, 0x00, 0x00, 0x00, 0x00, 0x00, 0xB8, 0xFF, 0x74, 0x00, 0x00, 0x00, 0x00,
0x89, 0xF8, 0xF8, 0xF8, 0xF8, 0xF8, 0xF8, 0xF8, 0xF2, 0x02, 0x00, 0x00, 0xA1, 0xFF, 0xE9, 0xE4,
0xE4, 0xE4, 0xE4, 0xE4, 0xC5, 0x00, 0x00, 0x00, 0xB4, 0xFF, 0x22, 0x00, 0x00, 0x00, 0x00, 0x00,
0x00, 0x00, 0x00, 0x00, 0xC7, 0xFF, 0x0D, 0x00, 0x00, 0x00, 0x00, 0x00, 0x00, 0x00, 0x00, 0x00,
0xDB, 0xF8, 0x00, 0x00, 0x00, 0x00, 0x00, 0x00, 0x00, 0x00, 0x00, 0x00, 0xEE, 0xE3, 0x00, 0x00,
0x00, 0x00, 0x00, 0x00, 0x00, 0x00, 0x00, 0x03, 0xFE, 0xDA, 0x58, 0x7A, 0x80, 0x68, 0x28, 0x00,
0x00, 0x00, 0x00, 0x15, 0xFF, 0xFF, 0xFF, 0xFF, 0xFF, 0xFF, 0xFF, 0xBD, 0x23, 0x00, 0x00, 0x22,
0xB6, 0x71, 0x50, 0x38, 0x4B, 0x7E, 0xED, 0xFF, 0xE1, 0x17, 0x00, 0x00, 0x00, 0x00, 0x00, 0x00,
0x00, 0x00, 0x16, 0xE1, 0xFF, 0x8B, 0x00, 0x00, 0x00, 0x00, 0x00, 0x00, 0x00, 0x00, 0x00, 0x71,
0xFF, 0xD9, 0x00, 0x00, 0x00, 0x00, 0x00, 0x00, 0x00, 0x00, 0x00, 0x4A, 0xFF, 0xF3, 0x00, 0x00,
0x00, 0x00, 0x00, 0x00, 0x00, 0x00, 0x00, 0x5C, 0xFF, 0xE1, 0x00, 0x03, 0x00, 0x00, 0x00, 0x00,
0x00, 0x00, 0x00, 0xA9, 0xFF, 0xAB, 0x00, 0xA2, 0x95, 0x13, 0x00, 0x00, 0x00, 0x00, 0x62, 0xFF,
0xFE, 0x40, 0x02, 0xE4, 0xFF, 0xF5, 0xB6, 0x92, 0x95, 0xCE, 0xFF, 0xFF, 0x80, 0x00, 0x00, 0x16,
0x8A, 0xE4, 0xFF, 0xFF, 0xFF, 0xFF, 0xC9, 0x4F, 0x00, 0x00, 0x00, 0x00, 0x00, 0x00, 0x1B, 0x33,
0x2F, 0x13, 0x00, 0x00, 0x00, 0x00, 0x00, 0x00, 0x00, 0x00, 0x00, 0x0C, 0x2B, 0x2B, 0x0D, 0x00,
0x00, 0x00, 0x00, 0x00, 0x00, 0x40, 0xBF, 0xFD, 0xFF, 0xFF, 0xFD, 0xC5, 0x4A, 0x00, 0x00, 0x00,
0x72, 0xFE, 0xFF, 0xCE, 0x95, 0x93, 0xC4, 0xFE, 0xB3, 0x00, 0x00, 0x49, 0xFF, 0xFA, 0x59, 0x00,
0x00, 0x00, 0x00, 0x29, 0x3E, 0x00, 0x02, 0xD7, 0xFF, 0x71, 0x00, 0x00, 0x00, 0x00, 0x00, 0x00,
0x00, 0x00, 0x37, 0xFF, 0xEA, 0x05, 0x00, 0x00, 0x00, 0x00, 0x00, 0x00, 0x00, 0x00, 0x7E, 0xFF,
0x9F, 0x00, 0x00, 0x00, 0x00, 0x00, 0x00, 0x00, 0x00, 0x00, 0xB4, 0xFF, 0x6E, 0x12, 0x75, 0xBA,
0xD4, 0xC3, 0x80, 0x13, 0x00, 0x00, 0xC9, 0xFF, 0x9F, 0xF0, 0xFF, 0xF9, 0xF5, 0xFF, 0xFF, 0xE0,
0x21, 0x00, 0xDC, 0xFF, 0xFF, 0xAB, 0x37, 0x01, 0x01, 0x34, 0xD5, 0xFF, 0xBA, 0x00, 0xD9, 0xFF,
0x80, 0x00, 0x00, 0x00, 0x00, 0x00, 0x33, 0xFF, 0xFF, 0x21, 0xC5, 0xFF, 0x5D, 0x00, 0x00, 0x00,
0x00, 0x00, 0x00, 0xEA, 0xFF, 0x51, 0xA8, 0xFF, 0x7A, 0x00, 0x00, 0x00, 0x00, 0x00, 0x00, 0xD2,
0xFF, 0x60, 0x67, 0xFF, 0xBA, 0x00, 0x00, 0x00, 0x00, 0x00, 0x00, 0xE7, 0xFF, 0x4A, 0x1D, 0xFB,
0xFC, 0x27, 0x00, 0x00, 0x00, 0x00, 0x2E, 0xFF, 0xFC, 0x16, 0x00, 0x95, 0xFF, 0xCB, 0x10, 0x00,
0x00, 0x0A, 0xC1, 0xFF, 0xAC, 0x00, 0x00, 0x0F, 0xCC, 0xFF, 0xEB, 0x98, 0x8F, 0xDF, 0xFF, 0xE3,
0x19, 0x00, 0x00, 0x00, 0x10, 0x92, 0xF6, 0xFF, 0xFF, 0xFA, 0xA7, 0x18, 0x00, 0x00, 0x00, 0x00,
0x00, 0x00, 0x06, 0x28, 0x2E, 0x0D, 0x00, 0x00, 0x00, 0x00, 0xD5, 0xF8, 0xF8, 0xF8, 0xF8, 0xF8,
0xF8, 0xF8, 0xF8, 0xF8, 0xF8, 0x4E, 0xD2, 0xD8, 0xD8, 0xD8, 0xD8, 0xD8, 0xD8, 0xD8, 0xE0, 0xFF,
0xFC, 0x1A, 0x00, 0x00, 0x00, 0x00, 0x00, 0x00, 0x00, 0x00, 0x79, 0xFF, 0xAD, 0x00, 0x00, 0x00,
0x00, 0x00, 0x00, 0x00, 0x00, 0x03, 0xE2, 0xFF, 0x42, 0x00, 0x00, 0x00, 0x00, 0x00, 0x00, 0x00,
0x00, 0x55, 0xFF, 0xD7, 0x00, 0x00, 0x00, 0x00, 0x00, 0x00, 0x00, 0x00, 0x00, 0xC3, 0xFF, 0x6C,
0x00, 0x00, 0x00, 0x00, 0x00, 0x00, 0x00, 0x00, 0x30, 0xFF, 0xF3, 0x0E, 0x00, 0x00, 0x00, 0x00,
0x00, 0x00, 0x00, 0x00, 0x9F, 0xFF, 0x95, 0x00, 0x00, 0x00, 0x00, 0x00, 0x00, 0x00, 0x00, 0x14,
0xF7, 0xFF, 0x2B, 0x00, 0x00, 0x00, 0x00, 0x00, 0x00, 0x00, 0x00, 0x7B, 0xFF, 0xBF, 0x00, 0x00,
0x00, 0x00, 0x00, 0x00, 0x00, 0x00, 0x04, 0xE4, 0xFF, 0x54, 0x00, 0x00, 0x00, 0x00, 0x00, 0x00,
0x00, 0x00, 0x57, 0xFF, 0xE4, 0x04, 0x00, 0x00, 0x00, 0x00, 0x00, 0x00, 0x00, 0x00, 0xC5, 0xFF,
0x7D, 0x00, 0x00, 0x00, 0x00, 0x00, 0x00, 0x00, 0x00, 0x32, 0xFF, 0xFA, 0x18, 0x00, 0x00, 0x00,
0x00, 0x00, 0x00, 0x00, 0x00, 0xA1, 0xFF, 0xA7, 0x00, 0x00, 0x00, 0x00, 0x00, 0x00, 0x00, 0x00,
0x16, 0xF8, 0xFF, 0x3C, 0x00, 0x00, 0x00, 0x00, 0x00, 0x00, 0x00, 0x00, 0x7D, 0xFF, 0xD1, 0x00,
0x00, 0x00, 0x00, 0x00, 0x00, 0x00, 0x00, 0x00, 0x00, 0x00, 0x00, 0x13, 0x2C, 0x21, 0x04, 0x00,
0x00, 0x00, 0x00, 0x00, 0x00, 0x00, 0x4E, 0xCD, 0xFF, 0xFF, 0xFF, 0xEE, 0x92, 0x11, 0x00, 0x00,
0x00, 0x00, 0x6A, 0xFF, 0xFD, 0xAC, 0x7C, 0x8F, 0xE4, 0xFF, 0xD2, 0x0D, 0x00, 0x00, 0x11, 0xF4,
0xFF, 0x4E, 0x00, 0x00, 0x00, 0x0B, 0xD3, 0xFF, 0x78, 0x00, 0x00, 0x45, 0xFF, 0xD6, 0x00, 0x00,
0x00, 0x00, 0x00, 0x6E, 0xFF, 0xB2, 0x00, 0x00, 0x40, 0xFF, 0xDD, 0x00, 0x00, 0x00, 0x00, 0x00,
0x67, 0xFF, 0xA5, 0x00, 0x00, 0x0D, 0xF0, 0xFF, 0x4B, 0x00, 0x00, 0x00, 0x02, 0xC5, 0xFF, 0x52,
0x00, 0x00, 0x00, 0x68, 0xFF, 0xF4, 0x76, 0x13, 0x1D, 0xB2, 0xFF, 0xA0, 0x01, 0x00, 0x00, 0x00,
0x00, 0x63, 0xF3, 0xFF, 0xFD, 0xFA, 0xFF, 0x7F, 0x01, 0x00, 0x00, 0x00, 0x00, 0x14, 0x98, 0xFA,
0xE1, 0xC0, 0xF8, 0xFF, 0xF3, 0x72, 0x00, 0x00, 0x00, 0x19, 0xD9, 0xFF, 0x82, 0x05, 0x00, 0x0F,
0x7D, 0xFA, 0xFF, 0x7D, 0x00, 0x00, 0x9C, 0xFF, 0x9D, 0x00, 0x00, 0x00, 0x00, 0x00, 0x56, 0xFF,
0xF8, 0x1B, 0x00, 0xED, 0xFF, 0x37, 0x00, 0x00, 0x00, 0x00, 0x00, 0x00, 0xD7, 0xFF, 0x54, 0x07,
0xFF, 0xFF, 0x1C, 0x00, 0x00, 0x00, 0x00, 0x00, 0x00, 0xBB, 0xFF, 0x64, 0x00, 0xEB, 0xFF, 0x4A,
0x00, 0x00, 0x00, 0x00, 0x00, 0x02, 0xE5, 0xFF, 0x3E, 0x00, 0x91, 0xFF, 0xD4, 0x16, 0x00, 0x00,
0x00, 0x00, 0x80, 0xFF, 0xD8, 0x01, 0x00, 0x0E, 0xD2, 0xFF, 0xED, 0x99, 0x77, 0x83, 0xC9, 0xFF,
0xF2, 0x31, 0x00, 0x00, 0x00, 0x0B, 0x89, 0xE8, 0xFF, 0xFF, 0xFF, 0xF6, 0xA9, 0x21, 0x00, 0x00,
0x00, 0x00, 0x00, 0x00, 0x02, 0x21, 0x35, 0x27, 0x09, 0x00, 0x00, 0x00, 0x00, 0x00, 0x00, 0x00,
0x00, 0x02, 0x1C, 0x28, 0x08, 0x00, 0x00, 0x00, 0x00, 0x00, 0x00, 0x00, 0x02, 0x76, 0xE5, 0xFF,
0xFF, 0xFD, 0xAE, 0x28, 0x00, 0x00, 0x00, 0x00, 0x00, 0xAB, 0xFF, 0xF7, 0xA7, 0x95, 0xD7, 0xFF,
0xEE, 0x33, 0x00, 0x00, 0x00, 0x60, 0xFF, 0xEF, 0x2B, 0x00, 0x00, 0x03, 0x93, 0xFF, 0xDA, 0x04,
0x00, 0x00, 0xC8, 0xFF, 0x79, 0x00, 0x00, 0x00, 0x00, 0x02, 0xD5, 0xFF, 0x62, 0x00, 0x04, 0xFD,
0xFF, 0x30, 0x00, 0x00, 0x00, 0x00, 0x00, 0x6B, 0xFF, 0xB2, 0x00, 0x19, 0xFF, 0xFF, 0x1A, 0x00,
0x00, 0x00, 0x00, 0x00, 0x29, 0xFF, 0xF2, 0x02, 0x0B, 0xFF, 0xFF, 0x30, 0x00, 0x00, 0x00, 0x00,
0x00, 0x0E, 0xFF, 0xFF, 0x13, 0x00, 0xDC, 0xFF, 0x76, 0x00, 0x00, 0x00, 0x00, 0x00, 0x2C, 0xFF,
0xFF, 0x25, 0x00, 0x79, 0xFF, 0xF0, 0x4F, 0x01, 0x00, 0x13, 0x75, 0xF2, 0xFF, 0xFF, 0x2D, 0x00,
0x05, 0xBB, 0xFF, 0xFF, 0xF5, 0xE6, 0xFD, 0xFF, 0x9A, 0xFF, 0xFF, 0x1A, 0x00, 0x00, 0x03, 0x67,
0xBB, 0xD8, 0xCB, 0x95, 0x33, 0x1F, 0xFF, 0xFF, 0x06, 0x00, 0x00, 0x00, 0x00, 0x00, 0x00, 0x00,
0x00, 0x00, 0x50, 0xFF, 0xD4, 0x00, 0x00, 0x00, 0x00, 0x00, 0x00, 0x00, 0x00, 0x00, 0x00, 0x9E,
0xFF, 0x8C, 0x00, 0x00, 0x00, 0x00, 0x00, 0x00, 0x00, 0x00, 0x00, 0x23, 0xF7, 0xFC, 0x2D, 0x00,
0x00, 0x13, 0x55, 0x00, 0x00, 0x00, 0x00, 0x21, 0xD6, 0xFF, 0x96, 0x00, 0x00, 0x00, 0x69, 0xFF,
0xD1, 0x92, 0x86, 0xAC, 0xF7, 0xFF, 0xB2, 0x08, 0x00, 0x00, 0x00, 0x29, 0xB0, 0xFB, 0xFF, 0xFF,
0xFF, 0xE2, 0x76, 0x04, 0x00, 0x00, 0x00, 0x00, 0x00, 0x00, 0x0A, 0x2F, 0x37, 0x1F, 0x00, 0x00,
0x00, 0x00, 0x00, 0x00, 0x0F, 0x79, 0x4B, 0x00, 0x90, 0xFF, 0xFC, 0x1A, 0x73, 0xFF, 0xED, 0x0F,
0x00, 0x32, 0x16, 0x00, 0x00, 0x00, 0x00, 0x00, 0x00, 0x00, 0x00, 0x00, 0x00, 0x00, 0x00, 0x00,
0x00, 0x00, 0x00, 0x00, 0x00, 0x00, 0x00, 0x00, 0x00, 0x00, 0x00, 0x00, 0x1A, 0x95, 0x65, 0x00,
0x96, 0xFF, 0xFF, 0x1E, 0x62, 0xFE, 0xDE, 0x0A, 0x00, 0x18, 0x07, 0x00, 0x00, 0x02, 0x67, 0x68,
0x02, 0x00, 0x54, 0xFF, 0xFF, 0x59, 0x00, 0x3A, 0xFD, 0xFD, 0x3F, 0x00, 0x00, 0x24, 0x25, 0x00,
0x00, 0x00, 0x00, 0x00, 0x00, 0x00, 0x00, 0x00, 0x00, 0x00, 0x00, 0x00, 0x00, 0x00, 0x00, 0x00,
0x00, 0x00, 0x00, 0x00, 0x00, 0x00, 0x00, 0x00, 0x00, 0x00, 0x00, 0x00, 0x00, 0x00, 0x00, 0x00,
0xD3, 0xBF, 0x2E, 0x00, 0x0A, 0xFF, 0xFF, 0x2E, 0x00, 0x31, 0xFF, 0xF2, 0x06, 0x00, 0x66, 0xFF,
0xA8, 0x00, 0x00, 0xB3, 0xFF, 0x3A, 0x00, 0x1F, 0xFC, 0xB4, 0x00, 0x00, 0x09, 0x3C, 0x1A, 0x00,
0x00, 0x00, 0x00, 0x00, 0x00, 0x00, 0x00, 0x00, 0x00, 0x00, 0x00, 0x00, 0x05, 0x00, 0x00, 0x00,
0x00, 0x00, 0x00, 0x00, 0x00, 0x00, 0x1B, 0x90, 0xA6, 0x00, 0x00, 0x00, 0x00, 0x00, 0x00, 0x00,
0x20, 0x98, 0xF8, 0xFF, 0x9A, 0x00, 0x00, 0x00, 0x00, 0x00, 0x26, 0x9F, 0xFB, 0xFF, 0xC5, 0x4B,
0x00, 0x00, 0x00, 0x00, 0x2C, 0xA7, 0xFD, 0xFF, 0xBC, 0x41, 0x00, 0x00, 0x00, 0x00, 0x32, 0xAE,
0xFE, 0xFF, 0xB3, 0x38, 0x00, 0x00, 0x00, 0x00, 0x00, 0xA2, 0xFF, 0xFD, 0xAA, 0x2F, 0x00, 0x00,
0x00, 0x00, 0x00, 0x00, 0x00, 0xD7, 0xFF, 0xCD, 0x38, 0x00, 0x00, 0x00, 0x00, 0x00, 0x00, 0x00,
0x00, 0x20, 0x98, 0xF9, 0xFF, 0xBD, 0x41, 0x00, 0x00, 0x00, 0x00, 0x00, 0x00, 0x00, 0x00, 0x1C,
0x92, 0xF7, 0xFF, 0xC5, 0x49, 0x00, 0x00, 0x00, 0x00, 0x00, 0x00, 0x00, 0x00, 0x17, 0x8B, 0xF4,
0xFF, 0xCD, 0x52, 0x01, 0x00, 0x00, 0x00, 0x00, 0x00, 0x00, 0x00, 0x14, 0x85, 0xF1, 0xFF, 0xD4,
0x4B, 0x00, 0x00, 0x00, 0x00, 0x00, 0x00, 0x00, 0x00, 0x10, 0x7F, 0xEE, 0xB0, 0x00, 0x00, 0x00,
0x00, 0x00, 0x00, 0x00, 0x00, 0x00, 0x00, 0x0D, 0x45, 0x43, 0x50, 0x50, 0x50, 0x50, 0x50, 0x50,
0x50, 0x50, 0x50, 0x50, 0x35, 0xD8, 0xFF, 0xFF, 0xFF, 0xFF, 0xFF, 0xFF, 0xFF, 0xFF, 0xFF, 0xFF,
0xAC, 0x43, 0x50, 0x50, 0x50, 0x50, 0x50, 0x50, 0x50, 0x50, 0x50, 0x50, 0x35, 0x00, 0x00, 0x00,
0x00, 0x00, 0x00, 0x00, 0x00, 0x00, 0x00, 0x00, 0x00, 0x00, 0x00, 0x00, 0x00, 0x00, 0x00, 0x00,
0x00, 0x00, 0x00, 0x00, 0x00, 0x00, 0x00, 0x00, 0x00, 0x00, 0x00, 0x00, 0x00, 0x00, 0x00, 0x00,
0x00, 0xC0, 0xE4, 0xE4, 0xE4, 0xE4, 0xE4, 0xE4, 0xE4, 0xE4, 0xE4, 0xE4, 0x99, 0xA2, 0xC0, 0xC0,
0xC0, 0xC0, 0xC0, 0xC0, 0xC0, 0xC0, 0xC0, 0xC0, 0x81, 0x05, 0x00, 0x00, 0x00, 0x00, 0x00, 0x00,
0x00, 0x00, 0x00, 0x00, 0x00, 0xC7, 0x7B, 0x0F, 0x00, 0x00, 0x00, 0x00, 0x00, 0x00, 0x00, 0x00,
0x00, 0xC6, 0xFF, 0xF0, 0x83, 0x13, 0x00, 0x00, 0x00, 0x00, 0x00, 0x00, 0x00, 0x04, 0x5F, 0xD7,
0xFF, 0xF3, 0x8B, 0x17, 0x00, 0x00, 0x00, 0x00, 0x00, 0x00, 0x00, 0x02, 0x54, 0xCE, 0xFF, 0xF7,
0x93, 0x1D, 0x00, 0x00, 0x00, 0x00, 0x00, 0x00, 0x00, 0x00, 0x4A, 0xC4, 0xFF, 0xF9, 0x9B, 0x22,
0x00, 0x00, 0x00, 0x00, 0x00, 0x00, 0x00, 0x00, 0x3F, 0xBA, 0xFF, 0xFC, 0x7D, 0x00, 0x00, 0x00,
0x00, 0x00, 0x00, 0x00, 0x00, 0x48, 0xDD, 0xFF, 0xAE, 0x00, 0x00, 0x00, 0x00, 0x00, 0x01, 0x52,
0xCD, 0xFF, 0xF0, 0x84, 0x13, 0x00, 0x00, 0x00, 0x03, 0x5C, 0xD5, 0xFF, 0xED, 0x7E, 0x10, 0x00,
0x00, 0x00, 0x06, 0x65, 0xDD, 0xFF, 0xE9, 0x77, 0x0C, 0x00, 0x00, 0x00, 0x00, 0x67, 0xE4, 0xFF,
0xE5, 0x70, 0x09, 0x00, 0x00, 0x00, 0x00, 0x00, 0x00, 0xDC, 0xE1, 0x6A, 0x07, 0x00, 0x00, 0x00,
0x00, 0x00, 0x00, 0x00, 0x00, 0x4D, 0x05, 0x00, 0x00, 0x00, 0x00, 0x00, 0x00, 0x00, 0x00, 0x00,
0x00, 0x00, 0x00, 0x00, 0x02, 0x20, 0x2F, 0x1F, 0x03, 0x00, 0x00, 0x00, 0x00, 0x49, 0xAD, 0xF3,
0xFF, 0xFF, 0xFF, 0xEB, 0x8C, 0x0C, 0x00, 0x0C, 0xF2, 0xFF, 0xE5, 0xB1, 0xA3, 0xC0, 0xFD, 0xFF,
0xC1, 0x03, 0x00, 0x67, 0x40, 0x01, 0x00, 0x00, 0x00, 0x32, 0xF3, 0xFF, 0x50, 0x00, 0x00, 0x00,
0x00, 0x00, 0x00, 0x00, 0x00, 0x9F, 0xFF, 0x87, 0x00, 0x00, 0x00, 0x00, 0x00, 0x00, 0x00, 0x00,
0xA0, 0xFF, 0x82, 0x00, 0x00, 0x00, 0x00, 0x00, 0x00, 0x00, 0x3F, 0xF7, 0xFF, 0x3C, 0x00, 0x00,
0x00, 0x00, 0x00, 0x04, 0x78, 0xF8, 0xFF, 0x97, 0x00, 0x00, 0x00, 0x00, 0x00, 0x20, 0xC9, 0xFF,
0xF2, 0x6D, 0x01, 0x00, 0x00, 0x00, 0x00, 0x0A, 0xDE, 0xFF, 0xB0, 0x1A, 0x00, 0x00, 0x00, 0x00,
0x00, 0x00, 0x4D, 0xFF, 0xC2, 0x02, 0x00, 0x00, 0x00, 0x00, 0x00, 0x00, 0x00, 0x43, 0xFF, 0x91,
0x00, 0x00, 0x00, 0x00, 0x00, 0x00, 0x00, 0x00, 0x0A, 0xE6, 0xB0, 0x00, 0x00, 0x00, 0x00, 0x00,
0x00, 0x00, 0x00, 0x00, 0x00, 0x00, 0x00, 0x00, 0x00, 0x00, 0x00, 0x00, 0x00, 0x00, 0x00, 0x00,
0x00, 0x00, 0x00, 0x00, 0x00, 0x00, 0x00, 0x00, 0x00, 0x02, 0x7D, 0x8B, 0x0B, 0x00, 0x00, 0x00,
0x00, 0x00, 0x00, 0x00, 0x4A, 0xFF, 0xFF, 0x6B, 0x00, 0x00, 0x00, 0x00, 0x00, 0x00, 0x00, 0x24,
0xF1, 0xFA, 0x3F, 0x00, 0x00, 0x00, 0x00, 0x00, 0x00, 0x00, 0x00, 0x0D, 0x13, 0x00, 0x00, 0x00,
0x00, 0x00, 0x00, 0x00, 0x00, 0x00, 0x00, 0x00, 0x00, 0x00, 0x00, 0x0B, 0x25, 0x30, 0x26, 0x09,
0x00, 0x00, 0x00, 0x00, 0x00, 0x00, 0x00, 0x00, 0x00, 0x00, 0x00, 0x00, 0x00, 0x22, 0x8A, 0xD8,
0xFE, 0xFF, 0xFF, 0xFF, 0xFE, 0xD2, 0x80, 0x17, 0x00, 0x00, 0x00, 0x00, 0x00, 0x00, 0x00, 0x00,
0x08, 0x8E, 0xFB, 0xFF, 0xD4, 0x93, 0x6D, 0x61, 0x75, 0x92, 0xDC, 0xFF, 0xEE, 0x57, 0x00, 0x00,
0x00, 0x00, 0x00, 0x00, 0x10, 0xC6, 0xFF, 0xCF, 0x3C, 0x00, 0x00, 0x00, 0x00, 0x00, 0x00, 0x00,
0x43, 0xDF, 0xFF, 0x77, 0x00, 0x00, 0x00, 0x00, 0x03, 0xBC, 0xFF, 0xAF, 0x0A, 0x00, 0x00, 0x00,
0x00, 0x00, 0x00, 0x00, 0x00, 0x00, 0x0F, 0xCC, 0xFC, 0x43, 0x00, 0x00, 0x00, 0x70, 0xFF, 0xBE,
0x02, 0x00, 0x00, 0x00, 0x00, 0x0F, 0x30, 0x39, 0x1E, 0x00, 0x00, 0x00, 0x23, 0xF3, 0xD7, 0x02,
0x00, 0x09, 0xEC, 0xF5, 0x23, 0x00, 0x00, 0x00, 0x31, 0xB2, 0xFD, 0xFF, 0xFF, 0xFF, 0xE1, 0x3E,
0x00, 0x00, 0x9A, 0xFF, 0x3B, 0x00, 0x5C, 0xFF, 0x97, 0x00, 0x00, 0x00, 0x50, 0xF6, 0xF1, 0x83,
0x45, 0x42, 0xCE, 0xFF, 0x30, 0x00, 0x00, 0x41, 0xFF, 0x7D, 0x00, 0xA6, 0xFF, 0x41, 0x00, 0x00,
0x21, 0xF2, 0xED, 0x2C, 0x00, 0x00, 0x00, 0xD3, 0xF7, 0x04, 0x00, 0x00, 0x19, 0xFF, 0xA2, 0x00,
0xD7, 0xF8, 0x02, 0x00, 0x00, 0x97, 0xFF, 0x69, 0x00, 0x00, 0x00, 0x0C, 0xFD, 0xC6, 0x00, 0x00,
0x00, 0x02, 0xFD, 0xAF, 0x00, 0xF5, 0xDF, 0x00, 0x00, 0x00, 0xE9, 0xFA, 0x0E, 0x00, 0x00, 0x00,
0x40, 0xFF, 0x91, 0x00, 0x00, 0x00, 0x05, 0xFF, 0xA4, 0x01, 0xFF, 0xC7, 0x00, 0x00, 0x0C, 0xFF,
0xDC, 0x00, 0x00, 0x00, 0x00, 0x7B, 0xFF, 0x5D, 0x00, 0x00, 0x00, 0x28, 0xFF, 0x89, 0x00, 0xF9,
0xD5, 0x00, 0x00, 0x12, 0xFF, 0xDD, 0x00, 0x00, 0x00, 0x00, 0xD1, 0xFF, 0x31, 0x00, 0x00, 0x00,
0x74, 0xFF, 0x4F, 0x00, 0xDF, 0xEF, 0x00, 0x00, 0x00, 0xE8, 0xFD, 0x25, 0x00, 0x00, 0x77, 0xFF,
0xFF, 0x43, 0x00, 0x00, 0x1F, 0xE9, 0xE4, 0x06, 0x00, 0xAF, 0xFF, 0x2F, 0x00, 0x00, 0x7F, 0xFF,
0xE6, 0x99, 0xC1, 0xFF, 0x7A, 0xF6, 0xE7, 0x8E, 0x99, 0xF0, 0xFC, 0x4C, 0x00, 0x00, 0x63, 0xFF,
0x8B, 0x00, 0x00, 0x03, 0x88, 0xED, 0xFC, 0xCD, 0x4B, 0x00, 0x3A, 0xC4, 0xF8, 0xF4, 0xC3, 0x41,
0x00, 0x00, 0x00, 0x0A, 0xEB, 0xF6, 0x2C, 0x00, 0x00, 0x00, 0x00, 0x02, 0x00, 0x00, 0x00, 0x00,
0x00, 0x01, 0x00, 0x00, 0x00, 0x00, 0x00, 0x00, 0x00, 0x5B, 0xFF, 0xD6, 0x1F, 0x00, 0x00, 0x00,
0x00, 0x00, 0x00, 0x00, 0x00, 0x00, 0x00, 0x00, 0x00, 0x00, 0x00, 0x00, 0x00, 0x00, 0x00, 0x83,
0xFF, 0xEF, 0x63, 0x0A, 0x00, 0x00, 0x00, 0x00, 0x00, 0x00, 0x00, 0x06, 0x00, 0x00, 0x00, 0x00,
0x00, 0x00, 0x00, 0x00, 0x00, 0x5D, 0xEC, 0xFF, 0xF3, 0xAA, 0x88, 0x6F, 0x6F, 0x84, 0xA0, 0xDA,
0x8A, 0x00, 0x00, 0x00, 0x00, 0x00, 0x00, 0x00, 0x00, 0x00, 0x00, 0x0D, 0x6B, 0xBA, 0xEF, 0xFF,
0xFF, 0xFF, 0xFA, 0xDB, 0x9A, 0x45, 0x00, 0x00, 0x00, 0x00, 0x00, 0x00, 0x00, 0x00, 0x00, 0x00,
0x00, 0x00, 0x00, 0x00, 0x0F, 0x1B, 0x10, 0x00, 0x00, 0x00, 0x00, 0x00, 0x00, 0x00, 0x00, 0x00,
0x00, 0x00, 0x00, 0x00, 0x00, 0x00, 0x66, 0xF8, 0xE9, 0x09, 0x00, 0x00, 0x00, 0x00, 0x00, 0x00,
0x00, 0x00, 0x00, 0x00, 0x00, 0x00, 0xCE, 0xFF, 0xFF, 0x61, 0x00, 0x00, 0x00, 0x00, 0x00, 0x00,
0x00, 0x00, 0x00, 0x00, 0x00, 0x35, 0xFF, 0xEB, 0xFF, 0xCA, 0x00, 0x00, 0x00, 0x00, 0x00, 0x00,
0x00, 0x00, 0x00, 0x00, 0x00, 0x9C, 0xFF, 0x6C, 0xE1, 0xFF, 0x33, 0x00, 0x00, 0x00, 0x00, 0x00,
0x00, 0x00, 0x00, 0x00, 0x0E, 0xF4, 0xFB, 0x15, 0x84, 0xFF, 0x9C, 0x00, 0x00, 0x00, 0x00, 0x00,
0x00, 0x00, 0x00, 0x00, 0x69, 0xFF, 0xB0, 0x00, 0x23, 0xFE, 0xF5, 0x0F, 0x00, 0x00, 0x00, 0x00,
0x00, 0x00, 0x00, 0x00, 0xCF, 0xFF, 0x4E, 0x00, 0x00, 0xBF, 0xFF, 0x6E, 0x00, 0x00, 0x00, 0x00,
0x00, 0x00, 0x00, 0x36, 0xFF, 0xE7, 0x04, 0x00, 0x00, 0x5D, 0xFF, 0xD6, 0x00, 0x00, 0x00, 0x00,
0x00, 0x00, 0x00, 0x9D, 0xFF, 0x89, 0x00, 0x00, 0x00, 0x09, 0xF0, 0xFF, 0x3F, 0x00, 0x00, 0x00,
0x00, 0x00, 0x0E, 0xF4, 0xFF, 0x27, 0x00, 0x00, 0x00, 0x00, 0x98, 0xFF, 0xA8, 0x00, 0x00, 0x00,
0x00, 0x00, 0x6A, 0xFF, 0xF9, 0xBC, 0xBC, 0xBC, 0xBC, 0xBC, 0xD3, 0xFF, 0xFA, 0x17, 0x00, 0x00,
0x00, 0x00, 0xD0, 0xFF, 0xFF, 0xFF, 0xFF, 0xFF, 0xFF, 0xFF, 0xFF, 0xFF, 0xFF, 0x7A, 0x00, 0x00,
0x00, 0x37, 0xFF, 0xF6, 0x1B, 0x10, 0x10, 0x10, 0x10, 0x10, 0x10, 0x6F, 0xFF, 0xE0, 0x02, 0x00,
0x00, 0x9D, 0xFF, 0xA3, 0x00, 0x00, 0x00, 0x00, 0x00, 0x00, 0x00, 0x0F, 0xF5, 0xFF, 0x4C, 0x00,
0x0E, 0xF5, 0xFF, 0x42, 0x00, 0x00, 0x00, 0x00, 0x00, 0x00, 0x00, 0x00, 0xA1, 0xFF, 0xB5, 0x00,
0x6A, 0xFF, 0xE0, 0x01, 0x00, 0x00, 0x00, 0x00, 0x00, 0x00, 0x00, 0x00, 0x3E, 0xFF, 0xFD, 0x20,
0xD0, 0xFF, 0x80, 0x00, 0x00, 0x00, 0x00, 0x00, 0x00, 0x00, 0x00, 0x00, 0x00, 0xD9, 0xFF, 0x87,
0xA6, 0xF8, 0xF8, 0xF8, 0xF8, 0xF1, 0xD9, 0xA0, 0x34, 0x00, 0x00, 0x00, 0xAC, 0xFF, 0xE3, 0xC8,
0xC8, 0xDC, 0xFA, 0xFF, 0xFD, 0x5E, 0x00, 0x00, 0xAC, 0xFF, 0x7C, 0x00, 0x00, 0x00, 0x16, 0xAB,
0xFF, 0xF3, 0x0B, 0x00, 0xAC, 0xFF, 0x7C, 0x00, 0x00, 0x00, 0x00, 0x10, 0xFE, 0xFF, 0x39, 0x00,
0xAC, 0xFF, 0x7C, 0x00, 0x00, 0x00, 0x00, 0x04, 0xFB, 0xFF, 0x2C, 0x00, 0xAC, 0xFF, 0x7C, 0x00,
0x00, 0x00, 0x00, 0x57, 0xFF, 0xE3, 0x05, 0x00, 0xAC, 0xFF, 0x7C, 0x00, 0x00, 0x05, 0x5B, 0xF1,
0xF9, 0x4D, 0x00, 0x00, 0xAC, 0xFF, 0xEF, 0xE0, 0xE1, 0xF7, 0xFF, 0xCF, 0x37, 0x00, 0x00, 0x00,
0xAC, 0xFF, 0xEB, 0xD8, 0xD8, 0xED, 0xFF, 0xFF, 0xCF, 0x45, 0x00, 0x00, 0xAC, 0xFF, 0x7C, 0x00,
0x00, 0x00, 0x10, 0x79, 0xF6, 0xFD, 0x50, 0x00, 0xAC, 0xFF, 0x7C, 0x00, 0x00, 0x00, 0x00, 0x00,
0x61, 0xFF, 0xE2, 0x02, 0xAC, 0xFF, 0x7C, 0x00, 0x00, 0x00, 0x00, 0x00, 0x09, 0xFE, 0xFF, 0x2A,
0xAC, 0xFF, 0x7C, 0x00, 0x00, 0x00, 0x00, 0x00, 0x08, 0xFD, 0xFF, 0x35, 0xAC, 0xFF, 0x7C, 0x00,
0x00, 0x00, 0x00, 0x00, 0x47, 0xFF, 0xFB, 0x11, 0xAC, 0xFF, 0x7C, 0x00, 0x00, 0x00, 0x00, 0x37,
0xE3, 0xFF, 0xA3, 0x00, 0xAC, 0xFF, 0xDF, 0xC0, 0xC0, 0xC4, 0xE2, 0xFF, 0xFF, 0xC7, 0x0E, 0x00,
0xAC, 0xFF, 0xFF, 0xFF, 0xFF, 0xFC, 0xE8, 0xBA, 0x63, 0x03, 0x00, 0x00, 0x00, 0x00, 0x00, 0x00,
0x00, 0x00, 0x0E, 0x29, 0x2D, 0x19, 0x00, 0x00, 0x00, 0x00, 0x00, 0x00, 0x00, 0x06, 0x6C, 0xD0,
0xFE, 0xFF, 0xFF, 0xFF, 0xE8, 0x91, 0x2D, 0x00, 0x00, 0x00, 0x15, 0xC5, 0xFF, 0xFF, 0xE3, 0xBB,
0xAA, 0xC5, 0xF7, 0xFF, 0xD7, 0x00, 0x00, 0x0A, 0xD9, 0xFF, 0xE3, 0x4C, 0x01, 0x00, 0x00, 0x00,
0x0C, 0x62, 0x59, 0x00, 0x00, 0x8E, 0xFF, 0xE4, 0x1D, 0x00, 0x00, 0x00, 0x00, 0x00, 0x00, 0x00,
0x00, 0x00, 0x12, 0xFB, 0xFF, 0x58, 0x00, 0x00, 0x00, 0x00, 0x00, 0x00, 0x00, 0x00, 0x00, 0x00,
0x60, 0xFF, 0xEB, 0x02, 0x00, 0x00, 0x00, 0x00, 0x00, 0x00, 0x00, 0x00, 0x00, 0x00, 0xA1, 0xFF,
0xA8, 0x00, 0x00, 0x00, 0x00, 0x00, 0x00, 0x00, 0x00, 0x00, 0x00, 0x00, 0xBB, 0xFF, 0x8A, 0x00,
0x00, 0x00, 0x00, 0x00, 0x00, 0x00, 0x00, 0x00, 0x00, 0x00, 0xD0, 0xFF, 0x79, 0x00, 0x00, 0x00,
0x00, 0x00, 0x00, 0x00, 0x00, 0x00, 0x00, 0x00, 0xC5, 0xFF, 0x87, 0x00, 0x00, 0x00, 0x00, 0x00,
0x00, 0x00, 0x00, 0x00, 0x00, 0x00, 0xAD, 0xFF, 0xA4, 0x00, 0x00, 0x00, 0x00, 0x00, 0x00, 0x00,
0x00, 0x00, 0x00, 0x00, 0x7F, 0xFF, 0xE7, 0x01, 0x00, 0x00, 0x00, 0x00, 0x00, 0x00, 0x00, 0x00,
0x00, 0x00, 0x2B, 0xFF, 0xFF, 0x52, 0x00, 0x00, 0x00, 0x00, 0x00, 0x00, 0x00, 0x00, 0x00, 0x00,
0x00, 0xBE, 0xFF, 0xE3, 0x1D, 0x00, 0x00, 0x00, 0x00, 0x00, 0x00, 0x00, 0x00, 0x00, 0x00, 0x1F,
0xF1, 0xFF, 0xE4, 0x50, 0x03, 0x00, 0x00, 0x00, 0x00, 0x33, 0x73, 0x00, 0x00, 0x00, 0x31, 0xDE,
0xFF, 0xFF, 0xE6, 0xBC, 0xA7, 0xBE, 0xE1, 0xFF, 0xFE, 0x1C, 0x00, 0x00, 0x00, 0x10, 0x83, 0xDD,
0xFF, 0xFF, 0xFF, 0xFF, 0xFD, 0xC1, 0x61, 0x09, 0x00, 0x00, 0x00, 0x00, 0x00, 0x00, 0x15, 0x32,
0x38, 0x2B, 0x09, 0x00, 0x00, 0x00, 0xA6, 0xF8, 0xF8, 0xF8, 0xF8, 0xF4, 0xDF, 0xC9, 0x96, 0x45,
0x04, 0x00, 0x00, 0x00, 0x00, 0xAC, 0xFF, 0xED, 0xD8, 0xD8, 0xDD, 0xED, 0xFF, 0xFF, 0xFF, 0xD4,
0x39, 0x00, 0x00, 0x00, 0xAC, 0xFF, 0x88, 0x00, 0x00, 0x00, 0x00, 0x19, 0x63, 0xD8, 0xFF, 0xFD,
0x4C, 0x00, 0x00, 0xAC, 0xFF, 0x88, 0x00, 0x00, 0x00, 0x00, 0x00, 0x00, 0x09, 0xAE, 0xFF, 0xF2,
0x24, 0x00, 0xAC, 0xFF, 0x88, 0x00, 0x00, 0x00, 0x00, 0x00, 0x00, 0x00, 0x09, 0xE1, 0xFF, 0x9E,
0x00, 0xAC, 0xFF, 0x88, 0x00, 0x00, 0x00, 0x00, 0x00, 0x00, 0x00, 0x00, 0x73, 0xFF, 0xEF, 0x02,
0xAC, 0xFF, 0x88, 0x00, 0x00, 0x00, 0x00, 0x00, 0x00, 0x00, 0x00, 0x33, 0xFF, 0xFF, 0x23, 0xAC,
0xFF, 0x88, 0x00, 0x00, 0x00, 0x00, 0x00, 0x00, 0x00, 0x00, 0x17, 0xFF, 0xFF, 0x39, 0xAC, 0xFF,
0x88, 0x00, 0x00, 0x00, 0x00, 0x00, 0x00, 0x00, 0x00, 0x17, 0xFF, 0xFF, 0x38, 0xAC, 0xFF, 0x88,
0x00, 0x00, 0x00, 0x00, 0x00, 0x00, 0x00, 0x00, 0x30, 0xFF, 0xFF, 0x23, 0xAC, 0xFF, 0x88, 0x00,
0x00, 0x00, 0x00, 0x00, 0x00, 0x00, 0x00, 0x64, 0xFF, 0xF2, 0x02, 0xAC, 0xFF, 0x88, 0x00, 0x00,
0x00, 0x00, 0x00, 0x00, 0x00, 0x00, 0xBC, 0xFF, 0xA9, 0x00, 0xAC, 0xFF, 0x88, 0x00, 0x00, 0x00,
0x00, 0x00, 0x00, 0x00, 0x4D, 0xFF, 0xFF, 0x3C, 0x00, 0xAC, 0xFF, 0x88, 0x00, 0x00, 0x00, 0x00,
0x00, 0x00, 0x3C, 0xEB, 0xFF, 0x91, 0x00, 0x00, 0xAC, 0xFF, 0x88, 0x00, 0x00, 0x00, 0x00, 0x2D,
0x91, 0xFA, 0xFF, 0xBB, 0x07, 0x00, 0x00, 0xAC, 0xFF, 0xE9, 0xD0, 0xD0, 0xDB, 0xF6, 0xFF, 0xFF,
0xFC, 0x83, 0x03, 0x00, 0x00, 0x00, 0xAC, 0xFF, 0xFF, 0xFF, 0xFF, 0xFC, 0xEC, 0xC5, 0x82, 0x21,
0x00, 0x00, 0x00, 0x00, 0x00, 0xA6, 0xF8, 0xF8, 0xF8, 0xF8, 0xF8, 0xF8, 0xF8, 0xF8, 0xE2, 0x00,
0xAC, 0xFF, 0xF6, 0xEC, 0xEC, 0xEC, 0xEC, 0xEC, 0xEC, 0xB6, 0x00, 0xAC, 0xFF, 0x88, 0x00, 0x00,
0x00, 0x00, 0x00, 0x00, 0x00, 0x00, 0xAC, 0xFF, 0x88, 0x00, 0x00, 0x00, 0x00, 0x00, 0x00, 0x00,
0x00, 0xAC, 0xFF, 0x88, 0x00, 0x00, 0x00, 0x00, 0x00, 0x00, 0x00, 0x00, 0xAC, 0xFF, 0x88, 0x00,
0x00, 0x00, 0x00, 0x00, 0x00, 0x00, 0x00, 0xAC, 0xFF, 0x88, 0x00, 0x00, 0x00, 0x00, 0x00, 0x00,
0x00, 0x00, 0xAC, 0xFF, 0xDA, 0xB0, 0xB0, 0xB0, 0xB0, 0xB0, 0xB0, 0x37, 0x00, 0xAC, 0xFF, 0xFF,
0xFF, 0xFF, 0xFF, 0xFF, 0xFF, 0xFF, 0x50, 0x00, 0xAC, 0xFF, 0x98, 0x24, 0x24, 0x24, 0x24, 0x24,
0x24, 0x0B, 0x00, 0xAC, 0xFF, 0x88, 0x00, 0x00, 0x00, 0x00, 0x00, 0x00, 0x00, 0x00, 0xAC, 0xFF,
0x88, 0x00, 0x00, 0x00, 0x00, 0x00, 0x00, 0x00, 0x00, 0xAC, 0xFF, 0x88, 0x00, 0x00, 0x00, 0x00,
0x00, 0x00, 0x00, 0x00, 0xAC, 0xFF, 0x88, 0x00, 0x00, 0x00, 0x00, 0x00, 0x00, 0x00, 0x00, 0xAC,
0xFF, 0x88, 0x00, 0x00, 0x00, 0x00, 0x00, 0x00, 0x00, 0x00, 0xAC, 0xFF, 0xF4, 0xE8, 0xE8, 0xE8,
0xE8, 0xE8, 0xE8, 0xE4, 0x03, 0xAC, 0xFF, 0xFF, 0xFF, 0xFF, 0xFF, 0xFF, 0xFF, 0xFF, 0xE0, 0x00,
0xA6, 0xF8, 0xF8, 0xF8, 0xF8, 0xF8, 0xF8, 0xF8, 0xF8, 0xE0, 0xAC, 0xFF, 0xF6, 0xEC, 0xEC, 0xEC,
0xEC, 0xEC, 0xEC, 0xB7, 0xAC, 0xFF, 0x88, 0x00, 0x00, 0x00, 0x00, 0x00, 0x00, 0x00, 0xAC, 0xFF,
0x88, 0x00, 0x00, 0x00, 0x00, 0x00, 0x00, 0x00, 0xAC, 0xFF, 0x88, 0x00, 0x00, 0x00, 0x00, 0x00,
0x00, 0x00, 0xAC, 0xFF, 0x88, 0x00, 0x00, 0x00, 0x00, 0x00, 0x00, 0x00, 0xAC, 0xFF, 0x88, 0x00,
0x00, 0x00, 0x00, 0x00, 0x00, 0x00, 0xAC, 0xFF, 0xDA, 0xB0, 0xB0, 0xB0, 0xB0, 0xB0, 0xB0, 0x2E,
0xAC, 0xFF, 0xFF, 0xFF, 0xFF, 0xFF, 0xFF, 0xFF, 0xFF, 0x44, 0xAC, 0xFF, 0x98, 0x24, 0x24, 0x24,
0x24, 0x24, 0x24, 0x09, 0xAC, 0xFF, 0x88, 0x00, 0x00, 0x00, 0x00, 0x00, 0x00, 0x00, 0xAC, 0xFF,
0x88, 0x00, 0x00, 0x00, 0x00, 0x00, 0x00, 0x00, 0xAC, 0xFF, 0x88, 0x00, 0x00, 0x00, 0x00, 0x00,
0x00, 0x00, 0xAC, 0xFF, 0x88, 0x00, 0x00, 0x00, 0x00, 0x00, 0x00, 0x00, 0xAC, 0xFF, 0x88, 0x00,
0x00, 0x00, 0x00, 0x00, 0x00, 0x00, 0xAC, 0xFF, 0x88, 0x00, 0x00, 0x00, 0x00, 0x00, 0x00, 0x00,
0xAC, 0xFF, 0x88, 0x00, 0x00, 0x00, 0x00, 0x00, 0x00, 0x00, 0x00, 0x00, 0x00, 0x00, 0x00, 0x00,
0x01, 0x1D, 0x2F, 0x28, 0x0E, 0x00, 0x00, 0x00, 0x00, 0x00, 0x00, 0x00, 0x00, 0x3A, 0xA8, 0xF0,
0xFF, 0xFF, 0xFF, 0xFE, 0xD8, 0x81, 0x25, 0x00, 0x00, 0x00, 0x07, 0x8F, 0xFE, 0xFF, 0xFA, 0xCB,
0xAE, 0xB0, 0xD5, 0xFD, 0xFF, 0xCB, 0x00, 0x00, 0x01, 0xB4, 0xFF, 0xFC, 0x83, 0x16, 0x00, 0x00,
0x00, 0x00, 0x18, 0x74, 0x55, 0x00, 0x00, 0x78, 0xFF, 0xFC, 0x47, 0x00, 0x00, 0x00, 0x00, 0x00,
0x00, 0x00, 0x00, 0x00, 0x00, 0x13, 0xF5, 0xFF, 0x82, 0x00, 0x00, 0x00, 0x00, 0x00, 0x00, 0x00,
0x00, 0x00, 0x00, 0x00, 0x67, 0xFF, 0xF8, 0x10, 0x00, 0x00, 0x00, 0x00, 0x00, 0x00, 0x00, 0x00,
0x00, 0x00, 0x00, 0xA4, 0xFF, 0xB4, 0x00, 0x00, 0x00, 0x00, 0x00, 0x00, 0x00, 0x00, 0x00, 0x00,
0x00, 0x00, 0xC8, 0xFF, 0x90, 0x00, 0x00, 0x00, 0x00, 0x00, 0x00, 0x00, 0x00, 0x00, 0x00, 0x00,
0x00, 0xD4, 0xFF, 0x7A, 0x00, 0x00, 0x00, 0x00, 0x00, 0x00, 0x00, 0x00, 0x00, 0x00, 0x00, 0x00,
0xC3, 0xFF, 0x86, 0x00, 0x00, 0x00, 0x00, 0x04, 0xFF, 0xFF, 0xFF, 0xFF, 0xFF, 0xFF, 0x60, 0xAA,
0xFF, 0xA2, 0x00, 0x00, 0x00, 0x00, 0x03, 0xD4, 0xD4, 0xD4, 0xD4, 0xF5, 0xFF, 0x60, 0x77, 0xFF,
0xE5, 0x00, 0x00, 0x00, 0x00, 0x00, 0x00, 0x00, 0x00, 0x00, 0xC4, 0xFF, 0x60, 0x20, 0xFF, 0xFF,
0x50, 0x00, 0x00, 0x00, 0x00, 0x00, 0x00, 0x00, 0x00, 0xC4, 0xFF, 0x60, 0x00, 0xAB, 0xFF, 0xE0,
0x1A, 0x00, 0x00, 0x00, 0x00, 0x00, 0x00, 0x00, 0xC4, 0xFF, 0x60, 0x00, 0x13, 0xE6, 0xFF, 0xE0,
0x48, 0x01, 0x00, 0x00, 0x00, 0x00, 0x15, 0xD2, 0xFF, 0x60, 0x00, 0x00, 0x21, 0xD0, 0xFF, 0xFF,
0xDE, 0xB3, 0x9E, 0xB0, 0xD0, 0xFE, 0xFF, 0xFF, 0x57, 0x00, 0x00, 0x00, 0x09, 0x75, 0xD5, 0xFF,
0xFF, 0xFF, 0xFF, 0xFD, 0xD6, 0x8E, 0x31, 0x00, 0x00, 0x00, 0x00, 0x00, 0x00, 0x00, 0x12, 0x31,
0x37, 0x29, 0x0A, 0x00, 0x00, 0x00, 0x00, 0xA6, 0xF8, 0x83, 0x00, 0x00, 0x00, 0x00, 0x00, 0x00,
0x00, 0x00, 0x55, 0xF8, 0xD1, 0xAC, 0xFF, 0x88, 0x00, 0x00, 0x00, 0x00, 0x00, 0x00, 0x00, 0x00,
0x58, 0xFF, 0xD8, 0xAC, 0xFF, 0x88, 0x00, 0x00, 0x00, 0x00, 0x00, 0x00, 0x00, 0x00, 0x58, 0xFF,
0xD8, 0xAC, 0xFF, 0x88, 0x00, 0x00, 0x00, 0x00, 0x00, 0x00, 0x00, 0x00, 0x58, 0xFF, 0xD8, 0xAC,
0xFF, 0x88, 0x00, 0x00, 0x00, 0x00, 0x00, 0x00, 0x00, 0x00, 0x58, 0xFF, 0xD8, 0xAC, 0xFF, 0x88,
0x00, 0x00, 0x00, 0x00, 0x00, 0x00, 0x00, 0x00, 0x58, 0xFF, 0xD8, 0xAC, 0xFF, 0x88, 0x00, 0x00,
0x00, 0x00, 0x00, 0x00, 0x00, 0x00, 0x58, 0xFF, 0xD8, 0xAC, 0xFF, 0xE2, 0xC0, 0xC0, 0xC0, 0xC0,
0xC0, 0xC0, 0xC0, 0xC0, 0xD6, 0xFF, 0xD8, 0xAC, 0xFF, 0xFF, 0xFF, 0xFF, 0xFF, 0xFF, 0xFF, 0xFF,
0xFF, 0xFF, 0xFF, 0xFF, 0xD8, 0xAC, 0xFF, 0x95, 0x1C, 0x1C, 0x1C, 0x1C, 0x1C, 0x1C, 0x1C, 0x1C,
0x6A, 0xFF, 0xD8, 0xAC, 0xFF, 0x88, 0x00, 0x00, 0x00, 0x00, 0x00, 0x00, 0x00, 0x00, 0x58, 0xFF,
0xD8, 0xAC, 0xFF, 0x88, 0x00, 0x00, 0x00, 0x00, 0x00, 0x00, 0x00, 0x00, 0x58, 0xFF, 0xD8, 0xAC,
0xFF, 0x88, 0x00, 0x00, 0x00, 0x00, 0x00, 0x00, 0x00, 0x00, 0x58, 0xFF, 0xD8, 0xAC, 0xFF, 0x88,
0x00, 0x00, 0x00, 0x00, 0x00, 0x00, 0x00, 0x00, 0x58, 0xFF, 0xD8, 0xAC, 0xFF, 0x88, 0x00, 0x00,
0x00, 0x00, 0x00, 0x00, 0x00, 0x00, 0x58, 0xFF, 0xD8, 0xAC, 0xFF, 0x88, 0x00, 0x00, 0x00, 0x00,
0x00, 0x00, 0x00, 0x00, 0x58, 0xFF, 0xD8, 0xAC, 0xFF, 0x88, 0x00, 0x00, 0x00, 0x00, 0x00, 0x00,
0x00, 0x00, 0x58, 0xFF, 0xD8, 0xA6, 0xF8, 0x83, 0xAC, 0xFF, 0x88, 0xAC, 0xFF, 0x88, 0xAC, 0xFF,
0x88, 0xAC, 0xFF, 0x88, 0xAC, 0xFF, 0x88, 0xAC, 0xFF, 0x88, 0xAC, 0xFF, 0x88, 0xAC, 0xFF, 0x88,
0xAC, 0xFF, 0x88, 0xAC, 0xFF, 0x88, 0xAC, 0xFF, 0x88, 0xAC, 0xFF, 0x88, 0xAC, 0xFF, 0x88, 0xAC,
0xFF, 0x88, 0xAC, 0xFF, 0x88, 0xAC, 0xFF, 0x88, 0x00, 0x00, 0x00, 0x32, 0xF8, 0xF4, 0x00, 0x00,
0x00, 0x34, 0xFF, 0xFC, 0x00, 0x00, 0x00, 0x34, 0xFF, 0xFC, 0x00, 0x00, 0x00, 0x34, 0xFF, 0xFC,
0x00, 0x00, 0x00, 0x34, 0xFF, 0xFC, 0x00, 0x00, 0x00, 0x34, 0xFF, 0xFC, 0x00, 0x00, 0x00, 0x34,
0xFF, 0xFC, 0x00, 0x00, 0x00, 0x34, 0xFF, 0xFC, 0x00, 0x00, 0x00, 0x34, 0xFF, 0xFC, 0x00, 0x00,
0x00, 0x34, 0xFF, 0xFC, 0x00, 0x00, 0x00, 0x34, 0xFF, 0xFC, 0x00, 0x00, 0x00, 0x36, 0xFF, 0xF9,
0x00, 0x00, 0x00, 0x45, 0xFF, 0xEC, 0x00, 0x00, 0x00, 0x71, 0xFF, 0xC9, 0x00, 0x00, 0x10, 0xDA,
0xFF, 0x84, 0x91, 0xB9, 0xED, 0xFF, 0xEF, 0x18, 0xD8, 0xFF, 0xFF, 0xCD, 0x35, 0x00, 0x08, 0x24,
0x15, 0x00, 0x00, 0x00, 0xA6, 0xF8, 0x83, 0x00, 0x00, 0x00, 0x00, 0x00, 0x04, 0xBE, 0xF8, 0xB6,
0x03, 0xAC, 0xFF, 0x88, 0x00, 0x00, 0x00, 0x00, 0x00, 0x8F, 0xFF, 0xDF, 0x14, 0x00, 0xAC, 0xFF,
0x88, 0x00, 0x00, 0x00, 0x00, 0x58, 0xFF, 0xF4, 0x2E, 0x00, 0x00, 0xAC, 0xFF, 0x88, 0x00, 0x00,
0x00, 0x2C, 0xF4, 0xFF, 0x55, 0x00, 0x00, 0x00, 0xAC, 0xFF, 0x88, 0x00, 0x00, 0x0F, 0xDA, 0xFF,
0x85, 0x00, 0x00, 0x00, 0x00, 0xAC, 0xFF, 0x88, 0x00, 0x01, 0xB2, 0xFF, 0xB3, 0x02, 0x00, 0x00,
0x00, 0x00, 0xAC, 0xFF, 0x88, 0x00, 0x7D, 0xFF, 0xD7, 0x0E, 0x00, 0x00, 0x00, 0x00, 0x00, 0xAC,
0xFF, 0x88, 0x4B, 0xFD, 0xFF, 0x37, 0x00, 0x00, 0x00, 0x00, 0x00, 0x00, 0xAC, 0xFF, 0xAF, 0xF0,
0xFF, 0xFF, 0xA7, 0x00, 0x00, 0x00, 0x00, 0x00, 0x00, 0xAC, 0xFF, 0xFF, 0xF7, 0x6A, 0xF8, 0xFF,
0x5B, 0x00, 0x00, 0x00, 0x00, 0x00, 0xAC, 0xFF, 0xFA, 0x4B, 0x00, 0x72, 0xFF, 0xF0, 0x1F, 0x00,
0x00, 0x00, 0x00, 0xAC, 0xFF, 0x91, 0x00, 0x00, 0x01, 0xBF, 0xFF, 0xC1, 0x02, 0x00, 0x00, 0x00,
0xAC, 0xFF, 0x88, 0x00, 0x00, 0x00, 0x1F, 0xF1, 0xFF, 0x78, 0x00, 0x00, 0x00, 0xAC, 0xFF, 0x88,
0x00, 0x00, 0x00, 0x00, 0x5F, 0xFF, 0xFA, 0x32, 0x00, 0x00, 0xAC, 0xFF, 0x88, 0x00, 0x00, 0x00,
0x00, 0x00, 0xAE, 0xFF, 0xD7, 0x09, 0x00, 0xAC, 0xFF, 0x88, 0x00, 0x00, 0x00, 0x00, 0x00, 0x14,
0xE8, 0xFF, 0x95, 0x00, 0xAC, 0xFF, 0x88, 0x00, 0x00, 0x00, 0x00, 0x00, 0x00, 0x4D, 0xFF, 0xFF,
0x4A, 0xA6, 0xF8, 0x83, 0x00, 0x00, 0x00, 0x00, 0x00, 0x00, 0x00, 0xAC, 0xFF, 0x88, 0x00, 0x00,
0x00, 0x00, 0x00, 0x00, 0x00, 0xAC, 0xFF, 0x88, 0x00, 0x00, 0x00, 0x00, 0x00, 0x00, 0x00, 0xAC,
0xFF, 0x88, 0x00, 0x00, 0x00, 0x00, 0x00, 0x00, 0x00, 0xAC, 0xFF, 0x88, 0x00, 0x00, 0x00, 0x00,
0x00, 0x00, 0x00, 0xAC, 0xFF, 0x88, 0x00, 0x00, 0x00, 0x00, 0x00, 0x00, 0x00, 0xAC, 0xFF, 0x88,
0x00, 0x00, 0x00, 0x00, 0x00, 0x00, 0x00, 0xAC, 0xFF, 0x88, 0x00, 0x00, 0x00, 0x00, 0x00, 0x00,
0x00, 0xAC, 0xFF, 0x88, 0x00, 0x00, 0x00, 0x00, 0x00, 0x00, 0x00, 0xAC, 0xFF, 0x88, 0x00, 0x00,
0x00, 0x00, 0x00, 0x00, 0x00, 0xAC, 0xFF, 0x88, 0x00, 0x00, 0x00, 0x00, 0x00, 0x00, 0x00, 0xAC,
0xFF, 0x88, 0x00, 0x00, 0x00, 0x00, 0x00, 0x00, 0x00, 0xAC, 0xFF, 0x88, 0x00, 0x00, 0x00, 0x00,
0x00, 0x00, 0x00, 0xAC, 0xFF, 0x88, 0x00, 0x00, 0x00, 0x00, 0x00, 0x00, 0x00, 0xAC, 0xFF, 0x88,
0x00, 0x00, 0x00, 0x00, 0x00, 0x00, 0x00, 0xAC, 0xFF, 0xFC, 0xF8, 0xF8, 0xF8, 0xF8, 0xF8, 0xF8,
0xCD, 0xAC, 0xFF, 0xFF, 0xFF, 0xFF, 0xFF, 0xFF, 0xFF, 0xFF, 0xB4, 0xA6, 0xF8, 0xF8, 0x6C, 0x00,
0x00, 0x00, 0x00, 0x00, 0x00, 0x00, 0x00, 0x00, 0x00, 0x1E, 0xF5, 0xF8, 0xE8, 0xAC, 0xFF, 0xFF,
0xD7, 0x00, 0x00, 0x00, 0x00, 0x00, 0x00, 0x00, 0x00, 0x00, 0x00, 0x88, 0xFF, 0xFF, 0xF0, 0xAC,
0xFF, 0xF6, 0xFF, 0x44, 0x00, 0x00, 0x00, 0x00, 0x00, 0x00, 0x00, 0x00, 0x08, 0xEC, 0xF5, 0xFF,
0xF0, 0xAC, 0xFF, 0xB8, 0xFF, 0xAF, 0x00, 0x00, 0x00, 0x00, 0x00, 0x00, 0x00, 0x00, 0x62, 0xFF,
0xB3, 0xFF, 0xF0, 0xAC, 0xFF, 0x68, 0xFB, 0xFC, 0x1D, 0x00, 0x00, 0x00, 0x00, 0x00, 0x00, 0x00,
0xCF, 0xFF, 0x65, 0xFF, 0xF0, 0xAC, 0xFF, 0x53, 0xAE, 0xFF, 0x85, 0x00, 0x00, 0x00, 0x00, 0x00,
0x00, 0x3D, 0xFF, 0xCD, 0x3B, 0xFF, 0xF0, 0xAC, 0xFF, 0x57, 0x44, 0xFF, 0xE9, 0x06, 0x00, 0x00,
0x00, 0x00, 0x00, 0xAA, 0xFF, 0x63, 0x3F, 0xFF, 0xF0, 0xAC, 0xFF, 0x58, 0x01, 0xD8, 0xFF, 0x5B,
0x00, 0x00, 0x00, 0x00, 0x1B, 0xFB, 0xEC, 0x09, 0x40, 0xFF, 0xF0, 0xAC, 0xFF, 0x58, 0x00, 0x6E,
0xFF, 0xC6, 0x00, 0x00, 0x00, 0x00, 0x84, 0xFF, 0x87, 0x00, 0x40, 0xFF, 0xF0, 0xAC, 0xFF, 0x58,
0x00, 0x0F, 0xF4, 0xFF, 0x32, 0x00, 0x00, 0x07, 0xE9, 0xFC, 0x1D, 0x00, 0x40, 0xFF, 0xF0, 0xAC,
0xFF, 0x58, 0x00, 0x00, 0x98, 0xFF, 0x9D, 0x00, 0x00, 0x5E, 0xFF, 0xAB, 0x00, 0x00, 0x40, 0xFF,
0xF0, 0xAC, 0xFF, 0x58, 0x00, 0x00, 0x2D, 0xFF, 0xF5, 0x0E, 0x00, 0xC8, 0xFF, 0x3D, 0x00, 0x00,
0x40, 0xFF, 0xF0, 0xAC, 0xFF, 0x58, 0x00, 0x00, 0x00, 0xC2, 0xFF, 0x69, 0x31, 0xFF, 0xCE, 0x00,
0x00, 0x00, 0x40, 0xFF, 0xF0, 0xAC, 0xFF, 0x58, 0x00, 0x00, 0x00, 0x56, 0xFF, 0xC2, 0x92, 0xFF,
0x60, 0x00, 0x00, 0x00, 0x40, 0xFF, 0xF0, 0xAC, 0xFF, 0x58, 0x00, 0x00, 0x00, 0x05, 0xE6, 0xFD,
0xEE, 0xEA, 0x07, 0x00, 0x00, 0x00, 0x40, 0xFF, 0xF0, 0xAC, 0xFF, 0x58, 0x00, 0x00, 0x00, 0x00,
0x80, 0xFF, 0xFF, 0x84, 0x00, 0x00, 0x00, 0x00, 0x40, 0xFF, 0xF0, 0xAC, 0xFF, 0x58, 0x00, 0x00,
0x00, 0x00, 0x1A, 0xFB, 0xFB, 0x1B, 0x00, 0x00, 0x00, 0x00, 0x40, 0xFF, 0xF0, 0x00, 0x00, 0x00,
0x00, 0x00, 0x00, 0x00, 0x00, 0x06, 0x06, 0x00, 0x00, 0x00, 0x00, 0x00, 0x00, 0x00, 0x00, 0xA6,
0xF8, 0xF2, 0x2A, 0x00, 0x00, 0x00, 0x00, 0x00, 0x00, 0x00, 0x13, 0xF8, 0xF8, 0x03, 0xAC, 0xFF,
0xFF, 0xC8, 0x02, 0x00, 0x00, 0x00, 0x00, 0x00, 0x00, 0x14, 0xFF, 0xFF, 0x04, 0xAC, 0xFF, 0xFC,
0xFF, 0x73, 0x00, 0x00, 0x00, 0x00, 0x00, 0x00, 0x14, 0xFF, 0xFF, 0x04, 0xAC, 0xFF, 0x94, 0xFF,
0xF6, 0x24, 0x00, 0x00, 0x00, 0x00, 0x00, 0x14, 0xFF, 0xFF, 0x04, 0xAC, 0xFF, 0x58, 0x9E, 0xFF,
0xC1, 0x01, 0x00, 0x00, 0x00, 0x00, 0x14, 0xFF, 0xFF, 0x04, 0xAC, 0xFF, 0x5F, 0x10, 0xE5, 0xFF,
0x6C, 0x00, 0x00, 0x00, 0x00, 0x14, 0xFF, 0xFF, 0x04, 0xAC, 0xFF, 0x65, 0x00, 0x4D, 0xFF, 0xF3,
0x20, 0x00, 0x00, 0x00, 0x14, 0xFF, 0xFF, 0x04, 0xAC, 0xFF, 0x68, 0x00, 0x00, 0xA6, 0xFF, 0xBB,
0x00, 0x00, 0x00, 0x14, 0xFF, 0xFF, 0x04, 0xAC, 0xFF, 0x68, 0x00, 0x00, 0x13, 0xE9, 0xFF, 0x65,
0x00, 0x00, 0x14, 0xFF, 0xFF, 0x04, 0xAC, 0xFF, 0x68, 0x00, 0x00, 0x00, 0x55, 0xFF, 0xF1, 0x1C,
0x00, 0x14, 0xFF, 0xFF, 0x04, 0xAC, 0xFF, 0x68, 0x00, 0x00, 0x00, 0x00, 0xAD, 0xFF, 0xB5, 0x00,
0x13, 0xFF, 0xFF, 0x04, 0xAC, 0xFF, 0x68, 0x00, 0x00, 0x00, 0x00, 0x17, 0xED, 0xFF, 0x5D, 0x10,
0xFF, 0xFF, 0x04, 0xAC, 0xFF, 0x68, 0x00, 0x00, 0x00, 0x00, 0x00, 0x5D, 0xFF, 0xED, 0x21, 0xFF,
0xFF, 0x04, 0xAC, 0xFF, 0x68, 0x00, 0x00, 0x00, 0x00, 0x00, 0x00, 0xB4, 0xFF, 0xAE, 0xFD, 0xFF,
0x04, 0xAC, 0xFF, 0x68, 0x00, 0x00, 0x00, 0x00, 0x00, 0x00, 0x1B, 0xF0, 0xFF, 0xFF, 0xFF, 0x04,
0xAC, 0xFF, 0x68, 0x00, 0x00, 0x00, 0x00, 0x00, 0x00, 0x00, 0x65, 0xFF, 0xFF, 0xFF, 0x04, 0xAC,
0xFF, 0x68, 0x00, 0x00, 0x00, 0x00, 0x00, 0x00, 0x00, 0x00, 0xBB, 0xFF, 0xFF, 0x04, 0x00, 0x00,
0x00, 0x00, 0x00, 0x00, 0x02, 0x20, 0x2F, 0x28, 0x09, 0x00, 0x00, 0x00, 0x00, 0x00, 0x00, 0x00,
0x00, 0x00, 0x00, 0x48, 0xB2, 0xF5, 0xFF, 0xFF, 0xFF, 0xFD, 0xC8, 0x62, 0x03, 0x00, 0x00, 0x00,
0x00, 0x00, 0x08, 0x9F, 0xFF, 0xFF, 0xEE, 0xC2, 0xA8, 0xBF, 0xE9, 0xFF, 0xFF, 0xBA, 0x13, 0x00,
0x00, 0x00, 0x02, 0xBF, 0xFF, 0xF5, 0x6D, 0x09, 0x00, 0x00, 0x00, 0x05, 0x5E, 0xEF, 0xFF, 0xD1,
0x06, 0x00, 0x00, 0x7A, 0xFF, 0xF5, 0x3A, 0x00, 0x00, 0x00, 0x00, 0x00, 0x00, 0x00, 0x2F, 0xF2,
0xFF, 0x87, 0x00, 0x13, 0xF7, 0xFF, 0x79, 0x00, 0x00, 0x00, 0x00, 0x00, 0x00, 0x00, 0x00, 0x00,
0x7B, 0xFF, 0xF3, 0x09, 0x66, 0xFF, 0xF6, 0x0A, 0x00, 0x00, 0x00, 0x00, 0x00, 0x00, 0x00, 0x00,
0x00, 0x13, 0xFD, 0xFF, 0x55, 0xA4, 0xFF, 0xB4, 0x00, 0x00, 0x00, 0x00, 0x00, 0x00, 0x00, 0x00,
0x00, 0x00, 0x00, 0xCF, 0xFF, 0x89, 0xC7, 0xFF, 0x8F, 0x00, 0x00, 0x00, 0x00, 0x00, 0x00, 0x00,
0x00, 0x00, 0x00, 0x00, 0xB1, 0xFF, 0xA3, 0xD4, 0xFF, 0x7D, 0x00, 0x00, 0x00, 0x00, 0x00, 0x00,
0x00, 0x00, 0x00, 0x00, 0x00, 0xA1, 0xFF, 0xB3, 0xC4, 0xFF, 0x8E, 0x00, 0x00, 0x00, 0x00, 0x00,
0x00, 0x00, 0x00, 0x00, 0x00, 0x00, 0xB3, 0xFF, 0xA6, 0xAA, 0xFF, 0xAE, 0x00, 0x00, 0x00, 0x00,
0x00, 0x00, 0x00, 0x00, 0x00, 0x00, 0x00, 0xD4, 0xFF, 0x82, 0x77, 0xFF, 0xF0, 0x04, 0x00, 0x00,
0x00, 0x00, 0x00, 0x00, 0x00, 0x00, 0x00, 0x1D, 0xFF, 0xFF, 0x44, 0x20, 0xFF, 0xFF, 0x64, 0x00,
0x00, 0x00, 0x00, 0x00, 0x00, 0x00, 0x00, 0x00, 0x8C, 0xFF, 0xE2, 0x04, 0x00, 0xA8, 0xFF, 0xEB,
0x24, 0x00, 0x00, 0x00, 0x00, 0x00, 0x00, 0x00, 0x3E, 0xFB, 0xFF, 0x57, 0x00, 0x00, 0x13, 0xE5,
0xFF, 0xE8, 0x50, 0x01, 0x00, 0x00, 0x00, 0x09, 0x6C, 0xF7, 0xFF, 0xA0, 0x00, 0x00, 0x00, 0x00,
0x21, 0xD1, 0xFF, 0xFF, 0xE0, 0xB4, 0xA0, 0xBB, 0xED, 0xFF, 0xFE, 0x88, 0x03, 0x00, 0x00, 0x00,
0x00, 0x00, 0x0A, 0x78, 0xD9, 0xFF, 0xFF, 0xFF, 0xFF, 0xF5, 0xAE, 0x3D, 0x00, 0x00, 0x00, 0x00,
0x00, 0x00, 0x00, 0x00, 0x00, 0x00, 0x14, 0x33, 0x37, 0x26, 0x03, 0x00, 0x00, 0x00, 0x00, 0x00,
0x00, 0xA6, 0xF8, 0xF8, 0xF8, 0xF6, 0xEA, 0xCD, 0x92, 0x2D, 0x00, 0x00, 0xAC, 0xFF, 0xE7, 0xCC,
0xCE, 0xE7, 0xFD, 0xFF, 0xFC, 0x7B, 0x00, 0xAC, 0xFF, 0x88, 0x00, 0x00, 0x00, 0x18, 0x8C, 0xFF,
0xFF, 0x4F, 0xAC, 0xFF, 0x88, 0x00, 0x00, 0x00, 0x00, 0x00, 0xA0, 0xFF, 0xB9, 0xAC, 0xFF, 0x88,
0x00, 0x00, 0x00, 0x00, 0x00, 0x56, 0xFF, 0xE4, 0xAC, 0xFF, 0x88, 0x00, 0x00, 0x00, 0x00, 0x00,
0x51, 0xFF, 0xDF, 0xAC, 0xFF, 0x88, 0x00, 0x00, 0x00, 0x00, 0x00, 0x8A, 0xFF, 0xB9, 0xAC, 0xFF,
0x88, 0x00, 0x00, 0x00, 0x00, 0x31, 0xF3, 0xFF, 0x58, 0xAC, 0xFF, 0xB6, 0x4B, 0x42, 0x5F, 0x9B,
0xFB, 0xFF, 0xB0, 0x01, 0xAC, 0xFF, 0xFF, 0xFF, 0xFF, 0xFF, 0xFF, 0xFA, 0x8C, 0x08, 0x00, 0xAC,
0xFF, 0xAE, 0x71, 0x86, 0x7C, 0x5B, 0x12, 0x00, 0x00, 0x00, 0xAC, 0xFF, 0x88, 0x00, 0x00, 0x00,
0x00, 0x00, 0x00, 0x00, 0x00, 0xAC, 0xFF, 0x88, 0x00, 0x00, 0x00, 0x00, 0x00, 0x00, 0x00, 0x00,
0xAC, 0xFF, 0x88, 0x00, 0x00, 0x00, 0x00, 0x00, 0x00, 0x00, 0x00, 0xAC, 0xFF, 0x88, 0x00, 0x00,
0x00, 0x00, 0x00, 0x00, 0x00, 0x00, 0xAC, 0xFF, 0x88, 0x00, 0x00, 0x00, 0x00, 0x00, 0x00, 0x00,
0x00, 0xAC, 0xFF, 0x88, 0x00, 0x00, 0x00, 0x00, 0x00, 0x00, 0x00, 0x00, 0x00, 0x00, 0x00, 0x00,
0x00, 0x00, 0x06, 0x28, 0x37, 0x2E, 0x0E, 0x00, 0x00, 0x00, 0x00, 0x00, 0x00, 0x00, 0x00, 0x00,
0x00, 0x00, 0x4B, 0xB8, 0xFA, 0xFF, 0xFF, 0xFF, 0xFF, 0xCD, 0x66, 0x03, 0x00, 0x00, 0x00, 0x00,
0x00, 0x00, 0x09, 0xA0, 0xFF, 0xFF, 0xEF, 0xC3, 0xA8, 0xBE, 0xE8, 0xFF, 0xFF, 0xBD, 0x14, 0x00,
0x00, 0x00, 0x00, 0x02, 0xBF, 0xFF, 0xF5, 0x6C, 0x0A, 0x00, 0x00, 0x00, 0x04, 0x5D, 0xEF, 0xFF,
0xD3, 0x07, 0x00, 0x00, 0x00, 0x78, 0xFF, 0xF4, 0x37, 0x00, 0x00, 0x00, 0x00, 0x00, 0x00, 0x00,
0x31, 0xF4, 0xFF, 0x87, 0x00, 0x00, 0x12, 0xF6, 0xFF, 0x76, 0x00, 0x00, 0x00, 0x00, 0x00, 0x00,
0x00, 0x00, 0x00, 0x7F, 0xFF, 0xF3, 0x09, 0x00, 0x66, 0xFF, 0xF6, 0x09, 0x00, 0x00, 0x00, 0x00,
0x00, 0x00, 0x00, 0x00, 0x00, 0x16, 0xFE, 0xFF, 0x55, 0x00, 0xA3, 0xFF, 0xB5, 0x00, 0x00, 0x00,
0x00, 0x00, 0x00, 0x00, 0x00, 0x00, 0x00, 0x00, 0xCF, 0xFF, 0x89, 0x00, 0xC7, 0xFF, 0x90, 0x00,
0x00, 0x00, 0x00, 0x00, 0x00, 0x00, 0x00, 0x00, 0x00, 0x00, 0xB0, 0xFF, 0xA3, 0x00, 0xD4, 0xFF,
0x7D, 0x00, 0x00, 0x00, 0x00, 0x00, 0x00, 0x00, 0x00, 0x00, 0x00, 0x00, 0xA1, 0xFF, 0xB1, 0x00,
0xC3, 0xFF, 0x8C, 0x00, 0x00, 0x00, 0x00, 0x00, 0x00, 0x00, 0x00, 0x00, 0x00, 0x00, 0xB4, 0xFF,
0xA0, 0x00, 0xA9, 0xFF, 0xAC, 0x00, 0x00, 0x00, 0x00, 0x00, 0x00, 0x00, 0x00, 0x00, 0x00, 0x00,
0xD6, 0xFF, 0x80, 0x00, 0x74, 0xFF, 0xEE, 0x03, 0x00, 0x00, 0x00, 0x00, 0x00, 0x00, 0x00, 0x00,
0x00, 0x1E, 0xFF, 0xFF, 0x3F, 0x00, 0x1E, 0xFE, 0xFF, 0x60, 0x00, 0x00, 0x00, 0x00, 0x00, 0x00,
0x00, 0x00, 0x00, 0x8D, 0xFF, 0xDF, 0x04, 0x00, 0x00, 0xA7, 0xFF, 0xE9, 0x22, 0x00, 0x00, 0x00,
0x00, 0x00, 0x00, 0x00, 0x3E, 0xFB, 0xFF, 0x62, 0x00, 0x00, 0x00, 0x13, 0xE7, 0xFF, 0xE6, 0x4D,
0x01, 0x00, 0x00, 0x00, 0x07, 0x68, 0xF7, 0xFF, 0xA5, 0x00, 0x00, 0x00, 0x00, 0x00, 0x24, 0xD5,
0xFF, 0xFF, 0xDE, 0xB0, 0x9B, 0xB6, 0xEA, 0xFF, 0xFF, 0x90, 0x04, 0x00, 0x00, 0x00, 0x00, 0x00,
0x00, 0x0D, 0x7E, 0xDE, 0xFF, 0xFF, 0xFF, 0xFF, 0xFF, 0xDD, 0x33, 0x00, 0x00, 0x00, 0x00, 0x00,
0x00, 0x00, 0x00, 0x00, 0x00, 0x00, 0x18, 0x34, 0x32, 0x90, 0xFE, 0xFF, 0xDE, 0x76, 0x14, 0x00,
0x00, 0x00, 0x00, 0x00, 0x00, 0x00, 0x00, 0x00, 0x00, 0x00, 0x00, 0x00, 0x37, 0xC0, 0xFF, 0xFF,
0xFC, 0xC4, 0x7C, 0x25, 0x00, 0x00, 0x00, 0x00, 0x00, 0x00, 0x00, 0x00, 0x00, 0x00, 0x00, 0x00,
0x40, 0xBC, 0xFE, 0xFF, 0xFB, 0x30, 0x00, 0x00, 0x00, 0x00, 0x00, 0x00, 0x00, 0x00, 0x00, 0x00,
0x00, 0x00, 0x00, 0x00, 0x23, 0x85, 0x76, 0x00, 0xA6, 0xF8, 0xF8, 0xF8, 0xF8, 0xF3, 0xE0, 0xB0,
0x54, 0x00, 0x00, 0x00, 0x00, 0xAC, 0xFF, 0xE7, 0xCC, 0xCC, 0xDB, 0xF7, 0xFF, 0xFF, 0xB0, 0x04,
0x00, 0x00, 0xAC, 0xFF, 0x88, 0x00, 0x00, 0x00, 0x08, 0x6F, 0xFE, 0xFF, 0x6E, 0x00, 0x00, 0xAC,
0xFF, 0x88, 0x00, 0x00, 0x00, 0x00, 0x00, 0xA3, 0xFF, 0xC0, 0x00, 0x00, 0xAC, 0xFF, 0x88, 0x00,
0x00, 0x00, 0x00, 0x00, 0x73, 0xFF, 0xD4, 0x00, 0x00, 0xAC, 0xFF, 0x88, 0x00, 0x00, 0x00, 0x00,
0x00, 0x8B, 0xFF, 0xBA, 0x00, 0x00, 0xAC, 0xFF, 0x88, 0x00, 0x00, 0x00, 0x00, 0x0E, 0xE5, 0xFF,
0x68, 0x00, 0x00, 0xAC, 0xFF, 0x88, 0x00, 0x00, 0x00, 0x22, 0xC2, 0xFF, 0xCC, 0x05, 0x00, 0x00,
0xAC, 0xFF, 0xDC, 0xB4, 0xB6, 0xD0, 0xFE, 0xFF, 0xC1, 0x14, 0x00, 0x00, 0x00, 0xAC, 0xFF, 0xFF,
0xFF, 0xFF, 0xFF, 0xFF, 0x7D, 0x02, 0x00, 0x00, 0x00, 0x00, 0xAC, 0xFF, 0x91, 0x14, 0x14, 0xA6,
0xFF, 0xD0, 0x06, 0x00, 0x00, 0x00, 0x00, 0xAC, 0xFF, 0x88, 0x00, 0x00, 0x11, 0xE4, 0xFF, 0x8C,
0x00, 0x00, 0x00, 0x00, 0xAC, 0xFF, 0x88, 0x00, 0x00, 0x00, 0x46, 0xFF, 0xFE, 0x43, 0x00, 0x00,
0x00, 0xAC, 0xFF, 0x88, 0x00, 0x00, 0x00, 0x00, 0x95, 0xFF, 0xE4, 0x12, 0x00, 0x00, 0xAC, 0xFF,
0x88, 0x00, 0x00, 0x00, 0x00, 0x0A, 0xDA, 0xFF, 0xAD, 0x00, 0x00, 0xAC, 0xFF, 0x88, 0x00, 0x00,
0x00, 0x00, 0x00, 0x38, 0xFC, 0xFF, 0x63, 0x00, 0xAC, 0xFF, 0x88, 0x00, 0x00, 0x00, 0x00, 0x00,
0x00, 0x84, 0xFF, 0xF4, 0x24, 0x00, 0x00, 0x00, 0x00, 0x15, 0x2C, 0x28, 0x0A, 0x00, 0x00, 0x00,
0x00, 0x01, 0x65, 0xD5, 0xFF, 0xFF, 0xFF, 0xFD, 0xCF, 0x7D, 0x0A, 0x00, 0x98, 0xFF, 0xFF, 0xD3,
0xAE, 0xBC, 0xDE, 0xFF, 0xFA, 0x0A, 0x3B, 0xFF, 0xF8, 0x4A, 0x00, 0x00, 0x00, 0x00, 0x2B, 0x67,
0x00, 0x86, 0xFF, 0xAA, 0x00, 0x00, 0x00, 0x00, 0x00, 0x00, 0x00, 0x00, 0x96, 0xFF, 0x9D, 0x00,
0x00, 0x00, 0x00, 0x00, 0x00, 0x00, 0x00, 0x6D, 0xFF, 0xF0, 0x23, 0x00, 0x00, 0x00, 0x00, 0x00,
0x00, 0x00, 0x0F, 0xE5, 0xFF, 0xEB, 0x63, 0x04, 0x00, 0x00, 0x00, 0x00, 0x00, 0x00, 0x2D, 0xDF,
0xFF, 0xFF, 0xE1, 0x71, 0x0B, 0x00, 0x00, 0x00, 0x00, 0x00, 0x0B, 0x7E, 0xED, 0xFF, 0xFF, 0xEC,
0x6A, 0x01, 0x00, 0x00, 0x00, 0x00, 0x00, 0x0B, 0x6E, 0xE0, 0xFF, 0xFF, 0xA3, 0x00, 0x00, 0x00,
0x00, 0x00, 0x00, 0x00, 0x05, 0x88, 0xFF, 0xFF, 0x55, 0x00, 0x00, 0x00, 0x00, 0x00, 0x00, 0x00,
0x00, 0xB2, 0xFF, 0xA8, 0x00, 0x00, 0x00, 0x00, 0x00, 0x00, 0x00, 0x00, 0x75, 0xFF, 0xBB, 0x00,
0x00, 0x00, 0x00, 0x00, 0x00, 0x00, 0x00, 0x97, 0xFF, 0x9F, 0x40, 0x7B, 0x1B, 0x00, 0x00, 0x00,
0x00, 0x40, 0xF6, 0xFF, 0x4A, 0xB5, 0xFF, 0xFC, 0xCD, 0xA5, 0x9F, 0xC5, 0xFE, 0xFF, 0xA3, 0x00,
0x37, 0x94, 0xE8, 0xFF, 0xFF, 0xFF, 0xFF, 0xDB, 0x6C, 0x02, 0x00, 0x00, 0x00, 0x00, 0x1A, 0x33,
0x32, 0x1A, 0x00, 0x00, 0x00, 0x00, 0x75, 0xF8, 0xF8, 0xF8, 0xF8, 0xF8, 0xF8, 0xF8, 0xF8, 0xF8,
0xF8, 0xF8, 0xF8, 0x24, 0x8A, 0xE8, 0xE8, 0xE8, 0xE8, 0xEF, 0xFF, 0xFD, 0xE8, 0xE8, 0xE8, 0xE8,
0xE6, 0x05, 0x00, 0x00, 0x00, 0x00, 0x00, 0x54, 0xFF, 0xE0, 0x00, 0x00, 0x00, 0x00, 0x00, 0x00,
0x00, 0x00, 0x00, 0x00, 0x00, 0x54, 0xFF, 0xE0, 0x00, 0x00, 0x00, 0x00, 0x00, 0x00, 0x00, 0x00,
0x00, 0x00, 0x00, 0x54, 0xFF, 0xE0, 0x00, 0x00, 0x00, 0x00, 0x00, 0x00, 0x00, 0x00, 0x00, 0x00,
0x00, 0x54, 0xFF, 0xE0, 0x00, 0x00, 0x00, 0x00, 0x00, 0x00, 0x00, 0x00, 0x00, 0x00, 0x00, 0x54,
0xFF, 0xE0, 0x00, 0x00, 0x00, 0x00, 0x00, 0x00, 0x00, 0x00, 0x00, 0x00, 0x00, 0x54, 0xFF, 0xE0,
0x00, 0x00, 0x00, 0x00, 0x00, 0x00, 0x00, 0x00, 0x00, 0x00, 0x00, 0x54, 0xFF, 0xE0, 0x00, 0x00,
0x00, 0x00, 0x00, 0x00, 0x00, 0x00, 0x00, 0x00, 0x00, 0x54, 0xFF, 0xE0, 0x00, 0x00, 0x00, 0x00,
0x00, 0x00, 0x00, 0x00, 0x00, 0x00, 0x00, 0x54, 0xFF, 0xE0, 0x00, 0x00, 0x00, 0x00, 0x00, 0x00,
0x00, 0x00, 0x00, 0x00, 0x00, 0x54, 0xFF, 0xE0, 0x00, 0x00, 0x00, 0x00, 0x00, 0x00, 0x00, 0x00,
0x00, 0x00, 0x00, 0x54, 0xFF, 0xE0, 0x00, 0x00, 0x00, 0x00, 0x00, 0x00, 0x00, 0x00, 0x00, 0x00,
0x00, 0x54, 0xFF, 0xE0, 0x00, 0x00, 0x00, 0x00, 0x00, 0x00, 0x00, 0x00, 0x00, 0x00, 0x00, 0x54,
0xFF, 0xE0, 0x00, 0x00, 0x00, 0x00, 0x00, 0x00, 0x00, 0x00, 0x00, 0x00, 0x00, 0x54, 0xFF, 0xE0,
0x00, 0x00, 0x00, 0x00, 0x00, 0x00, 0x00, 0x00, 0x00, 0x00, 0x00, 0x54, 0xFF, 0xE0, 0x00, 0x00,
0x00, 0x00, 0x00, 0x00, 0xD1, 0xF8, 0x55, 0x00, 0x00, 0x00, 0x00, 0x00, 0x00, 0x00, 0x00, 0xC5,
0xF8, 0x60, 0xD8, 0xFF, 0x58, 0x00, 0x00, 0x00, 0x00, 0x00, 0x00, 0x00, 0x00, 0xCC, 0xFF, 0x64,
0xD8, 0xFF, 0x58, 0x00, 0x00, 0x00, 0x00, 0x00, 0x00, 0x00, 0x00, 0xCC, 0xFF, 0x64, 0xD8, 0xFF,
0x58, 0x00, 0x00, 0x00, 0x00, 0x00, 0x00, 0x00, 0x00, 0xCC, 0xFF, 0x64, 0xD8, 0xFF, 0x58, 0x00,
0x00, 0x00, 0x00, 0x00, 0x00, 0x00, 0x00, 0xCC, 0xFF, 0x64, 0xD8, 0xFF, 0x58, 0x00, 0x00, 0x00,
0x00, 0x00, 0x00, 0x00, 0x00, 0xCC, 0xFF, 0x64, 0xD8, 0xFF, 0x58, 0x00, 0x00, 0x00, 0x00, 0x00,
0x00, 0x00, 0x00, 0xCC, 0xFF, 0x64, 0xD8, 0xFF, 0x58, 0x00, 0x00, 0x00, 0x00, 0x00, 0x00, 0x00,
0x00, 0xCC, 0xFF, 0x64, 0xD8, 0xFF, 0x58, 0x00, 0x00, 0x00, 0x00, 0x00, 0x00, 0x00, 0x00, 0xCC,
0xFF, 0x64, 0xD8, 0xFF, 0x58, 0x00, 0x00, 0x00, 0x00, 0x00, 0x00, 0x00, 0x00, 0xCC, 0xFF, 0x64,
0xD8, 0xFF, 0x58, 0x00, 0x00, 0x00, 0x00, 0x00, 0x00, 0x00, 0x00, 0xCC, 0xFF, 0x64, 0xCD, 0xFF,
0x65, 0x00, 0x00, 0x00, 0x00, 0x00, 0x00, 0x00, 0x00, 0xDA, 0xFF, 0x59, 0xB0, 0xFF, 0x94, 0x00,
0x00, 0x00, 0x00, 0x00, 0x00, 0x00, 0x0D, 0xFC, 0xFF, 0x3C, 0x6A, 0xFF, 0xEC, 0x12, 0x00, 0x00,
0x00, 0x00, 0x00, 0x00, 0x70, 0xFF, 0xEF, 0x08, 0x0D, 0xE3, 0xFF, 0xC5, 0x20, 0x00, 0x00, 0x00,
0x00, 0x56, 0xF6, 0xFF, 0x83, 0x00, 0x00, 0x33, 0xEB, 0xFF, 0xFB, 0xC8, 0xA9, 0xB0, 0xDF, 0xFF,
0xFF, 0xB1, 0x03, 0x00, 0x00, 0x00, 0x16, 0x97, 0xEB, 0xFF, 0xFF, 0xFF, 0xFF, 0xCE, 0x64, 0x01,
0x00, 0x00, 0x00, 0x00, 0x00, 0x00, 0x03, 0x21, 0x37, 0x30, 0x14, 0x00, 0x00, 0x00, 0x00, 0x00,
0xCD, 0xF8, 0x95, 0x00, 0x00, 0x00, 0x00, 0x00, 0x00, 0x00, 0x00, 0x00, 0x34, 0xF8, 0xF1, 0x12,
0x74, 0xFF, 0xEF, 0x08, 0x00, 0x00, 0x00, 0x00, 0x00, 0x00, 0x00, 0x00, 0x93, 0xFF, 0xAB, 0x00,
0x16, 0xFA, 0xFF, 0x56, 0x00, 0x00, 0x00, 0x00, 0x00, 0x00, 0x00, 0x05, 0xEB, 0xFF, 0x48, 0x00,
0x00, 0xAE, 0xFF, 0xB5, 0x00, 0x00, 0x00, 0x00, 0x00, 0x00, 0x00, 0x50, 0xFF, 0xE3, 0x02, 0x00,
0x00, 0x4C, 0xFF, 0xFC, 0x18, 0x00, 0x00, 0x00, 0x00, 0x00, 0x00, 0xAF, 0xFF, 0x83, 0x00, 0x00,
0x00, 0x03, 0xE5, 0xFF, 0x74, 0x00, 0x00, 0x00, 0x00, 0x00, 0x13, 0xF9, 0xFE, 0x22, 0x00, 0x00,
0x00, 0x00, 0x87, 0xFF, 0xD3, 0x00, 0x00, 0x00, 0x00, 0x00, 0x6C, 0xFF, 0xBE, 0x00, 0x00, 0x00,
0x00, 0x00, 0x25, 0xFF, 0xFF, 0x32, 0x00, 0x00, 0x00, 0x00, 0xCB, 0xFF, 0x5B, 0x00, 0x00, 0x00,
0x00, 0x00, 0x00, 0xC2, 0xFF, 0x91, 0x00, 0x00, 0x00, 0x29, 0xFF, 0xF0, 0x09, 0x00, 0x00, 0x00,
0x00, 0x00, 0x00, 0x5F, 0xFF, 0xEB, 0x05, 0x00, 0x00, 0x88, 0xFF, 0x96, 0x00, 0x00, 0x00, 0x00,
0x00, 0x00, 0x00, 0x0A, 0xF2, 0xFF, 0x50, 0x00, 0x02, 0xE3, 0xFF, 0x34, 0x00, 0x00, 0x00, 0x00,
0x00, 0x00, 0x00, 0x00, 0x9A, 0xFF, 0xAF, 0x00, 0x45, 0xFF, 0xD1, 0x00, 0x00, 0x00, 0x00, 0x00,
0x00, 0x00, 0x00, 0x00, 0x38, 0xFF, 0xFA, 0x13, 0xA2, 0xFF, 0x6F, 0x00, 0x00, 0x00, 0x00, 0x00,
0x00, 0x00, 0x00, 0x00, 0x00, 0xD4, 0xFF, 0x67, 0xF3, 0xF9, 0x13, 0x00, 0x00, 0x00, 0x00, 0x00,
0x00, 0x00, 0x00, 0x00, 0x00, 0x73, 0xFF, 0xE6, 0xFF, 0xAA, 0x00, 0x00, 0x00, 0x00, 0x00, 0x00,
0x00, 0x00, 0x00, 0x00, 0x00, 0x15, 0xFA, 0xFF, 0xFF, 0x47, 0x00, 0x00, 0x00, 0x00, 0x00, 0x00,
0x00, 0x00, 0x00, 0x00, 0x00, 0x00, 0xAD, 0xFF, 0xE2, 0x02, 0x00, 0x00, 0x00, 0x00, 0x00, 0x00,
0x71, 0xF8, 0xD6, 0x00, 0x00, 0x00, 0x00, 0x00, 0x00, 0x00, 0xA3, 0xF8, 0xDD, 0x00, 0x00, 0x00,
0x00, 0x00, 0x00, 0x00, 0x81, 0xF8, 0xAE, 0x2D, 0xFF, 0xFF, 0x22, 0x00, 0x00, 0x00, 0x00, 0x00,
0x04, 0xEF, 0xFF, 0xFF, 0x31, 0x00, 0x00, 0x00, 0x00, 0x00, 0x00, 0xCA, 0xFF, 0x6D, 0x00, 0xE3,
0xFF, 0x68, 0x00, 0x00, 0x00, 0x00, 0x00, 0x3F, 0xFF, 0xF4, 0xFF, 0x7F, 0x00, 0x00, 0x00, 0x00,
0x00, 0x11, 0xFD, 0xFF, 0x24, 0x00, 0x9B, 0xFF, 0xAE, 0x00, 0x00, 0x00, 0x00, 0x00, 0x8A, 0xFF,
0x8C, 0xFF, 0xCD, 0x00, 0x00, 0x00, 0x00, 0x00, 0x54, 0xFF, 0xDB, 0x00, 0x00, 0x51, 0xFF, 0xF0,
0x03, 0x00, 0x00, 0x00, 0x00, 0xD6, 0xFF, 0x21, 0xED, 0xFF, 0x1B, 0x00, 0x00, 0x00, 0x00, 0x99,
0xFF, 0x93, 0x00, 0x00, 0x0D, 0xFA, 0xFF, 0x3A, 0x00, 0x00, 0x00, 0x21, 0xFF, 0xDB, 0x00, 0xA9,
0xFF, 0x68, 0x00, 0x00, 0x00, 0x00, 0xDE, 0xFF, 0x4A, 0x00, 0x00, 0x00, 0xBF, 0xFF, 0x80, 0x00,
0x00, 0x00, 0x6C, 0xFF, 0x93, 0x00, 0x5E, 0xFF, 0xB6, 0x00, 0x00, 0x00, 0x23, 0xFF, 0xF8, 0x0A,
0x00, 0x00, 0x00, 0x76, 0xFF, 0xC6, 0x00, 0x00, 0x00, 0xB8, 0xFF, 0x49, 0x00, 0x14, 0xFD, 0xF8,
0x0B, 0x00, 0x00, 0x68, 0xFF, 0xB9, 0x00, 0x00, 0x00, 0x00, 0x2D, 0xFF, 0xFC, 0x0F, 0x00, 0x0B,
0xF8, 0xF6, 0x08, 0x00, 0x00, 0xC5, 0xFF, 0x51, 0x00, 0x00, 0xAE, 0xFF, 0x70, 0x00, 0x00, 0x00,
0x00, 0x00, 0xE3, 0xFF, 0x52, 0x00, 0x4F, 0xFF, 0xB3, 0x00, 0x00, 0x00, 0x78, 0xFF, 0x9F, 0x00,
0x03, 0xEF, 0xFF, 0x28, 0x00, 0x00, 0x00, 0x00, 0x00, 0x9B, 0xFF, 0x97, 0x00, 0x99, 0xFF, 0x68,
0x00, 0x00, 0x00, 0x2B, 0xFF, 0xEA, 0x02, 0x38, 0xFF, 0xDF, 0x00, 0x00, 0x00, 0x00, 0x00, 0x00,
0x52, 0xFF, 0xD9, 0x00, 0xE0, 0xFF, 0x1D, 0x00, 0x00, 0x00, 0x00, 0xDE, 0xFF, 0x36, 0x7D, 0xFF,
0x97, 0x00, 0x00, 0x00, 0x00, 0x00, 0x00, 0x0E, 0xFA, 0xFF, 0x3F, 0xFF, 0xD1, 0x00, 0x00, 0x00,
0x00, 0x00, 0x92, 0xFF, 0x7D, 0xC0, 0xFF, 0x4E, 0x00, 0x00, 0x00, 0x00, 0x00, 0x00, 0x00, 0xC0,
0xFF, 0xB1, 0xFF, 0x86, 0x00, 0x00, 0x00, 0x00, 0x00, 0x45, 0xFF, 0xB9, 0xF7, 0xF9, 0x0C, 0x00,
0x00, 0x00, 0x00, 0x00, 0x00, 0x00, 0x77, 0xFF, 0xFD, 0xFF, 0x3B, 0x00, 0x00, 0x00, 0x00, 0x00,
0x06, 0xF2, 0xFD, 0xFF, 0xBD, 0x00, 0x00, 0x00, 0x00, 0x00, 0x00, 0x00, 0x00, 0x2E, 0xFF, 0xFF,
0xED, 0x03, 0x00, 0x00, 0x00, 0x00, 0x00, 0x00, 0xAB, 0xFF, 0xFF, 0x74, 0x00, 0x00, 0x00, 0x00,
0x00, 0x00, 0x00, 0x00, 0x00, 0xE4, 0xFF, 0xA5, 0x00, 0x00, 0x00, 0x00, 0x00, 0x00, 0x00, 0x5E,
0xFF, 0xFF, 0x2C, 0x00, 0x00, 0x00, 0x00, 0x43, 0xF7, 0xF7, 0x40, 0x00, 0x00, 0x00, 0x00, 0x00,
0x00, 0x43, 0xF7, 0xF4, 0x2E, 0x00, 0xA5, 0xFF, 0xD4, 0x04, 0x00, 0x00, 0x00, 0x00, 0x08, 0xDA,
0xFF, 0x8B, 0x00, 0x00, 0x15, 0xED, 0xFF, 0x73, 0x00, 0x00, 0x00, 0x00, 0x83, 0xFF, 0xDD, 0x0A,
0x00, 0x00, 0x00, 0x60, 0xFF, 0xF2, 0x1A, 0x00, 0x00, 0x29, 0xF9, 0xFF, 0x44, 0x00, 0x00, 0x00,
0x00, 0x00, 0xBC, 0xFF, 0xA7, 0x00, 0x01, 0xC1, 0xFF, 0x9F, 0x00, 0x00, 0x00, 0x00, 0x00, 0x00,
0x23, 0xF6, 0xFF, 0x41, 0x63, 0xFF, 0xE9, 0x12, 0x00, 0x00, 0x00, 0x00, 0x00, 0x00, 0x00, 0x78,
0xFF, 0xD8, 0xED, 0xFF, 0x58, 0x00, 0x00, 0x00, 0x00, 0x00, 0x00, 0x00, 0x00, 0x04, 0xD0, 0xFF,
0xFF, 0xB4, 0x00, 0x00, 0x00, 0x00, 0x00, 0x00, 0x00, 0x00, 0x00, 0x00, 0x7A, 0xFF, 0xFF, 0x70,
0x00, 0x00, 0x00, 0x00, 0x00, 0x00, 0x00, 0x00, 0x00, 0x1D, 0xF1, 0xFD, 0xFF, 0xF1, 0x1B, 0x00,
0x00, 0x00, 0x00, 0x00, 0x00, 0x00, 0x00, 0xB8, 0xFF, 0x91, 0xA6, 0xFF, 0xB2, 0x00, 0x00, 0x00,
0x00, 0x00, 0x00, 0x00, 0x62, 0xFF, 0xE2, 0x0C, 0x18, 0xF1, 0xFF, 0x58, 0x00, 0x00, 0x00, 0x00,
0x00, 0x1B, 0xF0, 0xFF, 0x4C, 0x00, 0x00, 0x6D, 0xFF, 0xEA, 0x13, 0x00, 0x00, 0x00, 0x00, 0xB4,
0xFF, 0xA9, 0x00, 0x00, 0x00, 0x03, 0xCD, 0xFF, 0xA4, 0x00, 0x00, 0x00, 0x5D, 0xFF, 0xEF, 0x18,
0x00, 0x00, 0x00, 0x00, 0x36, 0xFD, 0xFF, 0x49, 0x00, 0x18, 0xED, 0xFF, 0x63, 0x00, 0x00, 0x00,
0x00, 0x00, 0x00, 0x97, 0xFF, 0xE1, 0x0D, 0xAF, 0xFF, 0xC0, 0x01, 0x00, 0x00, 0x00, 0x00, 0x00,
0x00, 0x10, 0xE9, 0xFF, 0x95, 0xB9, 0xF8, 0x9C, 0x00, 0x00, 0x00, 0x00, 0x00, 0x00, 0x00, 0x12,
0xE9, 0xF6, 0x32, 0x35, 0xFE, 0xFD, 0x2A, 0x00, 0x00, 0x00, 0x00, 0x00, 0x00, 0x8E, 0xFF, 0xA6,
0x00, 0x00, 0xA6, 0xFF, 0xB0, 0x00, 0x00, 0x00, 0x00, 0x00, 0x20, 0xF8, 0xF8, 0x20, 0x00, 0x00,
0x1F, 0xF8, 0xFF, 0x39, 0x00, 0x00, 0x00, 0x00, 0xA5, 0xFF, 0x8A, 0x00, 0x00, 0x00, 0x00, 0x8A,
0xFF, 0xC1, 0x00, 0x00, 0x00, 0x32, 0xFE, 0xEB, 0x0F, 0x00, 0x00, 0x00, 0x00, 0x0F, 0xEC, 0xFF,
0x4A, 0x00, 0x00, 0xBC, 0xFF, 0x6D, 0x00, 0x00, 0x00, 0x00, 0x00, 0x00, 0x6E, 0xFF, 0xCF, 0x01,
0x45, 0xFF, 0xDA, 0x05, 0x00, 0x00, 0x00, 0x00, 0x00, 0x00, 0x05, 0xDB, 0xFF, 0x51, 0xC9, 0xFF,
0x50, 0x00, 0x00, 0x00, 0x00, 0x00, 0x00, 0x00, 0x00, 0x53, 0xFF, 0xE7, 0xFF, 0xC2, 0x00, 0x00,
0x00, 0x00, 0x00, 0x00, 0x00, 0x00, 0x00, 0x00, 0xC4, 0xFF, 0xFE, 0x35, 0x00, 0x00, 0x00, 0x00,
0x00, 0x00, 0x00, 0x00, 0x00, 0x00, 0x5F, 0xFF, 0xCF, 0x00, 0x00, 0x00, 0x00, 0x00, 0x00, 0x00,
0x00, 0x00, 0x00, 0x00, 0x5C, 0xFF, 0xCC, 0x00, 0x00, 0x00, 0x00, 0x00, 0x00, 0x00, 0x00, 0x00,
0x00, 0x00, 0x5C, 0xFF, 0xCC, 0x00, 0x00, 0x00, 0x00, 0x00, 0x00, 0x00, 0x00, 0x00, 0x00, 0x00,
0x5C, 0xFF, 0xCC, 0x00, 0x00, 0x00, 0x00, 0x00, 0x00, 0x00, 0x00, 0x00, 0x00, 0x00, 0x5C, 0xFF,
0xCC, 0x00, 0x00, 0x00, 0x00, 0x00, 0x00, 0x00, 0x00, 0x00, 0x00, 0x00, 0x5C, 0xFF, 0xCC, 0x00,
0x00, 0x00, 0x00, 0x00, 0x00, 0x00, 0x00, 0x00, 0x00, 0x00, 0x5C, 0xFF, 0xCC, 0x00, 0x00, 0x00,
0x00, 0x00, 0x00, 0x00, 0xB6, 0xF8, 0xF8, 0xF8, 0xF8, 0xF8, 0xF8, 0xF8, 0xF8, 0xF8, 0xF8, 0xD1,
0x00, 0x00, 0xCB, 0xEC, 0xEC, 0xEC, 0xEC, 0xEC, 0xEC, 0xEC, 0xEE, 0xFF, 0xFF, 0xA0, 0x00, 0x00,
0x00, 0x00, 0x00, 0x00, 0x00, 0x00, 0x00, 0x00, 0x7E, 0xFF, 0xEB, 0x17, 0x00, 0x00, 0x00, 0x00,
0x00, 0x00, 0x00, 0x00, 0x00, 0x32, 0xFA, 0xFF, 0x52, 0x00, 0x00, 0x00, 0x00, 0x00, 0x00, 0x00,
0x00, 0x00, 0x08, 0xD5, 0xFF, 0xA1, 0x00, 0x00, 0x00, 0x00, 0x00, 0x00, 0x00, 0x00, 0x00, 0x00,
0x8E, 0xFF, 0xE2, 0x0F, 0x00, 0x00, 0x00, 0x00, 0x00, 0x00, 0x00, 0x00, 0x00, 0x3F, 0xFE, 0xFE,
0x42, 0x00, 0x00, 0x00, 0x00, 0x00, 0x00, 0x00, 0x00, 0x00, 0x0D, 0xDF, 0xFF, 0x90, 0x00, 0x00,
0x00, 0x00, 0x00, 0x00, 0x00, 0x00, 0x00, 0x00, 0x9D, 0xFF, 0xD7, 0x09, 0x00, 0x00, 0x00, 0x00,
0x00, 0x00, 0x00, 0x00, 0x00, 0x4D, 0xFF, 0xFB, 0x34, 0x00, 0x00, 0x00, 0x00, 0x00, 0x00, 0x00,
0x00, 0x00, 0x14, 0xE8, 0xFF, 0x80, 0x00, 0x00, 0x00, 0x00, 0x00, 0x00, 0x00, 0x00, 0x00, 0x00,
0xAC, 0xFF, 0xCB, 0x04, 0x00, 0x00, 0x00, 0x00, 0x00, 0x00, 0x00, 0x00, 0x00, 0x5D, 0xFF, 0xF6,
0x28, 0x00, 0x00, 0x00, 0x00, 0x00, 0x00, 0x00, 0x00, 0x00, 0x1C, 0xEF, 0xFF, 0x6F, 0x00, 0x00,
0x00, 0x00, 0x00, 0x00, 0x00, 0x00, 0x00, 0x01, 0xBB, 0xFF, 0xBD, 0x01, 0x00, 0x00, 0x00, 0x00,
0x00, 0x00, 0x00, 0x00, 0x00, 0x56, 0xFF, 0xFF, 0xF6, 0xF0, 0xF0, 0xF0, 0xF0, 0xF0, 0xF0, 0xF0,
0xF0, 0xF0, 0x2A, 0x6C, 0xFF, 0xFF, 0xFF, 0xFF, 0xFF, 0xFF, 0xFF, 0xFF, 0xFF, 0xFF, 0xFF, 0xFF,
0x0F, 0x19, 0x24, 0x24, 0x24, 0x24, 0x20, 0xB8, 0xFF, 0xFF, 0xFF, 0xFF, 0xE4, 0xB8, 0xFF, 0xAA,
0x84, 0x84, 0x75, 0xB8, 0xFF, 0x50, 0x00, 0x00, 0x00, 0xB8, 0xFF, 0x50, 0x00, 0x00, 0x00, 0xB8,
0xFF, 0x50, 0x00, 0x00, 0x00, 0xB8, 0xFF, 0x50, 0x00, 0x00, 0x00, 0xB8, 0xFF, 0x50, 0x00, 0x00,
0x00, 0xB8, 0xFF, 0x50, 0x00, 0x00, 0x00, 0xB8, 0xFF, 0x50, 0x00, 0x00, 0x00, 0xB8, 0xFF, 0x50,
0x00, 0x00, 0x00, 0xB8, 0xFF, 0x50, 0x00, 0x00, 0x00, 0xB8, 0xFF, 0x50, 0x00, 0x00, 0x00, 0xB8,
0xFF, 0x50, 0x00, 0x00, 0x00, 0xB8, 0xFF, 0x50, 0x00, 0x00, 0x00, 0xB8, 0xFF, 0x50, 0x00, 0x00,
0x00, 0xB8, 0xFF, 0x50, 0x00, 0x00, 0x00, 0xB8, 0xFF, 0x50, 0x00, 0x00, 0x00, 0xB8, 0xFF, 0x50,
0x00, 0x00, 0x00, 0xB8, 0xFF, 0x50, 0x00, 0x00, 0x00, 0xB8, 0xFF, 0x50, 0x00, 0x00, 0x00, 0xB8,
0xFF, 0xD1, 0xBC, 0xBC, 0xA7, 0xA3, 0xE4, 0xE4, 0xE4, 0xE4, 0xCB, 0x19, 0x23, 0x00, 0x00, 0x00,
0x00, 0x00, 0x00, 0x00, 0x89, 0xFF, 0x2F, 0x00, 0x00, 0x00, 0x00, 0x00, 0x00, 0x39, 0xFF, 0x7F,
0x00, 0x00, 0x00, 0x00, 0x00, 0x00, 0x01, 0xE7, 0xD0, 0x00, 0x00, 0x00, 0x00, 0x00, 0x00, 0x00,
0x9A, 0xFF, 0x21, 0x00, 0x00, 0x00, 0x00, 0x00, 0x00, 0x4A, 0xFF, 0x71, 0x00, 0x00, 0x00, 0x00,
0x00, 0x00, 0x07, 0xF2, 0xC1, 0x00, 0x00, 0x00, 0x00, 0x00, 0x00, 0x00, 0xAA, 0xFC, 0x14, 0x00,
0x00, 0x00, 0x00, 0x00, 0x00, 0x5A, 0xFF, 0x62, 0x00, 0x00, 0x00, 0x00, 0x00, 0x00, 0x0F, 0xFA,
0xB2, 0x00, 0x00, 0x00, 0x00, 0x00, 0x00, 0x00, 0xBA, 0xF7, 0x0B, 0x00, 0x00, 0x00, 0x00, 0x00,
0x00, 0x6A, 0xFF, 0x53, 0x00, 0x00, 0x00, 0x00, 0x00, 0x00, 0x1B, 0xFE, 0xA4, 0x00, 0x00, 0x00,
0x00, 0x00, 0x00, 0x00, 0xCB, 0xEF, 0x05, 0x00, 0x00, 0x00, 0x00, 0x00, 0x00, 0x7B, 0xFF, 0x44,
0x00, 0x00, 0x00, 0x00, 0x00, 0x00, 0x2B, 0xFF, 0x95, 0x00, 0x00, 0x00, 0x00, 0x00, 0x00, 0x00,
0xDA, 0xE4, 0x01, 0x00, 0x00, 0x00, 0x00, 0x00, 0x00, 0x8B, 0xFF, 0x36, 0x00, 0x00, 0x00, 0x00,
0x00, 0x00, 0x3B, 0xFF, 0x86, 0x00, 0x00, 0x00, 0x00, 0x00, 0x00, 0x02, 0xE8, 0xD7, 0x00, 0x00,
0x00, 0x00, 0x00, 0x00, 0x00, 0x9B, 0xFF, 0x27, 0x00, 0x00, 0x00, 0x00, 0x00, 0x00, 0x4C, 0xFF,
0x77, 0x00, 0x00, 0x00, 0x00, 0x00, 0x00, 0x07, 0xDB, 0xAE, 0x06, 0x24, 0x24, 0x24, 0x24, 0x24,
0x10, 0x2C, 0xFF, 0xFF, 0xFF, 0xFF, 0xFF, 0x74, 0x16, 0x84, 0x84, 0x84, 0xCD, 0xFF, 0x74, 0x00,
0x00, 0x00, 0x00, 0x98, 0xFF, 0x74, 0x00, 0x00, 0x00, 0x00, 0x98, 0xFF, 0x74, 0x00, 0x00, 0x00,
0x00, 0x98, 0xFF, 0x74, 0x00, 0x00, 0x00, 0x00, 0x98, 0xFF, 0x74, 0x00, 0x00, 0x00, 0x00, 0x98,
0xFF, 0x74, 0x00, 0x00, 0x00, 0x00, 0x98, 0xFF, 0x74, 0x00, 0x00, 0x00, 0x00, 0x98, 0xFF, 0x74,
0x00, 0x00, 0x00, 0x00, 0x98, 0xFF, 0x74, 0x00, 0x00, 0x00, 0x00, 0x98, 0xFF, 0x74, 0x00, 0x00,
0x00, 0x00, 0x98, 0xFF, 0x74, 0x00, 0x00, 0x00, 0x00, 0x98, 0xFF, 0x74, 0x00, 0x00, 0x00, 0x00,
0x98, 0xFF, 0x74, 0x00, 0x00, 0x00, 0x00, 0x98, 0xFF, 0x74, 0x00, 0x00, 0x00, 0x00, 0x98, 0xFF,
0x74, 0x00, 0x00, 0x00, 0x00, 0x98, 0xFF, 0x74, 0x00, 0x00, 0x00, 0x00, 0x98, 0xFF, 0x74, 0x00,
0x00, 0x00, 0x00, 0x98, 0xFF, 0x74, 0x00, 0x00, 0x00, 0x00, 0x98, 0xFF, 0x74, 0x20, 0xBC, 0xBC,
0xBC, 0xE4, 0xFF, 0x74, 0x27, 0xE4, 0xE4, 0xE4, 0xE4, 0xE4, 0x67, 0x00, 0x00, 0x00, 0x00, 0x00,
0x0E, 0xE9, 0xE2, 0x08, 0x00, 0x00, 0x00, 0x00, 0x00, 0x00, 0x00, 0x00, 0x00, 0x00, 0x7B, 0xFF,
0xFF, 0x6C, 0x00, 0x00, 0x00, 0x00, 0x00, 0x00, 0x00, 0x00, 0x00, 0x0B, 0xEB, 0xD0, 0xE1, 0xE2,
0x05, 0x00, 0x00, 0x00, 0x00, 0x00, 0x00, 0x00, 0x00, 0x73, 0xFF, 0x56, 0x6C, 0xFF, 0x63, 0x00,
0x00, 0x00, 0x00, 0x00, 0x00, 0x00, 0x07, 0xE6, 0xDA, 0x02, 0x08, 0xE8, 0xDB, 0x03, 0x00, 0x00,
0x00, 0x00, 0x00, 0x00, 0x6B, 0xFF, 0x63, 0x00, 0x00, 0x75, 0xFF, 0x5A, 0x00, 0x00, 0x00, 0x00,
0x00, 0x05, 0xE1, 0xE4, 0x06, 0x00, 0x00, 0x0C, 0xED, 0xD4, 0x01, 0x00, 0x00, 0x00, 0x00, 0x63,
0xFF, 0x71, 0x00, 0x00, 0x00, 0x00, 0x7F, 0xFF, 0x51, 0x00, 0x00, 0x00, 0x03, 0xDB, 0xEC, 0x0B,
0x00, 0x00, 0x00, 0x00, 0x11, 0xF2, 0xCC, 0x00, 0x00, 0x00, 0x5B, 0xFF, 0x7E, 0x00, 0x00, 0x00,
0x00, 0x00, 0x00, 0x88, 0xFF, 0x47, 0x00, 0x01, 0xD4, 0xF3, 0x12, 0x00, 0x00, 0x00, 0x00, 0x00,
0x00, 0x16, 0xF6, 0xC2, 0x00, 0x29, 0xAC, 0x6B, 0x00, 0x00, 0x00, 0x00, 0x00, 0x00, 0x00, 0x00,
0x6F, 0xAC, 0x1C, 0x1D, 0xE8, 0xE8, 0xE8, 0xE8, 0xE8, 0xE8, 0xE8, 0xE8, 0xE8, 0xE8, 0xE8, 0x24,
0x0E, 0x70, 0x70, 0x70, 0x70, 0x70, 0x70, 0x70, 0x70, 0x70, 0x70, 0x70, 0x11, 0x00, 0x12, 0x2A,
0x00, 0x00, 0x00, 0x56, 0xFC, 0xFF, 0x62, 0x00, 0x00, 0x00, 0x52, 0xF9, 0xF5, 0x28, 0x00, 0x00,
0x00, 0x49, 0xF6, 0xD1, 0x08, 0x00, 0x00, 0x00, 0x40, 0xC5, 0x48, 0x00, 0x13, 0x5F, 0x9C, 0xC2,
0xCF, 0xBD, 0x84, 0x1B, 0x00, 0x00, 0x00, 0xCD, 0xFF, 0xFF, 0xEA, 0xE8, 0xFF, 0xFF, 0xEE, 0x2F,
0x00, 0x00, 0x6C, 0x66, 0x15, 0x00, 0x00, 0x1F, 0xBE, 0xFF, 0xC8, 0x00, 0x00, 0x00, 0x00, 0x00,
0x00, 0x00, 0x00, 0x17, 0xFC, 0xFF, 0x20, 0x00, 0x00, 0x00, 0x00, 0x00, 0x00, 0x00, 0x00, 0xD8,
0xFF, 0x47, 0x00, 0x00, 0x07, 0x42, 0x69, 0x77, 0x6E, 0x5C, 0xDA, 0xFF, 0x5B, 0x00, 0x64, 0xEF,
0xFF, 0xFF, 0xF2, 0xF3, 0xFE, 0xFF, 0xFF, 0x60, 0x50, 0xFF, 0xFA, 0x68, 0x10, 0x00, 0x00, 0x02,
0xCA, 0xFF, 0x60, 0xBE, 0xFF, 0x8A, 0x00, 0x00, 0x00, 0x00, 0x00, 0xC8, 0xFF, 0x60, 0xDD, 0xFF,
0x5A, 0x00, 0x00, 0x00, 0x00, 0x00, 0xCF, 0xFF, 0x60, 0xC3, 0xFF, 0x93, 0x00, 0x00, 0x00, 0x0B,
0x97, 0xFF, 0xFF, 0x60, 0x60, 0xFF, 0xFE, 0xA9, 0x7C, 0x9B, 0xEC, 0xE0, 0xCE, 0xFF, 0x65, 0x00,
0x79, 0xF3, 0xFF, 0xFF, 0xF4, 0x98, 0x13, 0x9A, 0xFF, 0x71, 0x00, 0x00, 0x09, 0x30, 0x2D, 0x09,
0x00, 0x00, 0x00, 0x00, 0x00, 0x00, 0x0A, 0x26, 0x07, 0x00, 0x00, 0x00, 0x00, 0x00, 0x00, 0x00,
0x00, 0x07, 0xFF, 0xFF, 0x24, 0x00, 0x00, 0x00, 0x00, 0x00, 0x00, 0x00, 0x00, 0x08, 0xFF, 0xFF,
0x24, 0x00, 0x00, 0x00, 0x00, 0x00, 0x00, 0x00, 0x00, 0x08, 0xFF, 0xFF, 0x24, 0x00, 0x00, 0x00,
0x00, 0x00, 0x00, 0x00, 0x00, 0x08, 0xFF, 0xFF, 0x24, 0x00, 0x00, 0x00, 0x00, 0x00, 0x00, 0x00,
0x00, 0x08, 0xFF, 0xFF, 0x24, 0x00, 0x00, 0x00, 0x00, 0x00, 0x00, 0x00, 0x00, 0x08, 0xFF, 0xFF,
0x24, 0x23, 0x8F, 0xC6, 0xC2, 0x89, 0x1C, 0x00, 0x00, 0x08, 0xFF, 0xFF, 0x83, 0xF8, 0xFF, 0xFB,
0xFF, 0xFF, 0xEB, 0x33, 0x00, 0x08, 0xFF, 0xFF, 0xFD, 0x87, 0x1A, 0x00, 0x2A, 0xC9, 0xFF, 0xD7,
0x06, 0x08, 0xFF, 0xFF, 0x52, 0x00, 0x00, 0x00, 0x00, 0x17, 0xF5, 0xFF, 0x4D, 0x08, 0xFF, 0xFF,
0x20, 0x00, 0x00, 0x00, 0x00, 0x00, 0xAF, 0xFF, 0x95, 0x08, 0xFF, 0xFF, 0x20, 0x00, 0x00, 0x00,
0x00, 0x00, 0x87, 0xFF, 0xB0, 0x08, 0xFF, 0xFF, 0x20, 0x00, 0x00, 0x00, 0x00, 0x00, 0x7B, 0xFF,
0xBD, 0x08, 0xFF, 0xFF, 0x20, 0x00, 0x00, 0x00, 0x00, 0x00, 0x87, 0xFF, 0xA9, 0x08, 0xFF, 0xFF,
0x20, 0x00, 0x00, 0x00, 0x00, 0x00, 0xB1, 0xFF, 0x86, 0x08, 0xFF, 0xFF, 0x20, 0x00, 0x00, 0x00,
0x00, 0x12, 0xF5, 0xFF, 0x3A, 0x08, 0xFF, 0xFF, 0x20, 0x00, 0x00, 0x00, 0x05, 0xAD, 0xFF, 0xC3,
0x01, 0x08, 0xFF, 0xFF, 0xC1, 0x88, 0x74, 0x89, 0xDB, 0xFF, 0xE5, 0x26, 0x00, 0x03, 0x95, 0xD6,
0xFE, 0xFF, 0xFF, 0xFF, 0xF8, 0xA3, 0x1C, 0x00, 0x00, 0x00, 0x00, 0x00, 0x0A, 0x2B, 0x3B, 0x2A,
0x0A, 0x00, 0x00, 0x00, 0x00, 0x00, 0x00, 0x01, 0x49, 0xA4, 0xC7, 0xC8, 0xA1, 0x5B, 0x08, 0x00,
0x0B, 0xB2, 0xFF, 0xFF, 0xF7, 0xF9, 0xFF, 0xFF, 0x68, 0x00, 0xA7, 0xFF, 0xDC, 0x3F, 0x01, 0x02,
0x29, 0x82, 0x11, 0x3D, 0xFF, 0xF8, 0x22, 0x00, 0x00, 0x00, 0x00, 0x00, 0x00, 0x98, 0xFF, 0xA1,
0x00, 0x00, 0x00, 0x00, 0x00, 0x00, 0x00, 0xD3, 0xFF, 0x62, 0x00, 0x00, 0x00, 0x00, 0x00, 0x00,
0x00, 0xEC, 0xFF, 0x4B, 0x00, 0x00, 0x00, 0x00, 0x00, 0x00, 0x00, 0xEC, 0xFF, 0x4C, 0x00, 0x00,
0x00, 0x00, 0x00, 0x00, 0x00, 0xD4, 0xFF, 0x6D, 0x00, 0x00, 0x00, 0x00, 0x00, 0x00, 0x00, 0x97,
0xFF, 0xBF, 0x00, 0x00, 0x00, 0x00, 0x00, 0x00, 0x00, 0x35, 0xFD, 0xFF, 0x6E, 0x00, 0x00, 0x00,
0x00, 0x10, 0x00, 0x00, 0x84, 0xFF, 0xFF, 0xC9, 0x8B, 0x8E, 0xB6, 0xF9, 0x2E, 0x00, 0x00, 0x61,
0xDA, 0xFF, 0xFF, 0xFF, 0xF8, 0xAD, 0x29, 0x00, 0x00, 0x00, 0x00, 0x1C, 0x34, 0x21, 0x04, 0x00,
0x00, 0x00, 0x00, 0x00, 0x00, 0x00, 0x00, 0x00, 0x00, 0x00, 0x12, 0x25, 0x00, 0x00, 0x00, 0x00,
0x00, 0x00, 0x00, 0x00, 0x4F, 0xFF, 0xD8, 0x00, 0x00, 0x00, 0x00, 0x00, 0x00, 0x00, 0x00, 0x50,
0xFF, 0xD8, 0x00, 0x00, 0x00, 0x00, 0x00, 0x00, 0x00, 0x00, 0x50, 0xFF, 0xD8, 0x00, 0x00, 0x00,
0x00, 0x00, 0x00, 0x00, 0x00, 0x50, 0xFF, 0xD8, 0x00, 0x00, 0x00, 0x00, 0x00, 0x00, 0x00, 0x00,
0x50, 0xFF, 0xD8, 0x00, 0x00, 0x02, 0x51, 0xA7, 0xC7, 0xC3, 0xA2, 0x9D, 0xFF, 0xD8, 0x00, 0x0F,
0xBE, 0xFF, 0xFF, 0xE7, 0xE1, 0xFB, 0xFF, 0xFF, 0xD8, 0x00, 0xB2, 0xFF, 0xD9, 0x32, 0x00, 0x00,
0x09, 0x75, 0xFF, 0xD8, 0x43, 0xFF, 0xF9, 0x23, 0x00, 0x00, 0x00, 0x00, 0x50, 0xFF, 0xD8, 0x99,
0xFF, 0xA8, 0x00, 0x00, 0x00, 0x00, 0x00, 0x50, 0xFF, 0xD8, 0xD3, 0xFF, 0x6A, 0x00, 0x00, 0x00,
0x00, 0x00, 0x50, 0xFF, 0xD8, 0xEA, 0xFF, 0x52, 0x00, 0x00, 0x00, 0x00, 0x00, 0x50, 0xFF, 0xD8,
0xF0, 0xFF, 0x4D, 0x00, 0x00, 0x00, 0x00, 0x00, 0x50, 0xFF, 0xD8, 0xDB, 0xFF, 0x64, 0x00, 0x00,
0x00, 0x00, 0x00, 0x50, 0xFF, 0xD8, 0xAB, 0xFF, 0xA4, 0x00, 0x00, 0x00, 0x00, 0x00, 0x55, 0xFF,
0xD8, 0x54, 0xFF, 0xFB, 0x3D, 0x00, 0x00, 0x00, 0x38, 0xE2, 0xFF, 0xDC, 0x00, 0xBB, 0xFF, 0xFA,
0xA9, 0x91, 0xC1, 0xFE, 0xCD, 0xFF, 0xE4, 0x00, 0x0A, 0x9A, 0xF8, 0xFF, 0xFF, 0xEC, 0x77, 0x1C,
0xFF, 0xEC, 0x00, 0x00, 0x00, 0x0D, 0x30, 0x2B, 0x04, 0x00, 0x00, 0x00, 0x00, 0x00, 0x00, 0x08,
0x63, 0xAF, 0xCB, 0xB5, 0x72, 0x0B, 0x00, 0x00, 0x00, 0x1C, 0xD1, 0xFF, 0xF6, 0xD4, 0xF5, 0xFF,
0xD7, 0x1A, 0x00, 0x02, 0xC7, 0xFF, 0xA2, 0x0B, 0x00, 0x09, 0xA5, 0xFF, 0xB8, 0x00, 0x56, 0xFF,
0xDA, 0x06, 0x00, 0x00, 0x00, 0x0C, 0xEB, 0xFF, 0x30, 0xAA, 0xFF, 0x82, 0x00, 0x00, 0x00, 0x00,
0x00, 0xB0, 0xFF, 0x76, 0xD9, 0xFF, 0xD3, 0xBC, 0xBC, 0xBC, 0xBC, 0xBC, 0xE2, 0xFF, 0x94, 0xEF,
0xFF, 0xD4, 0xC8, 0xC8, 0xC8, 0xC8, 0xC8, 0xC8, 0xC8, 0x7D, 0xE9, 0xFF, 0x44, 0x00, 0x00, 0x00,
0x00, 0x00, 0x00, 0x00, 0x00, 0xCF, 0xFF, 0x6E, 0x00, 0x00, 0x00, 0x00, 0x00, 0x00, 0x00, 0x00,
0x8C, 0xFF, 0xC7, 0x00, 0x00, 0x00, 0x00, 0x00, 0x00, 0x00, 0x00, 0x29, 0xF9, 0xFF, 0x83, 0x02,
0x00, 0x00, 0x00, 0x00, 0x27, 0x00, 0x00, 0x6F, 0xFE, 0xFF, 0xD8, 0x93, 0x87, 0xA1, 0xD6, 0xFF,
0x23, 0x00, 0x00, 0x4D, 0xCA, 0xFF, 0xFF, 0xFF, 0xFF, 0xEA, 0x91, 0x1B, 0x00, 0x00, 0x00, 0x00,
0x14, 0x30, 0x35, 0x1F, 0x01, 0x00, 0x00, 0x00, 0x00, 0x00, 0x00, 0x00, 0x1E, 0x30, 0x16, 0x00,
0x00, 0x00, 0x00, 0x19, 0xC6, 0xFF, 0xFF, 0xFF, 0xAC, 0x00, 0x00, 0x00, 0xB4, 0xFF, 0xE5, 0x8D,
0x97, 0x70, 0x00, 0x00, 0x11, 0xFE, 0xFF, 0x36, 0x00, 0x00, 0x00, 0x00, 0x00, 0x36, 0xFF, 0xF8,
0x00, 0x00, 0x00, 0x00, 0x00, 0x00, 0x3F, 0xFF, 0xE8, 0x00, 0x00, 0x00, 0x00, 0x00, 0x68, 0xA5,
0xFF, 0xF5, 0x94, 0x94, 0x94, 0x13, 0x1D, 0xFF, 0xFF, 0xFF, 0xFF, 0xFF, 0xFF, 0xF7, 0x04, 0x05,
0x18, 0x52, 0xFF, 0xEA, 0x18, 0x18, 0x15, 0x00, 0x00, 0x00, 0x40, 0xFF, 0xE8, 0x00, 0x00, 0x00,
0x00, 0x00, 0x00, 0x40, 0xFF, 0xE8, 0x00, 0x00, 0x00, 0x00, 0x00, 0x00, 0x40, 0xFF, 0xE8, 0x00,
0x00, 0x00, 0x00, 0x00, 0x00, 0x40, 0xFF, 0xE8, 0x00, 0x00, 0x00, 0x00, 0x00, 0x00, 0x40, 0xFF,
0xE8, 0x00, 0x00, 0x00, 0x00, 0x00, 0x00, 0x40, 0xFF, 0xE8, 0x00, 0x00, 0x00, 0x00, 0x00, 0x00,
0x40, 0xFF, 0xE8, 0x00, 0x00, 0x00, 0x00, 0x00, 0x00, 0x40, 0xFF, 0xE8, 0x00, 0x00, 0x00, 0x00,
0x00, 0x00, 0x40, 0xFF, 0xE8, 0x00, 0x00, 0x00, 0x00, 0x00, 0x00, 0x40, 0xFF, 0xE8, 0x00, 0x00,
0x00, 0x00, 0x00, 0x00, 0x03, 0x55, 0xA8, 0xC8, 0xBB, 0x90, 0x2F, 0x7C, 0x8B, 0x00, 0x11, 0xC2,
0xFF, 0xFF, 0xE4, 0xE9, 0xFF, 0xFF, 0xFF, 0xEA, 0x00, 0xB6, 0xFF, 0xD7, 0x2F, 0x00, 0x00, 0x1D,
0x9E, 0xFF, 0xE1, 0x47, 0xFF, 0xF9, 0x21, 0x00, 0x00, 0x00, 0x00, 0x4C, 0xFF, 0xDC, 0x9C, 0xFF,
0xA8, 0x00, 0x00, 0x00, 0x00, 0x00, 0x4C, 0xFF, 0xDC, 0xD4, 0xFF, 0x6A, 0x00, 0x00, 0x00, 0x00,
0x00, 0x4C, 0xFF, 0xDC, 0xEB, 0xFF, 0x52, 0x00, 0x00, 0x00, 0x00, 0x00, 0x4C, 0xFF, 0xDC, 0xEF,
0xFF, 0x4D, 0x00, 0x00, 0x00, 0x00, 0x00, 0x4C, 0xFF, 0xDC, 0xDB, 0xFF, 0x64, 0x00, 0x00, 0x00,
0x00, 0x00, 0x4C, 0xFF, 0xDC, 0xAA, 0xFF, 0xA4, 0x00, 0x00, 0x00, 0x00, 0x00, 0x58, 0xFF, 0xDC,
0x54, 0xFF, 0xFB, 0x3D, 0x00, 0x00, 0x00, 0x4C, 0xF2, 0xFF, 0xDC, 0x00, 0xBB, 0xFF, 0xFA, 0xA9,
0x91, 0xC3, 0xFF, 0xC8, 0xFF, 0xDC, 0x00, 0x0A, 0x9C, 0xF9, 0xFF, 0xFF, 0xE6, 0x5F, 0x4C, 0xFF,
0xDC, 0x00, 0x00, 0x00, 0x0E, 0x31, 0x2C, 0x03, 0x00, 0x56, 0xFF, 0xCE, 0x00, 0x00, 0x00, 0x00,
0x00, 0x00, 0x00, 0x00, 0x84, 0xFF, 0xAC, 0x00, 0x32, 0x10, 0x00, 0x00, 0x00, 0x00, 0x22, 0xE9,
0xFF, 0x53, 0x00, 0xD3, 0xF7, 0xB2, 0x8B, 0x79, 0x9D, 0xF5, 0xFF, 0xB3, 0x01, 0x01, 0x75, 0xD3,
0xFF, 0xFF, 0xFF, 0xFF, 0xEE, 0x86, 0x07, 0x00, 0x00, 0x00, 0x00, 0x17, 0x3A, 0x42, 0x2D, 0x05,
0x00, 0x00, 0x00, 0x00, 0x0A, 0x26, 0x06, 0x00, 0x00, 0x00, 0x00, 0x00, 0x00, 0x00, 0x00, 0x07,
0xFF, 0xFF, 0x20, 0x00, 0x00, 0x00, 0x00, 0x00, 0x00, 0x00, 0x00, 0x08, 0xFF, 0xFF, 0x20, 0x00,
0x00, 0x00, 0x00, 0x00, 0x00, 0x00, 0x00, 0x08, 0xFF, 0xFF, 0x20, 0x00, 0x00, 0x00, 0x00, 0x00,
0x00, 0x00, 0x00, 0x08, 0xFF, 0xFF, 0x20, 0x00, 0x00, 0x00, 0x00, 0x00, 0x00, 0x00, 0x00, 0x08,
0xFF, 0xFF, 0x20, 0x00, 0x00, 0x00, 0x00, 0x00, 0x00, 0x00, 0x00, 0x08, 0xFF, 0xFF, 0x20, 0x06,
0x66, 0xB5, 0xCD, 0xB2, 0x4E, 0x00, 0x00, 0x08, 0xFF, 0xFF, 0x3F, 0xD0, 0xFF, 0xFC, 0xFF, 0xFF,
0xFF, 0x64, 0x00, 0x08, 0xFF, 0xFF, 0xF1, 0xC5, 0x3E, 0x04, 0x15, 0xAE, 0xFF, 0xEA, 0x05, 0x08,
0xFF, 0xFF, 0x9E, 0x03, 0x00, 0x00, 0x00, 0x17, 0xFD, 0xFF, 0x31, 0x08, 0xFF, 0xFF, 0x20, 0x00,
0x00, 0x00, 0x00, 0x00, 0xE7, 0xFF, 0x4A, 0x08, 0xFF, 0xFF, 0x20, 0x00, 0x00, 0x00, 0x00, 0x00,
0xD8, 0xFF, 0x50, 0x08, 0xFF, 0xFF, 0x20, 0x00, 0x00, 0x00, 0x00, 0x00, 0xD8, 0xFF, 0x50, 0x08,
0xFF, 0xFF, 0x20, 0x00, 0x00, 0x00, 0x00, 0x00, 0xD8, 0xFF, 0x50, 0x08, 0xFF, 0xFF, 0x20, 0x00,
0x00, 0x00, 0x00, 0x00, 0xD8, 0xFF, 0x50, 0x08, 0xFF, 0xFF, 0x20, 0x00, 0x00, 0x00, 0x00, 0x00,
0xD8, 0xFF, 0x50, 0x08, 0xFF, 0xFF, 0x20, 0x00, 0x00, 0x00, 0x00, 0x00, 0xD8, 0xFF, 0x50, 0x08,
0xFF, 0xFF, 0x20, 0x00, 0x00, 0x00, 0x00, 0x00, 0xD8, 0xFF, 0x50, 0x08, 0xFF, 0xFF, 0x20, 0x00,
0x00, 0x00, 0x00, 0x00, 0xD8, 0xFF, 0x50, 0x00, 0x60, 0x6B, 0x05, 0x45, 0xFF, 0xFF, 0x67, 0x30,
0xFD, 0xFF, 0x4E, 0x00, 0x2A, 0x32, 0x00, 0x00, 0x00, 0x00, 0x00, 0x04, 0x94, 0x94, 0x12, 0x08,
0xFF, 0xFF, 0x20, 0x08, 0xFF, 0xFF, 0x20, 0x08, 0xFF, 0xFF, 0x20, 0x08, 0xFF, 0xFF, 0x20, 0x08,
0xFF, 0xFF, 0x20, 0x08, 0xFF, 0xFF, 0x20, 0x08, 0xFF, 0xFF, 0x20, 0x08, 0xFF, 0xFF, 0x20, 0x08,
0xFF, 0xFF, 0x20, 0x08, 0xFF, 0xFF, 0x20, 0x08, 0xFF, 0xFF, 0x20, 0x08, 0xFF, 0xFF, 0x20, 0x00,
0x00, 0x00, 0x5F, 0x6C, 0x05, 0x00, 0x00, 0x41, 0xFF, 0xFF, 0x6B, 0x00, 0x00, 0x2C, 0xFC, 0xFF,
0x51, 0x00, 0x00, 0x00, 0x29, 0x33, 0x00, 0x00, 0x00, 0x00, 0x00, 0x00, 0x00, 0x00, 0x00, 0x00,
0x94, 0x94, 0x17, 0x00, 0x00, 0x00, 0xFF, 0xFF, 0x28, 0x00, 0x00, 0x00, 0xFF, 0xFF, 0x28, 0x00,
0x00, 0x00, 0xFF, 0xFF, 0x28, 0x00, 0x00, 0x00, 0xFF, 0xFF, 0x28, 0x00, 0x00, 0x00, 0xFF, 0xFF,
0x28, 0x00, 0x00, 0x00, 0xFF, 0xFF, 0x28, 0x00, 0x00, 0x00, 0xFF, 0xFF, 0x28, 0x00, 0x00, 0x00,
0xFF, 0xFF, 0x28, 0x00, 0x00, 0x00, 0xFF, 0xFF, 0x28, 0x00, 0x00, 0x00, 0xFF, 0xFF, 0x28, 0x00,
0x00, 0x00, 0xFF, 0xFF, 0x28, 0x00, 0x00, 0x00, 0xFF, 0xFF, 0x28, 0x00, 0x00, 0x00, 0xFF, 0xFF,
0x28, 0x00, 0x00, 0x0B, 0xFF, 0xFF, 0x23, 0x00, 0x00, 0x40, 0xFF, 0xFD, 0x0B, 0x2B, 0x9F, 0xEB,
0xFF, 0xBE, 0x00, 0x68, 0xFF, 0xFF, 0xD5, 0x26, 0x00, 0x13, 0x41, 0x2C, 0x04, 0x00, 0x00, 0x00,
0x0A, 0x26, 0x06, 0x00, 0x00, 0x00, 0x00, 0x00, 0x00, 0x00, 0x00, 0x07, 0xFF, 0xFF, 0x20, 0x00,
0x00, 0x00, 0x00, 0x00, 0x00, 0x00, 0x00, 0x08, 0xFF, 0xFF, 0x20, 0x00, 0x00, 0x00, 0x00, 0x00,
0x00, 0x00, 0x00, 0x08, 0xFF, 0xFF, 0x20, 0x00, 0x00, 0x00, 0x00, 0x00, 0x00, 0x00, 0x00, 0x08,
0xFF, 0xFF, 0x20, 0x00, 0x00, 0x00, 0x00, 0x00, 0x00, 0x00, 0x00, 0x08, 0xFF, 0xFF, 0x20, 0x00,
0x00, 0x00, 0x00, 0x00, 0x00, 0x00, 0x00, 0x08, 0xFF, 0xFF, 0x20, 0x00, 0x00, 0x00, 0x00, 0x61,
0x94, 0x76, 0x00, 0x08, 0xFF, 0xFF, 0x20, 0x00, 0x00, 0x00, 0x64, 0xFF, 0xE8, 0x25, 0x00, 0x08,
0xFF, 0xFF, 0x20, 0x00, 0x00, 0x53, 0xFD, 0xEE, 0x2E, 0x00, 0x00, 0x08, 0xFF, 0xFF, 0x20, 0x00,
0x44, 0xF9, 0xF3, 0x37, 0x00, 0x00, 0x00, 0x08, 0xFF, 0xFF, 0x20, 0x37, 0xF3, 0xF7, 0x40, 0x00,
0x00, 0x00, 0x00, 0x08, 0xFF, 0xFF, 0x4A, 0xED, 0xFF, 0x5E, 0x00, 0x00, 0x00, 0x00, 0x00, 0x08,
0xFF, 0xFF, 0xF2, 0xFF, 0xFF, 0xBC, 0x02, 0x00, 0x00, 0x00, 0x00, 0x08, 0xFF, 0xFF, 0xE9, 0x4C,
0xE7, 0xFF, 0x7B, 0x00, 0x00, 0x00, 0x00, 0x08, 0xFF, 0xFF, 0x33, 0x00, 0x47, 0xFE, 0xFC, 0x3C,
0x00, 0x00, 0x00, 0x08, 0xFF, 0xFF, 0x20, 0x00, 0x00, 0x8D, 0xFF, 0xE3, 0x12, 0x00, 0x00, 0x08,
0xFF, 0xFF, 0x20, 0x00, 0x00, 0x06, 0xCE, 0xFF, 0xB2, 0x00, 0x00, 0x08, 0xFF, 0xFF, 0x20, 0x00,
0x00, 0x00, 0x27, 0xF5, 0xFF, 0x6F, 0x00, 0x08, 0xFF, 0xFF, 0x20, 0x00, 0x00, 0x00, 0x00, 0x64,
0xFF, 0xF9, 0x33, 0x00, 0x0D, 0x29, 0x00, 0x00, 0x00, 0x23, 0xFF, 0xFF, 0x04, 0x00, 0x00, 0x24,
0xFF, 0xFF, 0x04, 0x00, 0x00, 0x24, 0xFF, 0xFF, 0x04, 0x00, 0x00, 0x24, 0xFF, 0xFF, 0x04, 0x00,
0x00, 0x24, 0xFF, 0xFF, 0x04, 0x00, 0x00, 0x24, 0xFF, 0xFF, 0x04, 0x00, 0x00, 0x24, 0xFF, 0xFF,
0x04, 0x00, 0x00, 0x24, 0xFF, 0xFF, 0x04, 0x00, 0x00, 0x24, 0xFF, 0xFF, 0x04, 0x00, 0x00, 0x24,
0xFF, 0xFF, 0x04, 0x00, 0x00, 0x24, 0xFF, 0xFF, 0x04, 0x00, 0x00, 0x24, 0xFF, 0xFF, 0x04, 0x00,
0x00, 0x24, 0xFF, 0xFF, 0x04, 0x00, 0x00, 0x24, 0xFF, 0xFF, 0x04, 0x00, 0x00, 0x24, 0xFF, 0xFF,
0x04, 0x00, 0x00, 0x19, 0xFF, 0xFF, 0x19, 0x00, 0x00, 0x01, 0xEC, 0xFF, 0xC9, 0x90, 0x00, 0x00,
0x5A, 0xF7, 0xFF, 0xFF, 0x12, 0x00, 0x00, 0x0F, 0x33, 0x20, 0x00, 0x14, 0x94, 0x81, 0x00, 0x05,
0x64, 0xB5, 0xCA, 0xA1, 0x2B, 0x00, 0x00, 0x14, 0x7D, 0xBC, 0xCC, 0x9D, 0x23, 0x00, 0x1F, 0xFF,
0xF4, 0x20, 0xCE, 0xFF, 0xFC, 0xFF, 0xFF, 0xF2, 0x2E, 0x40, 0xE9, 0xFF, 0xFC, 0xFF, 0xFF, 0xED,
0x20, 0x1A, 0xFF, 0xFF, 0xE8, 0xC1, 0x3B, 0x03, 0x26, 0xD4, 0xFF, 0xD9, 0xF7, 0xAB, 0x2A, 0x01,
0x32, 0xE0, 0xFF, 0x99, 0x15, 0xFF, 0xFF, 0x98, 0x02, 0x00, 0x00, 0x00, 0x4E, 0xFF, 0xFF, 0x83,
0x00, 0x00, 0x00, 0x00, 0x64, 0xFF, 0xD8, 0x14, 0xFF, 0xFF, 0x14, 0x00, 0x00, 0x00, 0x00, 0x24,
0xFF, 0xFF, 0x00, 0x00, 0x00, 0x00, 0x00, 0x38, 0xFF, 0xF1, 0x14, 0xFF, 0xFF, 0x14, 0x00, 0x00,
0x00, 0x00, 0x1C, 0xFF, 0xFF, 0x00, 0x00, 0x00, 0x00, 0x00, 0x30, 0xFF, 0xF8, 0x14, 0xFF, 0xFF,
0x14, 0x00, 0x00, 0x00, 0x00, 0x1C, 0xFF, 0xFF, 0x00, 0x00, 0x00, 0x00, 0x00, 0x30, 0xFF, 0xF8,
0x14, 0xFF, 0xFF, 0x14, 0x00, 0x00, 0x00, 0x00, 0x1C, 0xFF, 0xFF, 0x00, 0x00, 0x00, 0x00, 0x00,
0x30, 0xFF, 0xF8, 0x14, 0xFF, 0xFF, 0x14, 0x00, 0x00, 0x00, 0x00, 0x1C, 0xFF, 0xFF, 0x00, 0x00,
0x00, 0x00, 0x00, 0x30, 0xFF, 0xF8, 0x14, 0xFF, 0xFF, 0x14, 0x00, 0x00, 0x00, 0x00, 0x1C, 0xFF,
0xFF, 0x00, 0x00, 0x00, 0x00, 0x00, 0x30, 0xFF, 0xF8, 0x14, 0xFF, 0xFF, 0x14, 0x00, 0x00, 0x00,
0x00, 0x1C, 0xFF, 0xFF, 0x00, 0x00, 0x00, 0x00, 0x00, 0x30, 0xFF, 0xF8, 0x14, 0xFF, 0xFF, 0x14,
0x00, 0x00, 0x00, 0x00, 0x1C, 0xFF, 0xFF, 0x00, 0x00, 0x00, 0x00, 0x00, 0x30, 0xFF, 0xF8, 0x14,
0xFF, 0xFF, 0x14, 0x00, 0x00, 0x00, 0x00, 0x1C, 0xFF, 0xFF, 0x00, 0x00, 0x00, 0x00, 0x00, 0x30,
0xFF, 0xF8, 0x13, 0x94, 0x82, 0x00, 0x07, 0x67, 0xB5, 0xCD, 0xB2, 0x4C, 0x00, 0x00, 0x17, 0xFF,
0xF8, 0x22, 0xD2, 0xFF, 0xFC, 0xFF, 0xFF, 0xFF, 0x5D, 0x00, 0x10, 0xFF, 0xFF, 0xE9, 0xCA, 0x40,
0x04, 0x18, 0xB5, 0xFF, 0xE5, 0x02, 0x0C, 0xFF, 0xFF, 0xA8, 0x05, 0x00, 0x00, 0x00, 0x1E, 0xFF,
0xFF, 0x2A, 0x0C, 0xFF, 0xFF, 0x1C, 0x00, 0x00, 0x00, 0x00, 0x00, 0xEC, 0xFF, 0x45, 0x0C, 0xFF,
0xFF, 0x1C, 0x00, 0x00, 0x00, 0x00, 0x00, 0xDC, 0xFF, 0x4C, 0x0C, 0xFF, 0xFF, 0x1C, 0x00, 0x00,
0x00, 0x00, 0x00, 0xDC, 0xFF, 0x4C, 0x0C, 0xFF, 0xFF, 0x1C, 0x00, 0x00, 0x00, 0x00, 0x00, 0xDC,
0xFF, 0x4C, 0x0C, 0xFF, 0xFF, 0x1C, 0x00, 0x00, 0x00, 0x00, 0x00, 0xDC, 0xFF, 0x4C, 0x0C, 0xFF,
0xFF, 0x1C, 0x00, 0x00, 0x00, 0x00, 0x00, 0xDC, 0xFF, 0x4C, 0x0C, 0xFF, 0xFF, 0x1C, 0x00, 0x00,
0x00, 0x00, 0x00, 0xDC, 0xFF, 0x4C, 0x0C, 0xFF, 0xFF, 0x1C, 0x00, 0x00, 0x00, 0x00, 0x00, 0xDC,
0xFF, 0x4C, 0x0C, 0xFF, 0xFF, 0x1C, 0x00, 0x00, 0x00, 0x00, 0x00, 0xDC, 0xFF, 0x4C, 0x00, 0x00,
0x00, 0x44, 0xA0, 0xC4, 0xC3, 0x9C, 0x3D, 0x00, 0x00, 0x00, 0x00, 0x0C, 0xAF, 0xFF, 0xFF, 0xF1,
0xF8, 0xFF, 0xFF, 0x9E, 0x06, 0x00, 0x00, 0xAB, 0xFF, 0xC9, 0x2D, 0x00, 0x02, 0x4D, 0xEA, 0xFF,
0x8E, 0x00, 0x44, 0xFF, 0xF5, 0x15, 0x00, 0x00, 0x00, 0x00, 0x4B, 0xFF, 0xFD, 0x25, 0xA0, 0xFF,
0x9A, 0x00, 0x00, 0x00, 0x00, 0x00, 0x00, 0xD5, 0xFF, 0x7C, 0xD6, 0xFF, 0x66, 0x00, 0x00, 0x00,
0x00, 0x00, 0x00, 0x9C, 0xFF, 0xAC, 0xEE, 0xFF, 0x4B, 0x00, 0x00, 0x00, 0x00, 0x00, 0x00, 0x7F,
0xFF, 0xC4, 0xE7, 0xFF, 0x53, 0x00, 0x00, 0x00, 0x00, 0x00, 0x00, 0x86, 0xFF, 0xB7, 0xCA, 0xFF,
0x7C, 0x00, 0x00, 0x00, 0x00, 0x00, 0x00, 0xA4, 0xFF, 0x98, 0x7F, 0xFF, 0xD3, 0x02, 0x00, 0x00,
0x00, 0x00, 0x0B, 0xEE, 0xFF, 0x49, 0x1C, 0xF1, 0xFF, 0x88, 0x00, 0x00, 0x00, 0x00, 0x8D, 0xFF,
0xCF, 0x04, 0x00, 0x54, 0xFA, 0xFF, 0xD1, 0x8D, 0x87, 0xCB, 0xFF, 0xE7, 0x28, 0x00, 0x00, 0x00,
0x3A, 0xBF, 0xFF, 0xFF, 0xFF, 0xF6, 0xA1, 0x19, 0x00, 0x00, 0x00, 0x00, 0x00, 0x00, 0x12, 0x30,
0x29, 0x09, 0x00, 0x00, 0x00, 0x00, 0x12, 0x94, 0x84, 0x00, 0x25, 0x90, 0xC5, 0xC2, 0x87, 0x18,
0x00, 0x00, 0x16, 0xFF, 0xFB, 0x6F, 0xF9, 0xFF, 0xFA, 0xFF, 0xFF, 0xE7, 0x2D, 0x00, 0x10, 0xFF,
0xFF, 0xF9, 0x81, 0x19, 0x00, 0x2D, 0xCE, 0xFF, 0xD0, 0x03, 0x0C, 0xFF, 0xFF, 0x4B, 0x00, 0x00,
0x00, 0x00, 0x1C, 0xF8, 0xFF, 0x44, 0x0C, 0xFF, 0xFF, 0x1C, 0x00, 0x00, 0x00, 0x00, 0x00, 0xB6,
0xFF, 0x8C, 0x0C, 0xFF, 0xFF, 0x1C, 0x00, 0x00, 0x00, 0x00, 0x00, 0x8E, 0xFF, 0xA8, 0x0C, 0xFF,
0xFF, 0x1C, 0x00, 0x00, 0x00, 0x00, 0x00, 0x83, 0xFF, 0xB5, 0x0C, 0xFF, 0xFF, 0x1C, 0x00, 0x00,
0x00, 0x00, 0x00, 0x90, 0xFF, 0xA2, 0x0C, 0xFF, 0xFF, 0x1C, 0x00, 0x00, 0x00, 0x00, 0x00, 0xBA,
0xFF, 0x81, 0x0C, 0xFF, 0xFF, 0x1C, 0x00, 0x00, 0x00, 0x00, 0x17, 0xF9, 0xFF, 0x36, 0x0C, 0xFF,
0xFF, 0x1C, 0x00, 0x00, 0x00, 0x07, 0xB4, 0xFF, 0xC4, 0x01, 0x0C, 0xFF, 0xFF, 0xD9, 0x90, 0x76,
0x89, 0xDD, 0xFF, 0xE7, 0x27, 0x00, 0x0C, 0xFF, 0xFF, 0xDE, 0xFF, 0xFF, 0xFF, 0xFB, 0xA9, 0x1E,
0x00, 0x00, 0x0C, 0xFF, 0xFF, 0x1C, 0x18, 0x35, 0x2F, 0x0D, 0x00, 0x00, 0x00, 0x00, 0x0C, 0xFF,
0xFF, 0x1C, 0x00, 0x00, 0x00, 0x00, 0x00, 0x00, 0x00, 0x00, 0x0C, 0xFF, 0xFF, 0x1C, 0x00, 0x00,
0x00, 0x00, 0x00, 0x00, 0x00, 0x00, 0x0C, 0xFF, 0xFF, 0x1C, 0x00, 0x00, 0x00, 0x00, 0x00, 0x00,
0x00, 0x00, 0x0C, 0xFF, 0xFF, 0x1C, 0x00, 0x00, 0x00, 0x00, 0x00, 0x00, 0x00, 0x00, 0x03, 0x39,
0x1D, 0x01, 0x00, 0x00, 0x00, 0x00, 0x00, 0x00, 0x00, 0x00, 0x00, 0x00, 0x02, 0x54, 0xA9, 0xC9,
0xBA, 0x8C, 0x2C, 0x7C, 0x8B, 0x00, 0x0F, 0xC0, 0xFF, 0xFF, 0xE4, 0xEB, 0xFF, 0xFF, 0xFF, 0xEA,
0x00, 0xB3, 0xFF, 0xD8, 0x2F, 0x00, 0x00, 0x21, 0xA2, 0xFF, 0xE1, 0x43, 0xFF, 0xF9, 0x22, 0x00,
0x00, 0x00, 0x00, 0x50, 0xFF, 0xDC, 0x99, 0xFF, 0xA6, 0x00, 0x00, 0x00, 0x00, 0x00, 0x50, 0xFF,
0xDC, 0xD2, 0xFF, 0x69, 0x00, 0x00, 0x00, 0x00, 0x00, 0x50, 0xFF, 0xDC, 0xEA, 0xFF, 0x51, 0x00,
0x00, 0x00, 0x00, 0x00, 0x50, 0xFF, 0xDC, 0xF0, 0xFF, 0x4D, 0x00, 0x00, 0x00, 0x00, 0x00, 0x50,
0xFF, 0xDC, 0xDB, 0xFF, 0x65, 0x00, 0x00, 0x00, 0x00, 0x00, 0x50, 0xFF, 0xDC, 0xAC, 0xFF, 0xA6,
0x00, 0x00, 0x00, 0x00, 0x00, 0x5B, 0xFF, 0xDC, 0x56, 0xFF, 0xFC, 0x40, 0x00, 0x00, 0x00, 0x4E,
0xF2, 0xFF, 0xDC, 0x01, 0xBC, 0xFF, 0xFB, 0xAA, 0x91, 0xC3, 0xFF, 0xC8, 0xFF, 0xDC, 0x00, 0x0A,
0x9D, 0xF9, 0xFF, 0xFF, 0xE6, 0x63, 0x48, 0xFF, 0xDC, 0x00, 0x00, 0x00, 0x0E, 0x31, 0x29, 0x04,
0x00, 0x48, 0xFF, 0xDC, 0x00, 0x00, 0x00, 0x00, 0x00, 0x00, 0x00, 0x00, 0x48, 0xFF, 0xDC, 0x00,
0x00, 0x00, 0x00, 0x00, 0x00, 0x00, 0x00, 0x48, 0xFF, 0xDC, 0x00, 0x00, 0x00, 0x00, 0x00, 0x00,
0x00, 0x00, 0x48, 0xFF, 0xDC, 0x00, 0x00, 0x00, 0x00, 0x00, 0x00, 0x00, 0x00, 0x48, 0xFF, 0xDC,
0x00, 0x00, 0x00, 0x00, 0x00, 0x00, 0x00, 0x00, 0x13, 0x33, 0x15, 0x13, 0x94, 0x80, 0x00, 0x0D,
0x90, 0xCA, 0x9D, 0x19, 0xFF, 0xF2, 0x11, 0xD5, 0xFF, 0xFF, 0xB5, 0x10, 0xFF, 0xFF, 0xB2, 0xE5,
0x62, 0x2A, 0x1F, 0x0C, 0xFF, 0xFF, 0xE4, 0x1F, 0x00, 0x00, 0x00, 0x0C, 0xFF, 0xFF, 0x42, 0x00,
0x00, 0x00, 0x00, 0x0C, 0xFF, 0xFF, 0x1C, 0x00, 0x00, 0x00, 0x00, 0x0C, 0xFF, 0xFF, 0x1C, 0x00,
0x00, 0x00, 0x00, 0x0C, 0xFF, 0xFF, 0x1C, 0x00, 0x00, 0x00, 0x00, 0x0C, 0xFF, 0xFF, 0x1C, 0x00,
0x00, 0x00, 0x00, 0x0C, 0xFF, 0xFF, 0x1C, 0x00, 0x00, 0x00, 0x00, 0x0C, 0xFF, 0xFF, 0x1C, 0x00,
0x00, 0x00, 0x00, 0x0C, 0xFF, 0xFF, 0x1C, 0x00, 0x00, 0x00, 0x00, 0x0C, 0xFF, 0xFF, 0x1C, 0x00,
0x00, 0x00, 0x00, 0x00, 0x00, 0x2B, 0x95, 0xC4, 0xC9, 0xAD, 0x74, 0x1D, 0x00, 0x00, 0x45, 0xFA,
0xFF, 0xE3, 0xD2, 0xF3, 0xFF, 0xC6, 0x00, 0x00, 0xCC, 0xFF, 0x72, 0x00, 0x00, 0x00, 0x3A, 0x48,
0x00, 0x00, 0xF4, 0xFF, 0x1E, 0x00, 0x00, 0x00, 0x00, 0x00, 0x00, 0x00, 0xD4, 0xFF, 0xB7, 0x18,
0x00, 0x00, 0x00, 0x00, 0x00, 0x00, 0x52, 0xFD, 0xFF, 0xF7, 0x9F, 0x2F, 0x00, 0x00, 0x00, 0x00,
0x00, 0x41, 0xCE, 0xFF, 0xFF, 0xFF, 0xAE, 0x16, 0x00, 0x00, 0x00, 0x00, 0x00, 0x40, 0xAB, 0xFD,
0xFF, 0xCD, 0x02, 0x00, 0x00, 0x00, 0x00, 0x00, 0x00, 0x3A, 0xF7, 0xFF, 0x3D, 0x00, 0x00, 0x00,
0x00, 0x00, 0x00, 0x00, 0xBB, 0xFF, 0x52, 0x00, 0x0A, 0x00, 0x00, 0x00, 0x00, 0x11, 0xE9, 0xFF,
0x29, 0x00, 0xDE, 0xC4, 0x90, 0x77, 0x8B, 0xE1, 0xFF, 0xAA, 0x00, 0x10, 0xBA, 0xF9, 0xFF, 0xFF,
0xFF, 0xEE, 0x89, 0x08, 0x00, 0x00, 0x00, 0x06, 0x20, 0x35, 0x27, 0x04, 0x00, 0x00, 0x00, 0x00,
0x00, 0x44, 0xA7, 0x4F, 0x00, 0x00, 0x00, 0x00, 0x00, 0x00, 0x8B, 0xFF, 0x68, 0x00, 0x00, 0x00,
0x00, 0x00, 0x00, 0x9A, 0xFF, 0x68, 0x00, 0x00, 0x00, 0x00, 0x0C, 0x72, 0xD7, 0xFF, 0xBF, 0x94,
0x94, 0x94, 0x0F, 0x45, 0xFF, 0xFF, 0xFF, 0xFF, 0xFF, 0xFF, 0xF4, 0x01, 0x09, 0x18, 0xBE, 0xFF,
0x76, 0x18, 0x18, 0x14, 0x00, 0x00, 0x00, 0xB8, 0xFF, 0x68, 0x00, 0x00, 0x00, 0x00, 0x00, 0x00,
0xB8, 0xFF, 0x68, 0x00, 0x00, 0x00, 0x00, 0x00, 0x00, 0xB8, 0xFF, 0x68, 0x00, 0x00, 0x00, 0x00,
0x00, 0x00, 0xB8, 0xFF, 0x68, 0x00, 0x00, 0x00, 0x00, 0x00, 0x00, 0xB8, 0xFF, 0x68, 0x00, 0x00,
0x00, 0x00, 0x00, 0x00, 0xB8, 0xFF, 0x68, 0x00, 0x00, 0x00, 0x00, 0x00, 0x00, 0xB4, 0xFF, 0x73,
0x00, 0x00, 0x00, 0x00, 0x00, 0x00, 0x9D, 0xFF, 0xB1, 0x00, 0x00, 0x00, 0x00, 0x00, 0x00, 0x54,
0xFF, 0xFF, 0xBA, 0x90, 0xB7, 0x38, 0x00, 0x00, 0x00, 0x85, 0xFB, 0xFF, 0xFF, 0xF2, 0x52, 0x00,
0x00, 0x00, 0x00, 0x0C, 0x30, 0x27, 0x07, 0x00, 0x27, 0x94, 0x7F, 0x00, 0x00, 0x00, 0x00, 0x00,
0x0B, 0x94, 0x94, 0x0B, 0x44, 0xFF, 0xDC, 0x00, 0x00, 0x00, 0x00, 0x00, 0x14, 0xFF, 0xFF, 0x14,
0x44, 0xFF, 0xDC, 0x00, 0x00, 0x00, 0x00, 0x00, 0x14, 0xFF, 0xFF, 0x14, 0x44, 0xFF, 0xDC, 0x00,
0x00, 0x00, 0x00, 0x00, 0x14, 0xFF, 0xFF, 0x14, 0x44, 0xFF, 0xDC, 0x00, 0x00, 0x00, 0x00, 0x00,
0x14, 0xFF, 0xFF, 0x14, 0x44, 0xFF, 0xDC, 0x00, 0x00, 0x00, 0x00, 0x00, 0x14, 0xFF, 0xFF, 0x14,
0x44, 0xFF, 0xDC, 0x00, 0x00, 0x00, 0x00, 0x00, 0x14, 0xFF, 0xFF, 0x14, 0x44, 0xFF, 0xDC, 0x00,
0x00, 0x00, 0x00, 0x00, 0x14, 0xFF, 0xFF, 0x14, 0x42, 0xFF, 0xE1, 0x00, 0x00, 0x00, 0x00, 0x00,
0x14, 0xFF, 0xFF, 0x14, 0x33, 0xFF, 0xF9, 0x03, 0x00, 0x00, 0x00, 0x00, 0x3D, 0xFF, 0xFF, 0x14,
0x0B, 0xFA, 0xFF, 0x60, 0x00, 0x00, 0x00, 0x52, 0xF0, 0xFF, 0xFF, 0x16, 0x00, 0xA3, 0xFF, 0xFC,
0xAA, 0x94, 0xCD, 0xFF, 0x88, 0xF6, 0xFF, 0x1D, 0x00, 0x10, 0xB5, 0xFF, 0xFF, 0xFF, 0xD7, 0x4F,
0x00, 0xD5, 0xFF, 0x29, 0x00, 0x00, 0x00, 0x1A, 0x36, 0x20, 0x00, 0x00, 0x00, 0x00, 0x00, 0x00,
0x76, 0x94, 0x48, 0x00, 0x00, 0x00, 0x00, 0x00, 0x00, 0x5F, 0x94, 0x57, 0x82, 0xFF, 0xC5, 0x00,
0x00, 0x00, 0x00, 0x00, 0x03, 0xE8, 0xFF, 0x4C, 0x23, 0xFF, 0xFE, 0x20, 0x00, 0x00, 0x00, 0x00,
0x44, 0xFF, 0xE8, 0x04, 0x00, 0xC3, 0xFF, 0x79, 0x00, 0x00, 0x00, 0x00, 0x9D, 0xFF, 0x8D, 0x00,
0x00, 0x64, 0xFF, 0xD3, 0x00, 0x00, 0x00, 0x06, 0xEE, 0xFF, 0x2D, 0x00, 0x00, 0x0E, 0xF6, 0xFF,
0x2E, 0x00, 0x00, 0x4D, 0xFF, 0xCD, 0x00, 0x00, 0x00, 0x00, 0xA6, 0xFF, 0x88, 0x00, 0x00, 0xA6,
0xFF, 0x6E, 0x00, 0x00, 0x00, 0x00, 0x47, 0xFF, 0xE1, 0x01, 0x0A, 0xF3, 0xFA, 0x14, 0x00, 0x00,
0x00, 0x00, 0x03, 0xE5, 0xFF, 0x3B, 0x56, 0xFF, 0xAE, 0x00, 0x00, 0x00, 0x00, 0x00, 0x00, 0x89,
0xFF, 0x8A, 0xAB, 0xFF, 0x4E, 0x00, 0x00, 0x00, 0x00, 0x00, 0x00, 0x2A, 0xFF, 0xD3, 0xF1, 0xEA,
0x05, 0x00, 0x00, 0x00, 0x00, 0x00, 0x00, 0x00, 0xCB, 0xFF, 0xFF, 0x8F, 0x00, 0x00, 0x00, 0x00,
0x00, 0x00, 0x00, 0x00, 0x6C, 0xFF, 0xFF, 0x2F, 0x00, 0x00, 0x00, 0x00, 0x78, 0x94, 0x3C, 0x00,
0x00, 0x00, 0x00, 0x00, 0x55, 0x94, 0x49, 0x00, 0x00, 0x00, 0x00, 0x00, 0x4B, 0x94, 0x63, 0x91,
0xFF, 0xA2, 0x00, 0x00, 0x00, 0x00, 0x00, 0xD3, 0xFF, 0xBE, 0x00, 0x00, 0x00, 0x00, 0x00, 0xBD,
0xFF, 0x6B, 0x40, 0xFF, 0xE9, 0x01, 0x00, 0x00, 0x00, 0x23, 0xFF, 0xFF, 0xFC, 0x13, 0x00, 0x00,
0x00, 0x0E, 0xFA, 0xFE, 0x1B, 0x03, 0xEB, 0xFF, 0x34, 0x00, 0x00, 0x00, 0x74, 0xFF, 0xBB, 0xFF,
0x5F, 0x00, 0x00, 0x00, 0x54, 0xFF, 0xC8, 0x00, 0x00, 0x9F, 0xFF, 0x7D, 0x00, 0x00, 0x00, 0xC5,
0xF7, 0x38, 0xFF, 0xB0, 0x00, 0x00, 0x00, 0x9F, 0xFF, 0x76, 0x00, 0x00, 0x4E, 0xFF, 0xC6, 0x00,
0x00, 0x17, 0xFD, 0xB4, 0x00, 0xE3, 0xF6, 0x0A, 0x00, 0x01, 0xE8, 0xFF, 0x24, 0x00, 0x00, 0x08,
0xF4, 0xFD, 0x12, 0x00, 0x66, 0xFF, 0x64, 0x00, 0x94, 0xFF, 0x51, 0x00, 0x36, 0xFF, 0xD3, 0x00,
0x00, 0x00, 0x00, 0xAC, 0xFF, 0x58, 0x00, 0xB7, 0xFD, 0x16, 0x00, 0x43, 0xFF, 0xA2, 0x00, 0x81,
0xFF, 0x81, 0x00, 0x00, 0x00, 0x00, 0x5C, 0xFF, 0xA1, 0x0E, 0xF9, 0xC4, 0x00, 0x00, 0x04, 0xEE,
0xEE, 0x04, 0xCB, 0xFF, 0x2F, 0x00, 0x00, 0x00, 0x00, 0x10, 0xFA, 0xE8, 0x55, 0xFF, 0x74, 0x00,
0x00, 0x00, 0xA2, 0xFF, 0x4D, 0xFD, 0xDD, 0x00, 0x00, 0x00, 0x00, 0x00, 0x00, 0xBA, 0xFF, 0xC0,
0xFF, 0x24, 0x00, 0x00, 0x00, 0x52, 0xFF, 0xC5, 0xFF, 0x8C, 0x00, 0x00, 0x00, 0x00, 0x00, 0x00,
0x69, 0xFF, 0xFF, 0xD4, 0x00, 0x00, 0x00, 0x00, 0x0A, 0xF6, 0xFF, 0xFF, 0x3A, 0x00, 0x00, 0x00,
0x00, 0x00, 0x00, 0x1A, 0xFE, 0xFF, 0x84, 0x00, 0x00, 0x00, 0x00, 0x00, 0xB0, 0xFF, 0xE7, 0x01,
0x00, 0x00, 0x00, 0x3E, 0x94, 0x8A, 0x04, 0x00, 0x00, 0x00, 0x00, 0x3F, 0x94, 0x81, 0x01, 0x09,
0xD6, 0xFF, 0x7D, 0x00, 0x00, 0x00, 0x0B, 0xE1, 0xFF, 0x5B, 0x00, 0x00, 0x33, 0xFA, 0xF9, 0x2C,
0x00, 0x00, 0x8C, 0xFF, 0xB1, 0x00, 0x00, 0x00, 0x00, 0x7B, 0xFF, 0xCA, 0x03, 0x2F, 0xFB, 0xED,
0x18, 0x00, 0x00, 0x00, 0x00, 0x03, 0xC5, 0xFF, 0x78, 0xC9, 0xFF, 0x5B, 0x00, 0x00, 0x00, 0x00,
0x00, 0x00, 0x23, 0xF3, 0xFE, 0xFF, 0xB1, 0x00, 0x00, 0x00, 0x00, 0x00, 0x00, 0x00, 0x00, 0x90,
0xFF, 0xFF, 0x2F, 0x00, 0x00, 0x00, 0x00, 0x00, 0x00, 0x00, 0x22, 0xF3, 0xFE, 0xFF, 0xB2, 0x00,
0x00, 0x00, 0x00, 0x00, 0x00, 0x02, 0xC4, 0xFF, 0x65, 0xD1, 0xFF, 0x65, 0x00, 0x00, 0x00, 0x00,
0x00, 0x7A, 0xFF, 0xB7, 0x00, 0x31, 0xFB, 0xF3, 0x23, 0x00, 0x00, 0x00, 0x31, 0xFA, 0xF2, 0x1D,
0x00, 0x00, 0x82, 0xFF, 0xC6, 0x03, 0x00, 0x08, 0xD4, 0xFF, 0x68, 0x00, 0x00, 0x00, 0x05, 0xD2,
0xFF, 0x7C, 0x00, 0x8F, 0xFF, 0xBE, 0x01, 0x00, 0x00, 0x00, 0x00, 0x32, 0xFB, 0xFA, 0x33, 0x00,
0x71, 0x94, 0x51, 0x00, 0x00, 0x00, 0x00, 0x00, 0x00, 0x5F, 0x94, 0x5A, 0x00, 0x78, 0xFF, 0xD4,
0x00, 0x00, 0x00, 0x00, 0x00, 0x02, 0xE7, 0xFF, 0x50, 0x00, 0x1A, 0xFC, 0xFF, 0x2D, 0x00, 0x00,
0x00, 0x00, 0x42, 0xFF, 0xEB, 0x05, 0x00, 0x00, 0xB7, 0xFF, 0x87, 0x00, 0x00, 0x00, 0x00, 0x99,
0xFF, 0x91, 0x00, 0x00, 0x00, 0x56, 0xFF, 0xDF, 0x01, 0x00, 0x00, 0x04, 0xEB, 0xFF, 0x32, 0x00,
0x00, 0x00, 0x07, 0xEE, 0xFF, 0x3A, 0x00, 0x00, 0x48, 0xFF, 0xD2, 0x00, 0x00, 0x00, 0x00, 0x00,
0x95, 0xFF, 0x94, 0x00, 0x00, 0xA0, 0xFF, 0x73, 0x00, 0x00, 0x00, 0x00, 0x00, 0x34, 0xFF, 0xE9,
0x03, 0x06, 0xF0, 0xFB, 0x17, 0x00, 0x00, 0x00, 0x00, 0x00, 0x00, 0xD3, 0xFF, 0x43, 0x4B, 0xFF,
0xB4, 0x00, 0x00, 0x00, 0x00, 0x00, 0x00, 0x00, 0x73, 0xFF, 0x95, 0x9D, 0xFF, 0x54, 0x00, 0x00,
0x00, 0x00, 0x00, 0x00, 0x00, 0x17, 0xFB, 0xDC, 0xEA, 0xED, 0x06, 0x00, 0x00, 0x00, 0x00, 0x00,
0x00, 0x00, 0x00, 0xB2, 0xFF, 0xFF, 0x95, 0x00, 0x00, 0x00, 0x00, 0x00, 0x00, 0x00, 0x00, 0x00,
0x51, 0xFF, 0xFF, 0x35, 0x00, 0x00, 0x00, 0x00, 0x00, 0x00, 0x00, 0x00, 0x00, 0x5C, 0xFF, 0xD3,
0x00, 0x00, 0x00, 0x00, 0x00, 0x00, 0x00, 0x00, 0x00, 0x01, 0xD2, 0xFF, 0x69, 0x00, 0x00, 0x00,
0x00, 0x00, 0x00, 0x00, 0x00, 0x00, 0x7E, 0xFF, 0xE1, 0x08, 0x00, 0x00, 0x00, 0x00, 0x00, 0x18,
0x98, 0x80, 0xB7, 0xFF, 0xFD, 0x47, 0x00, 0x00, 0x00, 0x00, 0x00, 0x00, 0x56, 0xFF, 0xFF, 0xFF,
0xE5, 0x50, 0x00, 0x00, 0x00, 0x00, 0x00, 0x00, 0x00, 0x02, 0x2C, 0x42, 0x2F, 0x03, 0x00, 0x00,
0x00, 0x00, 0x00, 0x00, 0x00, 0x00, 0x00, 0x76, 0x94, 0x94, 0x94, 0x94, 0x94, 0x94, 0x94, 0x94,
0x20, 0x00, 0xEE, 0xFF, 0xFF, 0xFF, 0xFF, 0xFF, 0xFF, 0xFF, 0xFF, 0x23, 0x00, 0x18, 0x18, 0x18,
0x18, 0x18, 0x1C, 0xD4, 0xFF, 0xA5, 0x00, 0x00, 0x00, 0x00, 0x00, 0x00, 0x00, 0x87, 0xFF, 0xDD,
0x0E, 0x00, 0x00, 0x00, 0x00, 0x00, 0x00, 0x43, 0xFD, 0xFB, 0x37, 0x00, 0x00, 0x00, 0x00, 0x00,
0x00, 0x15, 0xE6, 0xFF, 0x78, 0x00, 0x00, 0x00, 0x00, 0x00, 0x00, 0x01, 0xB6, 0xFF, 0xBD, 0x02,
0x00, 0x00, 0x00, 0x00, 0x00, 0x00, 0x72, 0xFF, 0xEB, 0x1A, 0x00, 0x00, 0x00, 0x00, 0x00, 0x00,
0x33, 0xF9, 0xFF, 0x4D, 0x00, 0x00, 0x00, 0x00, 0x00, 0x00, 0x0C, 0xDA, 0xFF, 0x93, 0x00, 0x00,
0x00, 0x00, 0x00, 0x00, 0x00, 0xA3, 0xFF, 0xD1, 0x08, 0x00, 0x00, 0x00, 0x00, 0x00, 0x00, 0x4C,
0xFF, 0xFF, 0xC1, 0xA0, 0xA0, 0xA0, 0xA0, 0xA0, 0xA0, 0x6E, 0x6C, 0xFF, 0xFF, 0xFF, 0xFF, 0xFF,
0xFF, 0xFF, 0xFF, 0xFF, 0x8B, 0x00, 0x00, 0x00, 0x00, 0x00, 0x00, 0x09, 0x21, 0x1D, 0x00, 0x00,
0x00, 0x00, 0x48, 0xD3, 0xFE, 0xFF, 0xD0, 0x00, 0x00, 0x00, 0x28, 0xF8, 0xFF, 0xB8, 0x83, 0x68,
0x00, 0x00, 0x00, 0x7A, 0xFF, 0xAF, 0x00, 0x00, 0x00, 0x00, 0x00, 0x00, 0x9A, 0xFF, 0x71, 0x00,
0x00, 0x00, 0x00, 0x00, 0x00, 0x9C, 0xFF, 0x68, 0x00, 0x00, 0x00, 0x00, 0x00, 0x00, 0x9C, 0xFF,
0x68, 0x00, 0x00, 0x00, 0x00, 0x00, 0x00, 0x9C, 0xFF, 0x68, 0x00, 0x00, 0x00, 0x00, 0x00, 0x00,
0xA0, 0xFF, 0x61, 0x00, 0x00, 0x00, 0x00, 0x00, 0x00, 0xCF, 0xFF, 0x43, 0x00, 0x00, 0x00, 0x00,
0x18, 0x95, 0xFF, 0xD2, 0x03, 0x00, 0x00, 0x00, 0x85, 0xFF, 0xFF, 0xCE, 0x22, 0x00, 0x00, 0x00,
0x00, 0x4D, 0xB3, 0xFC, 0xFA, 0x72, 0x00, 0x00, 0x00, 0x00, 0x00, 0x00, 0x37, 0xF9, 0xFC, 0x21,
0x00, 0x00, 0x00, 0x00, 0x00, 0x00, 0xB5, 0xFF, 0x58, 0x00, 0x00, 0x00, 0x00, 0x00, 0x00, 0x9C,
0xFF, 0x68, 0x00, 0x00, 0x00, 0x00, 0x00, 0x00, 0x9C, 0xFF, 0x68, 0x00, 0x00, 0x00, 0x00, 0x00,
0x00, 0x9C, 0xFF, 0x68, 0x00, 0x00, 0x00, 0x00, 0x00, 0x00, 0x9C, 0xFF, 0x68, 0x00, 0x00, 0x00,
0x00, 0x00, 0x00, 0x95, 0xFF, 0x78, 0x00, 0x00, 0x00, 0x00, 0x00, 0x00, 0x6D, 0xFF, 0xCD, 0x0A,
0x00, 0x00, 0x00, 0x00, 0x00, 0x11, 0xE5, 0xFF, 0xE9, 0xBF, 0x98, 0x00, 0x00, 0x00, 0x00, 0x1B,
0x94, 0xC9, 0xE2, 0xB9, 0xF0, 0xB5, 0xF4, 0xB8, 0xF4, 0xB8, 0xF4, 0xB8, 0xF4, 0xB8, 0xF4, 0xB8,
0xF4, 0xB8, 0xF4, 0xB8, 0xF4, 0xB8, 0xF4, 0xB8, 0xF4, 0xB8, 0xF4, 0xB8, 0xF4, 0xB8, 0xF4, 0xB8,
0xF4, 0xB8, 0xF4, 0xB8, 0xF4, 0xB8, 0xF4, 0xB8, 0xF4, 0xB8, 0xF4, 0xB8, 0xF4, 0xB8, 0xF4, 0xB8,
0xF4, 0xB8, 0x0B, 0x08, 0x06, 0x24, 0x1C, 0x02, 0x00, 0x00, 0x00, 0x00, 0x00, 0x00, 0x2C, 0xFF,
0xFF, 0xF9, 0xA9, 0x1B, 0x00, 0x00, 0x00, 0x00, 0x15, 0x7C, 0x89, 0xDB, 0xFF, 0xC3, 0x00, 0x00,
0x00, 0x00, 0x00, 0x00, 0x00, 0x16, 0xF7, 0xFF, 0x1C, 0x00, 0x00, 0x00, 0x00, 0x00, 0x00, 0x00,
0xD1, 0xFF, 0x3D, 0x00, 0x00, 0x00, 0x00, 0x00, 0x00, 0x00, 0xC8, 0xFF, 0x40, 0x00, 0x00, 0x00,
0x00, 0x00, 0x00, 0x00, 0xC8, 0xFF, 0x40, 0x00, 0x00, 0x00, 0x00, 0x00, 0x00, 0x00, 0xC8, 0xFF,
0x40, 0x00, 0x00, 0x00, 0x00, 0x00, 0x00, 0x00, 0xC7, 0xFF, 0x42, 0x00, 0x00, 0x00, 0x00, 0x00,
0x00, 0x00, 0xB1, 0xFF, 0x69, 0x00, 0x00, 0x00, 0x00, 0x00, 0x00, 0x00, 0x63, 0xFF, 0xE5, 0x34,
0x00, 0x00, 0x00, 0x00, 0x00, 0x00, 0x01, 0x81, 0xF7, 0xFF, 0xE1, 0x22, 0x00, 0x00, 0x00, 0x00,
0x02, 0x97, 0xFE, 0xF7, 0xC2, 0x1C, 0x00, 0x00, 0x00, 0x00, 0x65, 0xFF, 0xD6, 0x1C, 0x00, 0x00,
0x00, 0x00, 0x00, 0x00, 0xAF, 0xFF, 0x5D, 0x00, 0x00, 0x00, 0x00, 0x00, 0x00, 0x00, 0xC4, 0xFF,
0x40, 0x00, 0x00, 0x00, 0x00, 0x00, 0x00, 0x00, 0xC8, 0xFF, 0x40, 0x00, 0x00, 0x00, 0x00, 0x00,
0x00, 0x00, 0xC8, 0xFF, 0x40, 0x00, 0x00, 0x00, 0x00, 0x00, 0x00, 0x00, 0xC8, 0xFF, 0x40, 0x00,
0x00, 0x00, 0x00, 0x00, 0x00, 0x00, 0xD9, 0xFF, 0x39, 0x00, 0x00, 0x00, 0x00, 0x00, 0x00, 0x3C,
0xFE, 0xFF, 0x11, 0x00, 0x00, 0x00, 0x21, 0xC4, 0xD0, 0xFB, 0xFF, 0x98, 0x00, 0x00, 0x00, 0x00,
0x27, 0xE4, 0xDB, 0xBC, 0x67, 0x04, 0x00, 0x00, 0x00, 0x00, 0x00, 0x4C, 0xCE, 0xEF, 0xC9, 0x68,
0x05, 0x00, 0x00, 0x00, 0x62, 0xF8, 0x1E, 0x2E, 0xFD, 0xE5, 0xAD, 0xDF, 0xFF, 0xDC, 0x59, 0x05,
0x0E, 0xCC, 0xE5, 0x00, 0x9A, 0xF5, 0x1A, 0x00, 0x01, 0x5B, 0xE5, 0xFF, 0xF5, 0xF8, 0xFF, 0x66,
0x00, 0x94, 0x90, 0x00, 0x00, 0x00, 0x00, 0x0B, 0x6D, 0xB1, 0xAA, 0x57, 0x00, 0x00, 0x00, 0x2E,
0x92, 0xAD, 0x3B, 0x00, 0x00, 0x00, 0x00, 0x00, 0x00, 0x00, 0x00, 0x75, 0xFC, 0xEC, 0x25, 0x00,
0x00, 0x00, 0x00, 0x00, 0x00, 0x00, 0x00, 0x45, 0xED, 0xDC, 0x15, 0x00, 0x00, 0x00, 0x00, 0x00,
0x00, 0x00, 0x00, 0x21, 0xCF, 0xA5, 0x00, 0x00, 0x00, 0x00, 0x00, 0x00, 0x00, 0x00, 0x00, 0x00,
0x00, 0x00, 0x00, 0x00, 0x00, 0xA6, 0xF8, 0xF8, 0xF8, 0xF8, 0xF8, 0xF8, 0xF8, 0xF8, 0xE2, 0x00,
0xAC, 0xFF, 0xF6, 0xEC, 0xEC, 0xEC, 0xEC, 0xEC, 0xEC, 0xB6, 0x00, 0xAC, 0xFF, 0x88, 0x00, 0x00,
0x00, 0x00, 0x00, 0x00, 0x00, 0x00, 0xAC, 0xFF, 0x88, 0x00, 0x00, 0x00, 0x00, 0x00, 0x00, 0x00,
0x00, 0xAC, 0xFF, 0x88, 0x00, 0x00, 0x00, 0x00, 0x00, 0x00, 0x00, 0x00, 0xAC, 0xFF, 0x88, 0x00,
0x00, 0x00, 0x00, 0x00, 0x00, 0x00, 0x00, 0xAC, 0xFF, 0x88, 0x00, 0x00, 0x00, 0x00, 0x00, 0x00,
0x00, 0x00, 0xAC, 0xFF, 0xDA, 0xB0, 0xB0, 0xB0, 0xB0, 0xB0, 0xB0, 0x37, 0x00, 0xAC, 0xFF, 0xFF,
0xFF, 0xFF, 0xFF, 0xFF, 0xFF, 0xFF, 0x50, 0x00, 0xAC, 0xFF, 0x98, 0x24, 0x24, 0x24, 0x24, 0x24,
0x24, 0x0B, 0x00, 0xAC, 0xFF, 0x88, 0x00, 0x00, 0x00, 0x00, 0x00, 0x00, 0x00, 0x00, 0xAC, 0xFF,
0x88, 0x00, 0x00, 0x00, 0x00, 0x00, 0x00, 0x00, 0x00, 0xAC, 0xFF, 0x88, 0x00, 0x00, 0x00, 0x00,
0x00, 0x00, 0x00, 0x00, 0xAC, 0xFF, 0x88, 0x00, 0x00, 0x00, 0x00, 0x00, 0x00, 0x00, 0x00, 0xAC,
0xFF, 0x88, 0x00, 0x00, 0x00, 0x00, 0x00, 0x00, 0x00, 0x00, 0xAC, 0xFF, 0xF4, 0xE8, 0xE8, 0xE8,
0xE8, 0xE8, 0xE8, 0xE4, 0x03, 0xAC, 0xFF, 0xFF, 0xFF, 0xFF, 0xFF, 0xFF, 0xFF, 0xFF, 0xE0, 0x00,
0x00, 0x01, 0x36, 0x10, 0x00, 0x00, 0x00, 0x33, 0x13, 0x00, 0x00, 0x00, 0x7E, 0xFF, 0xD9, 0x00,
0x00, 0x6A, 0xFF, 0xE7, 0x06, 0x00, 0x00, 0x88, 0xFF, 0xE4, 0x00, 0x00, 0x75, 0xFF, 0xEF, 0x08,
0x00, 0x00, 0x06, 0x4E, 0x1D, 0x00, 0x00, 0x04, 0x4C, 0x21, 0x00, 0x00, 0x00, 0x00, 0x00, 0x00,
0x00, 0x00, 0x00, 0x00, 0x00, 0x00, 0x00, 0xA6, 0xF8, 0xF8, 0xF8, 0xF8, 0xF8, 0xF8, 0xF8, 0xF8,
0xE2, 0x00, 0xAC, 0xFF, 0xF6, 0xEC, 0xEC, 0xEC, 0xEC, 0xEC, 0xEC, 0xB6, 0x00, 0xAC, 0xFF, 0x88,
0x00, 0x00, 0x00, 0x00, 0x00, 0x00, 0x00, 0x00, 0xAC, 0xFF, 0x88, 0x00, 0x00, 0x00, 0x00, 0x00,
0x00, 0x00, 0x00, 0xAC, 0xFF, 0x88, 0x00, 0x00, 0x00, 0x00, 0x00, 0x00, 0x00, 0x00, 0xAC, 0xFF,
0x88, 0x00, 0x00, 0x00, 0x00, 0x00, 0x00, 0x00, 0x00, 0xAC, 0xFF, 0x88, 0x00, 0x00, 0x00, 0x00,
0x00, 0x00, 0x00, 0x00, 0xAC, 0xFF, 0xDA, 0xB0, 0xB0, 0xB0, 0xB0, 0xB0, 0xB0, 0x37, 0x00, 0xAC,
0xFF, 0xFF, 0xFF, 0xFF, 0xFF, 0xFF, 0xFF, 0xFF, 0x50, 0x00, 0xAC, 0xFF, 0x98, 0x24, 0x24, 0x24,
0x24, 0x24, 0x24, 0x0B, 0x00, 0xAC, 0xFF, 0x88, 0x00, 0x00, 0x00, 0x00, 0x00, 0x00, 0x00, 0x00,
0xAC, 0xFF, 0x88, 0x00, 0x00, 0x00, 0x00, 0x00, 0x00, 0x00, 0x00, 0xAC, 0xFF, 0x88, 0x00, 0x00,
0x00, 0x00, 0x00, 0x00, 0x00, 0x00, 0xAC, 0xFF, 0x88, 0x00, 0x00, 0x00, 0x00, 0x00, 0x00, 0x00,
0x00, 0xAC, 0xFF, 0x88, 0x00, 0x00, 0x00, 0x00, 0x00, 0x00, 0x00, 0x00, 0xAC, 0xFF, 0xF4, 0xE8,
0xE8, 0xE8, 0xE8, 0xE8, 0xE8, 0xE4, 0x03, 0xAC, 0xFF, 0xFF, 0xFF, 0xFF, 0xFF, 0xFF, 0xFF, 0xFF,
0xE0, 0x00, 0x75, 0xF8, 0xF8, 0xF8, 0xF8, 0xF8, 0xF8, 0xF8, 0xF8, 0xF8, 0xF8, 0xF8, 0xF8, 0x24,
0x00, 0x00, 0x00, 0x00, 0x8A, 0xE8, 0xE8, 0xE8, 0xE8, 0xEF, 0xFF, 0xFD, 0xE8, 0xE8, 0xE8, 0xE8,
0xE6, 0x05, 0x00, 0x00, 0x00, 0x00, 0x00, 0x00, 0x00, 0x00, 0x00, 0x54, 0xFF, 0xE0, 0x00, 0x00,
0x00, 0x00, 0x00, 0x00, 0x00, 0x00, 0x00, 0x00, 0x00, 0x00, 0x00, 0x00, 0x00, 0x54, 0xFF, 0xE0,
0x00, 0x00, 0x00, 0x00, 0x00, 0x00, 0x00, 0x00, 0x00, 0x00, 0x00, 0x00, 0x00, 0x00, 0x00, 0x54,
0xFF, 0xE0, 0x00, 0x00, 0x00, 0x00, 0x00, 0x00, 0x00, 0x00, 0x00, 0x00, 0x00, 0x00, 0x00, 0x00,
0x00, 0x54, 0xFF, 0xE0, 0x00, 0x00, 0x00, 0x00, 0x00, 0x00, 0x00, 0x00, 0x00, 0x00, 0x00, 0x00,
0x00, 0x00, 0x00, 0x54, 0xFF, 0xE3, 0x40, 0x81, 0x9D, 0xA9, 0x92, 0x5B, 0x0C, 0x00, 0x00, 0x00,
0x00, 0x00, 0x00, 0x00, 0x00, 0x54, 0xFF, 0xFF, 0xFF, 0xFF, 0xFF, 0xFF, 0xFF, 0xFF, 0xEA, 0x51,
0x00, 0x00, 0x00, 0x00, 0x00, 0x00, 0x00, 0x54, 0xFF, 0xF5, 0x7D, 0x39, 0x1E, 0x2A, 0x54, 0xCD,
0xFF, 0xFC, 0x42, 0x00, 0x00, 0x00, 0x00, 0x00, 0x00, 0x54, 0xFF, 0xE0, 0x00, 0x00, 0x00, 0x00,
0x00, 0x02, 0xB5, 0xFF, 0xCC, 0x00, 0x00, 0x00, 0x00, 0x00, 0x00, 0x54, 0xFF, 0xE0, 0x00, 0x00,
0x00, 0x00, 0x00, 0x00, 0x35, 0xFF, 0xFF, 0x19, 0x00, 0x00, 0x00, 0x00, 0x00, 0x54, 0xFF, 0xE0,
0x00, 0x00, 0x00, 0x00, 0x00, 0x00, 0x0B, 0xFF, 0xFF, 0x34, 0x00, 0x00, 0x00, 0x00, 0x00, 0x54,
0xFF, 0xE0, 0x00, 0x00, 0x00, 0x00, 0x00, 0x00, 0x1F, 0xFF, 0xFF, 0x22, 0x00, 0x00, 0x00, 0x00,
0x00, 0x54, 0xFF, 0xE0, 0x00, 0x00, 0x00, 0x00, 0x00, 0x00, 0x5D, 0xFF, 0xEB, 0x04, 0x00, 0x00,
0x00, 0x00, 0x00, 0x54, 0xFF, 0xE0, 0x00, 0x00, 0x00, 0x00, 0x00, 0x22, 0xE1, 0xFF, 0x87, 0x00,
0x00, 0x00, 0x00, 0x00, 0x00, 0x54, 0xFF, 0xE0, 0x00, 0x1C, 0xA3, 0x89, 0xA9, 0xF3, 0xFF, 0xCA,
0x08, 0x00, 0x00, 0x00, 0x00, 0x00, 0x00, 0x54, 0xFF, 0xE0, 0x00, 0x4F, 0xFF, 0xFF, 0xFF, 0xF1,
0x8E, 0x09, 0x00, 0x00, 0x00, 0x00, 0x00, 0x00, 0x00, 0x00, 0x00, 0x00, 0x00, 0x07, 0x27, 0x40,
0x2F, 0x08, 0x00, 0x00, 0x00, 0x00, 0x00, 0x00, 0x00, 0x00, 0x00, 0x2E, 0xAF, 0x94, 0x37, 0x00,
0x00, 0x00, 0x00, 0x00, 0x1C, 0xE4, 0xFE, 0x84, 0x01, 0x00, 0x00, 0x00, 0x00, 0x0E, 0xD1, 0xF3,
0x52, 0x00, 0x00, 0x00, 0x00, 0x00, 0x00, 0x96, 0xD9, 0x2C, 0x00, 0x00, 0x00, 0x00, 0x00, 0x00,
0x00, 0x00, 0x00, 0x00, 0x00, 0x00, 0x00, 0x00, 0xA6, 0xF8, 0xF8, 0xF8, 0xF8, 0xF8, 0xF8, 0xF8,
0xF8, 0x9C, 0xAC, 0xFF, 0xF1, 0xE0, 0xE0, 0xE0, 0xE0, 0xE0, 0xE0, 0x70, 0xAC, 0xFF, 0x88, 0x00,
0x00, 0x00, 0x00, 0x00, 0x00, 0x00, 0xAC, 0xFF, 0x88, 0x00, 0x00, 0x00, 0x00, 0x00, 0x00, 0x00,
0xAC, 0xFF, 0x88, 0x00, 0x00, 0x00, 0x00, 0x00, 0x00, 0x00, 0xAC, 0xFF, 0x88, 0x00, 0x00, 0x00,
0x00, 0x00, 0x00, 0x00, 0xAC, 0xFF, 0x88, 0x00, 0x00, 0x00, 0x00, 0x00, 0x00, 0x00, 0xAC, 0xFF,
0x88, 0x00, 0x00, 0x00, 0x00, 0x00, 0x00, 0x00, 0xAC, 0xFF, 0x88, 0x00, 0x00, 0x00, 0x00, 0x00,
0x00, 0x00, 0xAC, 0xFF, 0x88, 0x00, 0x00, 0x00, 0x00, 0x00, 0x00, 0x00, 0xAC, 0xFF, 0x88, 0x00,
0x00, 0x00, 0x00, 0x00, 0x00, 0x00, 0xAC, 0xFF, 0x88, 0x00, 0x00, 0x00, 0x00, 0x00, 0x00, 0x00,
0xAC, 0xFF, 0x88, 0x00, 0x00, 0x00, 0x00, 0x00, 0x00, 0x00, 0xAC, 0xFF, 0x88, 0x00, 0x00, 0x00,
0x00, 0x00, 0x00, 0x00, 0xAC, 0xFF, 0x88, 0x00, 0x00, 0x00, 0x00, 0x00, 0x00, 0x00, 0xAC, 0xFF,
0x88, 0x00, 0x00, 0x00, 0x00, 0x00, 0x00, 0x00, 0xAC, 0xFF, 0x88, 0x00, 0x00, 0x00, 0x00, 0x00,
0x00, 0x00, 0x00, 0x00, 0x00, 0x00, 0x00, 0x00, 0x0E, 0x29, 0x2D, 0x19, 0x00, 0x00, 0x00, 0x00,
0x00, 0x00, 0x00, 0x06, 0x6C, 0xD0, 0xFE, 0xFF, 0xFF, 0xFF, 0xE8, 0x91, 0x2D, 0x00, 0x00, 0x00,
0x15, 0xC5, 0xFF, 0xFF, 0xE3, 0xB9, 0xAA, 0xC5, 0xF7, 0xFF, 0xD7, 0x00, 0x00, 0x0A, 0xD9, 0xFF,
0xE5, 0x4C, 0x02, 0x00, 0x00, 0x00, 0x0C, 0x62, 0x59, 0x00, 0x00, 0x8E, 0xFF, 0xE9, 0x1A, 0x00,
0x00, 0x00, 0x00, 0x00, 0x00, 0x00, 0x00, 0x00, 0x12, 0xFB, 0xFF, 0x57, 0x00, 0x00, 0x00, 0x00,
0x00, 0x00, 0x00, 0x00, 0x00, 0x00, 0x60, 0xFF, 0xE8, 0x04, 0x00, 0x00, 0x00, 0x00, 0x00, 0x00,
0x00, 0x00, 0x00, 0x00, 0xA1, 0xFF, 0xAD, 0x00, 0x00, 0x00, 0x00, 0x00, 0x00, 0x00, 0x00, 0x00,
0x00, 0x00, 0xBB, 0xFF, 0xBC, 0x6C, 0x6C, 0x6C, 0x6C, 0x6C, 0x6C, 0x6C, 0x56, 0x00, 0x00, 0x00,
0xD0, 0xFF, 0xFF, 0xFF, 0xFF, 0xFF, 0xFF, 0xFF, 0xFF, 0xFF, 0xCC, 0x00, 0x00, 0x00, 0xC5, 0xFF,
0xB6, 0x64, 0x64, 0x64, 0x64, 0x64, 0x64, 0x64, 0x4F, 0x00, 0x00, 0x00, 0xAD, 0xFF, 0xA8, 0x00,
0x00, 0x00, 0x00, 0x00, 0x00, 0x00, 0x00, 0x00, 0x00, 0x00, 0x7F, 0xFF, 0xE5, 0x03, 0x00, 0x00,
0x00, 0x00, 0x00, 0x00, 0x00, 0x00, 0x00, 0x00, 0x2B, 0xFF, 0xFF, 0x51, 0x00, 0x00, 0x00, 0x00,
0x00, 0x00, 0x00, 0x00, 0x00, 0x00, 0x00, 0xBE, 0xFF, 0xE6, 0x19, 0x00, 0x00, 0x00, 0x00, 0x00,
0x00, 0x00, 0x00, 0x00, 0x00, 0x1F, 0xF1, 0xFF, 0xE5, 0x4E, 0x03, 0x00, 0x00, 0x00, 0x00, 0x33,
0x73, 0x00, 0x00, 0x00, 0x31, 0xDE, 0xFF, 0xFF, 0xE6, 0xBA, 0xA7, 0xBE, 0xE1, 0xFF, 0xFE, 0x1C,
0x00, 0x00, 0x00, 0x10, 0x83, 0xDD, 0xFF, 0xFF, 0xFF, 0xFF, 0xFD, 0xC1, 0x61, 0x09, 0x00, 0x00,
0x00, 0x00, 0x00, 0x00, 0x15, 0x32, 0x38, 0x2B, 0x09, 0x00, 0x00, 0x00, 0x00, 0x00, 0x00, 0x00,
0x15, 0x2C, 0x28, 0x0A, 0x00, 0x00, 0x00, 0x00, 0x01, 0x65, 0xD5, 0xFF, 0xFF, 0xFF, 0xFD, 0xCF,
0x7D, 0x0A, 0x00, 0x98, 0xFF, 0xFF, 0xD3, 0xAE, 0xBC, 0xDE, 0xFF, 0xFA, 0x0A, 0x3B, 0xFF, 0xF8,
0x4A, 0x00, 0x00, 0x00, 0x00, 0x2B, 0x67, 0x00, 0x86, 0xFF, 0xAA, 0x00, 0x00, 0x00, 0x00, 0x00,
0x00, 0x00, 0x00, 0x96, 0xFF, 0x9D, 0x00, 0x00, 0x00, 0x00, 0x00, 0x00, 0x00, 0x00, 0x6D, 0xFF,
0xF0, 0x23, 0x00, 0x00, 0x00, 0x00, 0x00, 0x00, 0x00, 0x0F, 0xE5, 0xFF, 0xEB, 0x63, 0x04, 0x00,
0x00, 0x00, 0x00, 0x00, 0x00, 0x2D, 0xDF, 0xFF, 0xFF, 0xE1, 0x71, 0x0B, 0x00, 0x00, 0x00, 0x00,
0x00, 0x0B, 0x7E, 0xED, 0xFF, 0xFF, 0xEC, 0x6A, 0x01, 0x00, 0x00, 0x00, 0x00, 0x00, 0x0B, 0x6E,
0xE0, 0xFF, 0xFF, 0xA3, 0x00, 0x00, 0x00, 0x00, 0x00, 0x00, 0x00, 0x05, 0x88, 0xFF, 0xFF, 0x55,
0x00, 0x00, 0x00, 0x00, 0x00, 0x00, 0x00, 0x00, 0xB2, 0xFF, 0xA8, 0x00, 0x00, 0x00, 0x00, 0x00,
0x00, 0x00, 0x00, 0x75, 0xFF, 0xBB, 0x00, 0x00, 0x00, 0x00, 0x00, 0x00, 0x00, 0x00, 0x97, 0xFF,
0x9F, 0x40, 0x7B, 0x1B, 0x00, 0x00, 0x00, 0x00, 0x40, 0xF6, 0xFF, 0x4A, 0xB5, 0xFF, 0xFC, 0xCD,
0xA5, 0x9F, 0xC5, 0xFE, 0xFF, 0xA3, 0x00, 0x37, 0x94, 0xE8, 0xFF, 0xFF, 0xFF, 0xFF, 0xDB, 0x6C,
0x02, 0x00, 0x00, 0x00, 0x00, 0x1A, 0x33, 0x32, 0x1A, 0x00, 0x00, 0x00, 0x00, 0xA6, 0xF8, 0x83,
0xAC, 0xFF, 0x88, 0xAC, 0xFF, 0x88, 0xAC, 0xFF, 0x88, 0xAC, 0xFF, 0x88, 0xAC, 0xFF, 0x88, 0xAC,
0xFF, 0x88, 0xAC, 0xFF, 0x88, 0xAC, 0xFF, 0x88, 0xAC, 0xFF, 0x88, 0xAC, 0xFF, 0x88, 0xAC, 0xFF,
0x88, 0xAC, 0xFF, 0x88, 0xAC, 0xFF, 0x88, 0xAC, 0xFF, 0x88, 0xAC, 0xFF, 0x88, 0xAC, 0xFF, 0x88,
0x00, 0x0E, 0x25, 0x00, 0x00, 0x00, 0x2B, 0x07, 0x02, 0xE0, 0xFF, 0x52, 0x00, 0x7F, 0xFF, 0xB8,
0x03, 0xEA, 0xFF, 0x5D, 0x00, 0x8A, 0xFF, 0xC4, 0x00, 0x1A, 0x39, 0x00, 0x00, 0x04, 0x40, 0x0F,
0x00, 0x00, 0x00, 0x00, 0x00, 0x00, 0x00, 0x00, 0x00, 0x00, 0x00, 0xA6, 0xF8, 0x83, 0x00, 0x00,
0x00, 0x00, 0x00, 0xAC, 0xFF, 0x88, 0x00, 0x00, 0x00, 0x00, 0x00, 0xAC, 0xFF, 0x88, 0x00, 0x00,
0x00, 0x00, 0x00, 0xAC, 0xFF, 0x88, 0x00, 0x00, 0x00, 0x00, 0x00, 0xAC, 0xFF, 0x88, 0x00, 0x00,
0x00, 0x00, 0x00, 0xAC, 0xFF, 0x88, 0x00, 0x00, 0x00, 0x00, 0x00, 0xAC, 0xFF, 0x88, 0x00, 0x00,
0x00, 0x00, 0x00, 0xAC, 0xFF, 0x88, 0x00, 0x00, 0x00, 0x00, 0x00, 0xAC, 0xFF, 0x88, 0x00, 0x00,
0x00, 0x00, 0x00, 0xAC, 0xFF, 0x88, 0x00, 0x00, 0x00, 0x00, 0x00, 0xAC, 0xFF, 0x88, 0x00, 0x00,
0x00, 0x00, 0x00, 0xAC, 0xFF, 0x88, 0x00, 0x00, 0x00, 0x00, 0x00, 0xAC, 0xFF, 0x88, 0x00, 0x00,
0x00, 0x00, 0x00, 0xAC, 0xFF, 0x88, 0x00, 0x00, 0x00, 0x00, 0x00, 0xAC, 0xFF, 0x88, 0x00, 0x00,
0x00, 0x00, 0x00, 0xAC, 0xFF, 0x88, 0x00, 0x00, 0x00, 0x00, 0x00, 0xAC, 0xFF, 0x88, 0x00, 0x00,
0x00, 0x00, 0x00, 0x32, 0xF8, 0xF4, 0x00, 0x00, 0x00, 0x34, 0xFF, 0xFC, 0x00, 0x00, 0x00, 0x34,
0xFF, 0xFC, 0x00, 0x00, 0x00, 0x34, 0xFF, 0xFC, 0x00, 0x00, 0x00, 0x34, 0xFF, 0xFC, 0x00, 0x00,
0x00, 0x34, 0xFF, 0xFC, 0x00, 0x00, 0x00, 0x34, 0xFF, 0xFC, 0x00, 0x00, 0x00, 0x34, 0xFF, 0xFC,
0x00, 0x00, 0x00, 0x34, 0xFF, 0xFC, 0x00, 0x00, 0x00, 0x34, 0xFF, 0xFC, 0x00, 0x00, 0x00, 0x34,
0xFF, 0xFC, 0x00, 0x00, 0x00, 0x36, 0xFF, 0xF9, 0x00, 0x00, 0x00, 0x45, 0xFF, 0xEC, 0x00, 0x00,
0x00, 0x71, 0xFF, 0xC9, 0x00, 0x00, 0x10, 0xDA, 0xFF, 0x84, 0x91, 0xB9, 0xED, 0xFF, 0xEF, 0x18,
0xD8, 0xFF, 0xFF, 0xCD, 0x35, 0x00, 0x08, 0x24, 0x15, 0x00, 0x00, 0x00, 0x00, 0x00, 0x00, 0x00,
0xCA, 0xF8, 0xF8, 0xF8, 0xF8, 0xF8, 0xF8, 0xF8, 0xF8, 0xF8, 0xF8, 0x41, 0x00, 0x00, 0x00, 0x00,
0x00, 0x00, 0x00, 0x00, 0x00, 0x00, 0x00, 0x00, 0x00, 0xDC, 0xFF, 0xFF, 0xFF, 0xFF, 0xFF, 0xFF,
0xFF, 0xFF, 0xFF, 0xFF, 0x44, 0x00, 0x00, 0x00, 0x00, 0x00, 0x00, 0x00, 0x00, 0x00, 0x00, 0x00,
0x00, 0x00, 0xE8, 0xFF, 0x3B, 0x04, 0x04, 0x04, 0x04, 0x04, 0x04, 0xF0, 0xFF, 0x44, 0x00, 0x00,
0x00, 0x00, 0x00, 0x00, 0x00, 0x00, 0x00, 0x00, 0x00, 0x00, 0x00, 0xF3, 0xFF, 0x28, 0x00, 0x00,
0x00, 0x00, 0x00, 0x00, 0xF0, 0xFF, 0x44, 0x00, 0x00, 0x00, 0x00, 0x00, 0x00, 0x00, 0x00, 0x00,
0x00, 0x00, 0x00, 0x03, 0xFF, 0xFF, 0x17, 0x00, 0x00, 0x00, 0x00, 0x00, 0x00, 0xF0, 0xFF, 0x44,
0x00, 0x00, 0x00, 0x00, 0x00, 0x00, 0x00, 0x00, 0x00, 0x00, 0x00, 0x00, 0x15, 0xFF, 0xFF, 0x07,
0x00, 0x00, 0x00, 0x00, 0x00, 0x00, 0xF0, 0xFF, 0x44, 0x00, 0x00, 0x00, 0x00, 0x00, 0x00, 0x00,
0x00, 0x00, 0x00, 0x00, 0x00, 0x26, 0xFF, 0xF2, 0x00, 0x00, 0x00, 0x00, 0x00, 0x00, 0x00, 0xF0,
0xFF, 0x44, 0x00, 0x00, 0x00, 0x00, 0x00, 0x00, 0x00, 0x00, 0x00, 0x00, 0x00, 0x00, 0x3D, 0xFF,
0xDD, 0x00, 0x00, 0x00, 0x00, 0x00, 0x00, 0x00, 0xF0, 0xFF, 0xF1, 0xEC, 0xEC, 0xEB, 0xDB, 0xBD,
0x75, 0x0E, 0x00, 0x00, 0x00, 0x00, 0x00, 0x57, 0xFF, 0xC7, 0x00, 0x00, 0x00, 0x00, 0x00, 0x00,
0x00, 0xF0, 0xFF, 0xDF, 0xD4, 0xD4, 0xDB, 0xF6, 0xFF, 0xFF, 0xE7, 0x2D, 0x00, 0x00, 0x00, 0x00,
0x71, 0xFF, 0xAC, 0x00, 0x00, 0x00, 0x00, 0x00, 0x00, 0x00, 0xF0, 0xFF, 0x44, 0x00, 0x00, 0x00,
0x00, 0x3F, 0xD4, 0xFF, 0xDB, 0x02, 0x00, 0x00, 0x00, 0x93, 0xFF, 0x90, 0x00, 0x00, 0x00, 0x00,
0x00, 0x00, 0x00, 0xF0, 0xFF, 0x44, 0x00, 0x00, 0x00, 0x00, 0x00, 0x22, 0xFD, 0xFF, 0x44, 0x00,
0x00, 0x00, 0xB9, 0xFF, 0x6E, 0x00, 0x00, 0x00, 0x00, 0x00, 0x00, 0x00, 0xF0, 0xFF, 0x44, 0x00,
0x00, 0x00, 0x00, 0x00, 0x00, 0xD9, 0xFF, 0x68, 0x00, 0x00, 0x00, 0xE1, 0xFF, 0x48, 0x00, 0x00,
0x00, 0x00, 0x00, 0x00, 0x00, 0xF0, 0xFF, 0x44, 0x00, 0x00, 0x00, 0x00, 0x00, 0x00, 0xD2, 0xFF,
0x5D, 0x00, 0x00, 0x16, 0xFF, 0xFF, 0x17, 0x00, 0x00, 0x00, 0x00, 0x00, 0x00, 0x00, 0xF0, 0xFF,
0x44, 0x00, 0x00, 0x00, 0x00, 0x00, 0x1F, 0xFC, 0xFF, 0x2C, 0x00, 0x00, 0x68, 0xFF, 0xD6, 0x00,
0x00, 0x00, 0x00, 0x00, 0x00, 0x00, 0x00, 0xF0, 0xFF, 0x44, 0x00, 0x00, 0x00, 0x00, 0x43, 0xD2,
0xFF, 0xB8, 0x00, 0x64, 0xA5, 0xF5, 0xFF, 0x74, 0x00, 0x00, 0x00, 0x00, 0x00, 0x00, 0x00, 0x00,
0xF0, 0xFF, 0xD3, 0xC4, 0xC4, 0xD1, 0xEE, 0xFF, 0xFF, 0xC9, 0x12, 0x00, 0xAC, 0xFF, 0xFF, 0xBD,
0x07, 0x00, 0x00, 0x00, 0x00, 0x00, 0x00, 0x00, 0x00, 0xF0, 0xFF, 0xFF, 0xFF, 0xFF, 0xF7, 0xE2,
0xB1, 0x5D, 0x02, 0x00, 0x00, 0x1B, 0x49, 0x34, 0x00, 0x00, 0x00, 0x00, 0x00, 0x00, 0x00, 0x00,
0x00, 0x00, 0x00, 0x00, 0x00, 0x00, 0x00, 0x00, 0x00, 0x00, 0x00, 0x00, 0x00, 0x00, 0xA6, 0xF8,
0x83, 0x00, 0x00, 0x00, 0x00, 0x00, 0x00, 0x00, 0x13, 0xF8, 0xF8, 0x1F, 0x00, 0x00, 0x00, 0x00,
0x00, 0x00, 0x00, 0x00, 0x00, 0xAC, 0xFF, 0x88, 0x00, 0x00, 0x00, 0x00, 0x00, 0x00, 0x00, 0x14,
0xFF, 0xFF, 0x20, 0x00, 0x00, 0x00, 0x00, 0x00, 0x00, 0x00, 0x00, 0x00, 0xAC, 0xFF, 0x88, 0x00,
0x00, 0x00, 0x00, 0x00, 0x00, 0x00, 0x14, 0xFF, 0xFF, 0x20, 0x00, 0x00, 0x00, 0x00, 0x00, 0x00,
0x00, 0x00, 0x00, 0xAC, 0xFF, 0x88, 0x00, 0x00, 0x00, 0x00, 0x00, 0x00, 0x00, 0x14, 0xFF, 0xFF,
0x20, 0x00, 0x00, 0x00, 0x00, 0x00, 0x00, 0x00, 0x00, 0x00, 0xAC, 0xFF, 0x88, 0x00, 0x00, 0x00,
0x00, 0x00, 0x00, 0x00, 0x14, 0xFF, 0xFF, 0x20, 0x00, 0x00, 0x00, 0x00, 0x00, 0x00, 0x00, 0x00,
0x00, 0xAC, 0xFF, 0x88, 0x00, 0x00, 0x00, 0x00, 0x00, 0x00, 0x00, 0x14, 0xFF, 0xFF, 0x20, 0x00,
0x00, 0x00, 0x00, 0x00, 0x00, 0x00, 0x00, 0x00, 0xAC, 0xFF, 0x88, 0x00, 0x00, 0x00, 0x00, 0x00,
0x00, 0x00, 0x14, 0xFF, 0xFF, 0x20, 0x00, 0x00, 0x00, 0x00, 0x00, 0x00, 0x00, 0x00, 0x00, 0xAC,
0xFF, 0xE2, 0xC0, 0xC0, 0xC0, 0xC0, 0xC0, 0xC0, 0xC0, 0xC5, 0xFF, 0xFF, 0xEE, 0xEC, 0xEC, 0xEA,
0xD8, 0xB4, 0x66, 0x06, 0x00, 0x00, 0xAC, 0xFF, 0xFF, 0xFF, 0xFF, 0xFF, 0xFF, 0xFF, 0xFF, 0xFF,
0xFF, 0xFF, 0xFF, 0xD9, 0xD4, 0xD4, 0xDE, 0xF9, 0xFF, 0xFF, 0xD6, 0x18, 0x00, 0xAC, 0xFF, 0x95,
0x1C, 0x1C, 0x1C, 0x1C, 0x1C, 0x1C, 0x1C, 0x2D, 0xFF, 0xFF, 0x20, 0x00, 0x00, 0x00, 0x02, 0x53,
0xE7, 0xFF, 0xB9, 0x00, 0xAC, 0xFF, 0x88, 0x00, 0x00, 0x00, 0x00, 0x00, 0x00, 0x00, 0x14, 0xFF,
0xFF, 0x20, 0x00, 0x00, 0x00, 0x00, 0x00, 0x48, 0xFF, 0xFF, 0x1D, 0xAC, 0xFF, 0x88, 0x00, 0x00,
0x00, 0x00, 0x00, 0x00, 0x00, 0x14, 0xFF, 0xFF, 0x20, 0x00, 0x00, 0x00, 0x00, 0x00, 0x06, 0xFA,
0xFF, 0x41, 0xAC, 0xFF, 0x88, 0x00, 0x00, 0x00, 0x00, 0x00, 0x00, 0x00, 0x14, 0xFF, 0xFF, 0x20,
0x00, 0x00, 0x00, 0x00, 0x00, 0x01, 0xF8, 0xFF, 0x35, 0xAC, 0xFF, 0x88, 0x00, 0x00, 0x00, 0x00,
0x00, 0x00, 0x00, 0x14, 0xFF, 0xFF, 0x20, 0x00, 0x00, 0x00, 0x00, 0x00, 0x43, 0xFF, 0xF5, 0x0E,
0xAC, 0xFF, 0x88, 0x00, 0x00, 0x00, 0x00, 0x00, 0x00, 0x00, 0x14, 0xFF, 0xFF, 0x20, 0x00, 0x00,
0x00, 0x03, 0x54, 0xE5, 0xFF, 0x90, 0x00, 0xAC, 0xFF, 0x88, 0x00, 0x00, 0x00, 0x00, 0x00, 0x00,
0x00, 0x14, 0xFF, 0xFF, 0xCB, 0xC4, 0xC4, 0xD5, 0xF2, 0xFF, 0xFF, 0xAE, 0x05, 0x00, 0xAC, 0xFF,
0x88, 0x00, 0x00, 0x00, 0x00, 0x00, 0x00, 0x00, 0x14, 0xFF, 0xFF, 0xFF, 0xFF, 0xFF, 0xF4, 0xDE,
0xA5, 0x4A, 0x00, 0x00, 0x00, 0x78, 0xF8, 0xF8, 0xF8, 0xF8, 0xF8, 0xF8, 0xF8, 0xF8, 0xF8, 0xF8,
0xF8, 0xB9, 0x00, 0x00, 0x00, 0x00, 0x00, 0x92, 0xE8, 0xE8, 0xE8, 0xE8, 0xF2, 0xFF, 0xFA, 0xE8,
0xE8, 0xE8, 0xE8, 0x88, 0x00, 0x00, 0x00, 0x00, 0x00, 0x00, 0x00, 0x00, 0x00, 0x00, 0x74, 0xFF,
0xC0, 0x00, 0x00, 0x00, 0x00, 0x00, 0x00, 0x00, 0x00, 0x00, 0x00, 0x00, 0x00, 0x00, 0x00, 0x00,
0x74, 0xFF, 0xC0, 0x00, 0x00, 0x00, 0x00, 0x00, 0x00, 0x00, 0x00, 0x00, 0x00, 0x00, 0x00, 0x00,
0x00, 0x00, 0x74, 0xFF, 0xC0, 0x00, 0x00, 0x00, 0x00, 0x00, 0x00, 0x00, 0x00, 0x00, 0x00, 0x00,
0x00, 0x00, 0x00, 0x00, 0x74, 0xFF, 0xC0, 0x00, 0x00, 0x00, 0x00, 0x00, 0x00, 0x00, 0x00, 0x00,
0x00, 0x00, 0x00, 0x00, 0x00, 0x00, 0x74, 0xFF, 0xC0, 0x04, 0x35, 0x56, 0x6F, 0x63, 0x3A, 0x01,
0x00, 0x00, 0x00, 0x00, 0x00, 0x00, 0x00, 0x00, 0x74, 0xFF, 0xEE, 0xED, 0xFF, 0xFF, 0xFF, 0xFF,
0xFF, 0xDE, 0x46, 0x00, 0x00, 0x00, 0x00, 0x00, 0x00, 0x00, 0x74, 0xFF, 0xFF, 0xE6, 0x9D, 0x7B,
0x6A, 0x89, 0xE1, 0xFF, 0xFD, 0x45, 0x00, 0x00, 0x00, 0x00, 0x00, 0x00, 0x74, 0xFF, 0xC8, 0x02,
0x00, 0x00, 0x00, 0x00, 0x0A, 0xC4, 0xFF, 0xDC, 0x01, 0x00, 0x00, 0x00, 0x00, 0x00, 0x74, 0xFF,
0xC0, 0x00, 0x00, 0x00, 0x00, 0x00, 0x00, 0x2D, 0xFF, 0xFF, 0x33, 0x00, 0x00, 0x00, 0x00, 0x00,
0x74, 0xFF, 0xC0, 0x00, 0x00, 0x00, 0x00, 0x00, 0x00, 0x00, 0xEF, 0xFF, 0x54, 0x00, 0x00, 0x00,
0x00, 0x00, 0x74, 0xFF, 0xC0, 0x00, 0x00, 0x00, 0x00, 0x00, 0x00, 0x00, 0xD2, 0xFF, 0x60, 0x00,
0x00, 0x00, 0x00, 0x00, 0x74, 0xFF, 0xC0, 0x00, 0x00, 0x00, 0x00, 0x00, 0x00, 0x00, 0xD0, 0xFF,
0x60, 0x00, 0x00, 0x00, 0x00, 0x00, 0x74, 0xFF, 0xC0, 0x00, 0x00, 0x00, 0x00, 0x00, 0x00, 0x00,
0xD0, 0xFF, 0x60, 0x00, 0x00, 0x00, 0x00, 0x00, 0x74, 0xFF, 0xC0, 0x00, 0x00, 0x00, 0x00, 0x00,
0x00, 0x00, 0xD0, 0xFF, 0x60, 0x00, 0x00, 0x00, 0x00, 0x00, 0x74, 0xFF, 0xC0, 0x00, 0x00, 0x00,
0x00, 0x00, 0x00, 0x00, 0xD0, 0xFF, 0x60, 0x00, 0x00, 0x00, 0x00, 0x00, 0x00, 0x00, 0x83, 0xA3,
0x7C, 0x06, 0x00, 0x00, 0x00, 0x00, 0x00, 0x00, 0x00, 0x00, 0x79, 0xFF, 0xDE, 0x2E, 0x00, 0x00,
0x00, 0x00, 0x00, 0x00, 0x00, 0x00, 0x59, 0xFE, 0xBB, 0x12, 0x00, 0x00, 0x00, 0x00, 0x00, 0x00,
0x00, 0x00, 0x22, 0xE8, 0x8D, 0x03, 0x00, 0x00, 0x00, 0x00, 0x00, 0x00, 0x00, 0x00, 0x00, 0x00,
0x00, 0x00, 0x00, 0x00, 0x00, 0x1E, 0x2B, 0x07, 0xA6, 0xF8, 0x83, 0x00, 0x00, 0x00, 0x00, 0x00,
0x13, 0xBC, 0xFF, 0xFF, 0x9B, 0xAC, 0xFF, 0x88, 0x00, 0x00, 0x00, 0x00, 0x05, 0xC3, 0xFF, 0xDF,
0xB5, 0x4C, 0xAC, 0xFF, 0x88, 0x00, 0x00, 0x00, 0x00, 0x89, 0xFF, 0xC8, 0x0A, 0x00, 0x00, 0xAC,
0xFF, 0x88, 0x00, 0x00, 0x00, 0x43, 0xFD, 0xF1, 0x20, 0x00, 0x00, 0x00, 0xAC, 0xFF, 0x88, 0x00,
0x00, 0x13, 0xE5, 0xFF, 0x5B, 0x00, 0x00, 0x00, 0x00, 0xAC, 0xFF, 0x88, 0x00, 0x00, 0xB1, 0xFF,
0xA5, 0x00, 0x00, 0x00, 0x00, 0x00, 0xAC, 0xFF, 0x88, 0x00, 0x6B, 0xFF, 0xE0, 0x0F, 0x00, 0x00,
0x00, 0x00, 0x00, 0xAC, 0xFF, 0xE7, 0xCC, 0xF8, 0xFF, 0x4B, 0x00, 0x00, 0x00, 0x00, 0x00, 0x00,
0xAC, 0xFF, 0xFF, 0xFF, 0xFF, 0xFF, 0xAA, 0x00, 0x00, 0x00, 0x00, 0x00, 0x00, 0xAC, 0xFF, 0x93,
0x18, 0x38, 0xF8, 0xFF, 0x60, 0x00, 0x00, 0x00, 0x00, 0x00, 0xAC, 0xFF, 0x88, 0x00, 0x00, 0x71,
0xFF, 0xF2, 0x22, 0x00, 0x00, 0x00, 0x00, 0xAC, 0xFF, 0x88, 0x00, 0x00, 0x01, 0xBC, 0xFF, 0xC6,
0x03, 0x00, 0x00, 0x00, 0xAC, 0xFF, 0x88, 0x00, 0x00, 0x00, 0x1C, 0xEF, 0xFF, 0x7F, 0x00, 0x00,
0x00, 0xAC, 0xFF, 0x88, 0x00, 0x00, 0x00, 0x00, 0x59, 0xFF, 0xFC, 0x39, 0x00, 0x00, 0xAC, 0xFF,
0x88, 0x00, 0x00, 0x00, 0x00, 0x00, 0xA7, 0xFF, 0xDD, 0x0D, 0x00, 0xAC, 0xFF, 0x88, 0x00, 0x00,
0x00, 0x00, 0x00, 0x10, 0xE3, 0xFF, 0x9F, 0x00, 0xAC, 0xFF, 0x88, 0x00, 0x00, 0x00, 0x00, 0x00,
0x00, 0x43, 0xFE, 0xFF, 0x55, 0x00, 0x00, 0x00, 0x26, 0x91, 0xAC, 0x47, 0x00, 0x00, 0x00, 0x00,
0x00, 0x00, 0x00, 0x00, 0x00, 0x00, 0x00, 0x00, 0x69, 0xFA, 0xF2, 0x2F, 0x00, 0x00, 0x00, 0x00,
0x00, 0x00, 0x00, 0x00, 0x00, 0x00, 0x00, 0x00, 0x3B, 0xE7, 0xE4, 0x1C, 0x00, 0x00, 0x00, 0x00,
0x00, 0x00, 0x00, 0x00, 0x00, 0x00, 0x00, 0x00, 0x1A, 0xC7, 0xB3, 0x02, 0x00, 0x00, 0x00, 0x00,
0x00, 0x00, 0x00, 0x00, 0x00, 0x00, 0x00, 0x00, 0x00, 0x00, 0x00, 0x00, 0x00, 0x00, 0x00, 0x00,
0xAA, 0xF8, 0x64, 0x00, 0x00, 0x00, 0x00, 0x00, 0x00, 0x00, 0x03, 0xC7, 0xF8, 0xF8, 0x03, 0xB0,
0xFF, 0x68, 0x00, 0x00, 0x00, 0x00, 0x00, 0x00, 0x00, 0x78, 0xFF, 0xFF, 0xFF, 0x04, 0xB0, 0xFF,
0x68, 0x00, 0x00, 0x00, 0x00, 0x00, 0x00, 0x27, 0xF7, 0xFE, 0xFD, 0xFF, 0x04, 0xB0, 0xFF, 0x68,
0x00, 0x00, 0x00, 0x00, 0x00, 0x02, 0xC5, 0xFF, 0x99, 0xFB, 0xFF, 0x04, 0xB0, 0xFF, 0x68, 0x00,
0x00, 0x00, 0x00, 0x00, 0x70, 0xFF, 0xE3, 0x16, 0xFF, 0xFF, 0x04, 0xB0, 0xFF, 0x68, 0x00, 0x00,
0x00, 0x00, 0x22, 0xF5, 0xFF, 0x49, 0x0F, 0xFF, 0xFF, 0x04, 0xB0, 0xFF, 0x68, 0x00, 0x00, 0x00,
0x01, 0xBF, 0xFF, 0xA1, 0x00, 0x12, 0xFF, 0xFF, 0x04, 0xB0, 0xFF, 0x68, 0x00, 0x00, 0x00, 0x69,
0xFF, 0xE7, 0x11, 0x00, 0x14, 0xFF, 0xFF, 0x04, 0xB0, 0xFF, 0x68, 0x00, 0x00, 0x1E, 0xF2, 0xFF,
0x51, 0x00, 0x00, 0x14, 0xFF, 0xFF, 0x04, 0xB0, 0xFF, 0x68, 0x00, 0x00, 0xB9, 0xFF, 0xA8, 0x00,
0x00, 0x00, 0x14, 0xFF, 0xFF, 0x04, 0xB0, 0xFF, 0x67, 0x00, 0x62, 0xFF, 0xEB, 0x15, 0x00, 0x00,
0x00, 0x14, 0xFF, 0xFF, 0x04, 0xB0, 0xFF, 0x63, 0x1A, 0xEF, 0xFF, 0x58, 0x00, 0x00, 0x00, 0x00,
0x14, 0xFF, 0xFF, 0x04, 0xB0, 0xFF, 0x5D, 0xB2, 0xFF, 0xB0, 0x00, 0x00, 0x00, 0x00, 0x00, 0x14,
0xFF, 0xFF, 0x04, 0xB0, 0xFF, 0xAC, 0xFF, 0xEE, 0x19, 0x00, 0x00, 0x00, 0x00, 0x00, 0x14, 0xFF,
0xFF, 0x04, 0xB0, 0xFF, 0xFF, 0xFF, 0x60, 0x00, 0x00, 0x00, 0x00, 0x00, 0x00, 0x14, 0xFF, 0xFF,
0x04, 0xB0, 0xFF, 0xFF, 0xB7, 0x00, 0x00, 0x00, 0x00, 0x00, 0x00, 0x00, 0x14, 0xFF, 0xFF, 0x04,
0xB0, 0xFF, 0xF2, 0x1D, 0x00, 0x00, 0x00, 0x00, 0x00, 0x00, 0x00, 0x14, 0xFF, 0xFF, 0x04, 0x00,
0x00, 0x00, 0x16, 0x50, 0x25, 0x00, 0x00, 0x00, 0x02, 0x4F, 0x3B, 0x00, 0x00, 0x00, 0x00, 0x00,
0x00, 0x00, 0x1A, 0xFC, 0xBD, 0x00, 0x00, 0x00, 0x4B, 0xFF, 0x88, 0x00, 0x00, 0x00, 0x00, 0x00,
0x00, 0x00, 0x00, 0x89, 0xFF, 0xB6, 0x6E, 0x87, 0xF1, 0xE3, 0x16, 0x00, 0x00, 0x00, 0x00, 0x00,
0x00, 0x00, 0x00, 0x00, 0x5E, 0xC2, 0xE4, 0xD8, 0x96, 0x18, 0x00, 0x00, 0x00, 0x00, 0x00, 0x00,
0x00, 0x00, 0x00, 0x00, 0x00, 0x00, 0x00, 0x00, 0x00, 0x00, 0x00, 0x00, 0x00, 0x00, 0x00, 0xBE,
0xF8, 0xA4, 0x00, 0x00, 0x00, 0x00, 0x00, 0x00, 0x00, 0x00, 0x00, 0x57, 0xF8, 0xD8, 0x04, 0x43,
0xFF, 0xFD, 0x29, 0x00, 0x00, 0x00, 0x00, 0x00, 0x00, 0x00, 0x00, 0xCF, 0xFF, 0x6A, 0x00, 0x00,
0xBE, 0xFF, 0xA5, 0x00, 0x00, 0x00, 0x00, 0x00, 0x00, 0x00, 0x47, 0xFF, 0xE7, 0x08, 0x00, 0x00,
0x3A, 0xFF, 0xFD, 0x28, 0x00, 0x00, 0x00, 0x00, 0x00, 0x00, 0xBF, 0xFF, 0x74, 0x00, 0x00, 0x00,
0x00, 0xB7, 0xFF, 0xA4, 0x00, 0x00, 0x00, 0x00, 0x00, 0x36, 0xFF, 0xEC, 0x0C, 0x00, 0x00, 0x00,
0x00, 0x33, 0xFF, 0xFC, 0x26, 0x00, 0x00, 0x00, 0x00, 0xAE, 0xFF, 0x7D, 0x00, 0x00, 0x00, 0x00,
0x00, 0x00, 0xAF, 0xFF, 0xA2, 0x00, 0x00, 0x00, 0x27, 0xFD, 0xF2, 0x10, 0x00, 0x00, 0x00, 0x00,
0x00, 0x00, 0x2C, 0xFD, 0xFC, 0x25, 0x00, 0x00, 0x9D, 0xFF, 0x87, 0x00, 0x00, 0x00, 0x00, 0x00,
0x00, 0x00, 0x00, 0xA7, 0xFF, 0xA1, 0x00, 0x1A, 0xF9, 0xF6, 0x16, 0x00, 0x00, 0x00, 0x00, 0x00,
0x00, 0x00, 0x00, 0x26, 0xFC, 0xFC, 0x24, 0x8C, 0xFF, 0x90, 0x00, 0x00, 0x00, 0x00, 0x00, 0x00,
0x00, 0x00, 0x00, 0x00, 0x9F, 0xFF, 0xAE, 0xF2, 0xF9, 0x1C, 0x00, 0x00, 0x00, 0x00, 0x00, 0x00,
0x00, 0x00, 0x00, 0x00, 0x20, 0xFA, 0xFF, 0xFF, 0x9A, 0x00, 0x00, 0x00, 0x00, 0x00, 0x00, 0x00,
0x00, 0x00, 0x00, 0x00, 0x00, 0x96, 0xFF, 0xFC, 0x23, 0x00, 0x00, 0x00, 0x00, 0x00, 0x00, 0x00,
0x00, 0x00, 0x00, 0x00, 0x00, 0x96, 0xFF, 0xA0, 0x00, 0x00, 0x00, 0x00, 0x00, 0x00, 0x00, 0x00,
0x00, 0x00, 0x00, 0x00, 0x3B, 0xFB, 0xF8, 0x1F, 0x00, 0x00, 0x00, 0x00, 0x00, 0x00, 0x00, 0x00,
0x00, 0x2E, 0xA2, 0xA8, 0xF6, 0xFF, 0x73, 0x00, 0x00, 0x00, 0x00, 0x00, 0x00, 0x00, 0x00, 0x00,
0x00, 0x5D, 0xFF, 0xFF, 0xFC, 0x83, 0x00, 0x00, 0x00, 0x00, 0x00, 0x00, 0x00, 0x00, 0x00, 0x00,
0x00, 0x0A, 0x3F, 0x48, 0x19, 0x00, 0x00, 0x00, 0x00, 0x00, 0x00, 0x00, 0x00, 0x00, 0x00, 0xAA,
0xF8, 0x7C, 0x00, 0x00, 0x00, 0x00, 0x00, 0x00, 0x00, 0x00, 0x5D, 0xF8, 0xCD, 0xB0, 0xFF, 0x80,
0x00, 0x00, 0x00, 0x00, 0x00, 0x00, 0x00, 0x00, 0x60, 0xFF, 0xD4, 0xB0, 0xFF, 0x80, 0x00, 0x00,
0x00, 0x00, 0x00, 0x00, 0x00, 0x00, 0x60, 0xFF, 0xD4, 0xB0, 0xFF, 0x80, 0x00, 0x00, 0x00, 0x00,
0x00, 0x00, 0x00, 0x00, 0x60, 0xFF, 0xD4, 0xB0, 0xFF, 0x80, 0x00, 0x00, 0x00, 0x00, 0x00, 0x00,
0x00, 0x00, 0x60, 0xFF, 0xD4, 0xB0, 0xFF, 0x80, 0x00, 0x00, 0x00, 0x00, 0x00, 0x00, 0x00, 0x00,
0x60, 0xFF, 0xD4, 0xB0, 0xFF, 0x80, 0x00, 0x00, 0x00, 0x00, 0x00, 0x00, 0x00, 0x00, 0x60, 0xFF,
0xD4, 0xB0, 0xFF, 0x80, 0x00, 0x00, 0x00, 0x00, 0x00, 0x00, 0x00, 0x00, 0x60, 0xFF, 0xD4, 0xB0,
0xFF, 0x80, 0x00, 0x00, 0x00, 0x00, 0x00, 0x00, 0x00, 0x00, 0x60, 0xFF, 0xD4, 0xB0, 0xFF, 0x80,
0x00, 0x00, 0x00, 0x00, 0x00, 0x00, 0x00, 0x00, 0x60, 0xFF, 0xD4, 0xB0, 0xFF, 0x80, 0x00, 0x00,
0x00, 0x00, 0x00, 0x00, 0x00, 0x00, 0x60, 0xFF, 0xD4, 0xB0, 0xFF, 0x80, 0x00, 0x00, 0x00, 0x00,
0x00, 0x00, 0x00, 0x00, 0x60, 0xFF, 0xD4, 0xB0, 0xFF, 0x80, 0x00, 0x00, 0x00, 0x00, 0x00, 0x00,
0x00, 0x00, 0x60, 0xFF, 0xD4, 0xB0, 0xFF, 0x80, 0x00, 0x00, 0x00, 0x00, 0x00, 0x00, 0x00, 0x00,
0x60, 0xFF, 0xD4, 0xB0, 0xFF, 0x80, 0x00, 0x00, 0x00, 0x00, 0x00, 0x00, 0x00, 0x00, 0x60, 0xFF,
0xD4, 0xB0, 0xFF, 0xFF, 0xFF, 0xFF, 0xFF, 0xFF, 0xFF, 0xFF, 0xFF, 0xFF, 0xFF, 0xFF, 0xD4, 0xB0,
0xFF, 0xFF, 0xFF, 0xFF, 0xFF, 0xFF, 0xFF, 0xFF, 0xFF, 0xFF, 0xFF, 0xFF, 0xD4, 0x00, 0x00, 0x00,
0x00, 0x00, 0x00, 0xE8, 0xFF, 0x48, 0x00, 0x00, 0x00, 0x00, 0x00, 0x00, 0x00, 0x00, 0x00, 0x00,
0x00, 0xE8, 0xFF, 0x48, 0x00, 0x00, 0x00, 0x00, 0x00, 0x00, 0x00, 0x00, 0x00, 0x00, 0x00, 0xE8,
0xFF, 0x48, 0x00, 0x00, 0x00, 0x00, 0x00, 0x00, 0x00, 0x00, 0x00, 0x00, 0x00, 0xBA, 0xB7, 0x2F,
0x00, 0x00, 0x00, 0x00, 0x00, 0x00, 0x00, 0x00, 0x00, 0x00, 0x00, 0x66, 0xF8, 0xE9, 0x09, 0x00,
0x00, 0x00, 0x00, 0x00, 0x00, 0x00, 0x00, 0x00, 0x00, 0x00, 0x00, 0xCE, 0xFF, 0xFF, 0x61, 0x00,
0x00, 0x00, 0x00, 0x00, 0x00, 0x00, 0x00, 0x00, 0x00, 0x00, 0x35, 0xFF, 0xEB, 0xFF, 0xCA, 0x00,
0x00, 0x00, 0x00, 0x00, 0x00, 0x00, 0x00, 0x00, 0x00, 0x00, 0x9C, 0xFF, 0x6C, 0xE1, 0xFF, 0x33,
0x00, 0x00, 0x00, 0x00, 0x00, 0x00, 0x00, 0x00, 0x00, 0x0E, 0xF4, 0xFB, 0x15, 0x84, 0xFF, 0x9C,
0x00, 0x00, 0x00, 0x00, 0x00, 0x00, 0x00, 0x00, 0x00, 0x69, 0xFF, 0xB0, 0x00, 0x23, 0xFE, 0xF5,
0x0F, 0x00, 0x00, 0x00, 0x00, 0x00, 0x00, 0x00, 0x00, 0xCF, 0xFF, 0x4E, 0x00, 0x00, 0xBF, 0xFF,
0x6E, 0x00, 0x00, 0x00, 0x00, 0x00, 0x00, 0x00, 0x36, 0xFF, 0xE7, 0x04, 0x00, 0x00, 0x5D, 0xFF,
0xD6, 0x00, 0x00, 0x00, 0x00, 0x00, 0x00, 0x00, 0x9D, 0xFF, 0x89, 0x00, 0x00, 0x00, 0x09, 0xF0,
0xFF, 0x3F, 0x00, 0x00, 0x00, 0x00, 0x00, 0x0E, 0xF4, 0xFF, 0x27, 0x00, 0x00, 0x00, 0x00, 0x98,
0xFF, 0xA8, 0x00, 0x00, 0x00, 0x00, 0x00, 0x6A, 0xFF, 0xF9, 0xBC, 0xBC, 0xBC, 0xBC, 0xBC, 0xD3,
0xFF, 0xFA, 0x17, 0x00, 0x00, 0x00, 0x00, 0xD0, 0xFF, 0xFF, 0xFF, 0xFF, 0xFF, 0xFF, 0xFF, 0xFF,
0xFF, 0xFF, 0x7A, 0x00, 0x00, 0x00, 0x37, 0xFF, 0xF6, 0x1B, 0x10, 0x10, 0x10, 0x10, 0x10, 0x10,
0x6F, 0xFF, 0xE0, 0x02, 0x00, 0x00, 0x9D, 0xFF, 0xA3, 0x00, 0x00, 0x00, 0x00, 0x00, 0x00, 0x00,
0x0F, 0xF5, 0xFF, 0x4C, 0x00, 0x0E, 0xF5, 0xFF, 0x42, 0x00, 0x00, 0x00, 0x00, 0x00, 0x00, 0x00,
0x00, 0xA1, 0xFF, 0xB5, 0x00, 0x6A, 0xFF, 0xE0, 0x01, 0x00, 0x00, 0x00, 0x00, 0x00, 0x00, 0x00,
0x00, 0x3E, 0xFF, 0xFD, 0x20, 0xD0, 0xFF, 0x80, 0x00, 0x00, 0x00, 0x00, 0x00, 0x00, 0x00, 0x00,
0x00, 0x00, 0xD9, 0xFF, 0x87, 0xA6, 0xF8, 0xF8, 0xF8, 0xF8, 0xF8, 0xF8, 0xF8, 0xF8, 0xB5, 0x00,
0x00, 0xAC, 0xFF, 0xF4, 0xE8, 0xE8, 0xE8, 0xE8, 0xE8, 0xE8, 0x8C, 0x00, 0x00, 0xAC, 0xFF, 0x88,
0x00, 0x00, 0x00, 0x00, 0x00, 0x00, 0x00, 0x00, 0x00, 0xAC, 0xFF, 0x88, 0x00, 0x00, 0x00, 0x00,
0x00, 0x00, 0x00, 0x00, 0x00, 0xAC, 0xFF, 0x88, 0x00, 0x00, 0x00, 0x00, 0x00, 0x00, 0x00, 0x00,
0x00, 0xAC, 0xFF, 0x88, 0x00, 0x00, 0x00, 0x00, 0x00, 0x00, 0x00, 0x00, 0x00, 0xAC, 0xFF, 0x88,
0x00, 0x00, 0x00, 0x00, 0x00, 0x00, 0x00, 0x00, 0x00, 0xAC, 0xFF, 0xF6, 0xEC, 0xEC, 0xEC, 0xE1,
0xC8, 0x89, 0x24, 0x00, 0x00, 0xAC, 0xFF, 0xEB, 0xD4, 0xD4, 0xD6, 0xEF, 0xFF, 0xFF, 0xF8, 0x5E,
0x00, 0xAC, 0xFF, 0x88, 0x00, 0x00, 0x00, 0x00, 0x25, 0xAF, 0xFF, 0xFB, 0x26, 0xAC, 0xFF, 0x88,
0x00, 0x00, 0x00, 0x00, 0x00, 0x07, 0xD9, 0xFF, 0x85, 0xAC, 0xFF, 0x88, 0x00, 0x00, 0x00, 0x00,
0x00, 0x00, 0x99, 0xFF, 0xA9, 0xAC, 0xFF, 0x88, 0x00, 0x00, 0x00, 0x00, 0x00, 0x00, 0x92, 0xFF,
0x9D, 0xAC, 0xFF, 0x88, 0x00, 0x00, 0x00, 0x00, 0x00, 0x03, 0xD7, 0xFF, 0x6C, 0xAC, 0xFF, 0x88,
0x00, 0x00, 0x00, 0x00, 0x28, 0xAE, 0xFF, 0xE9, 0x0E, 0xAC, 0xFF, 0xE3, 0xC4, 0xC4, 0xCB, 0xE6,
0xFE, 0xFF, 0xE6, 0x35, 0x00, 0xAC, 0xFF, 0xFF, 0xFF, 0xFF, 0xFB, 0xE8, 0xC2, 0x76, 0x0E, 0x00,
0x00, 0xA6, 0xF8, 0xF8, 0xF8, 0xF8, 0xF1, 0xD9, 0xA0, 0x34, 0x00, 0x00, 0x00, 0xAC, 0xFF, 0xE3,
0xC8, 0xC8, 0xDC, 0xFA, 0xFF, 0xFD, 0x5E, 0x00, 0x00, 0xAC, 0xFF, 0x7C, 0x00, 0x00, 0x00, 0x16,
0xAB, 0xFF, 0xF3, 0x0B, 0x00, 0xAC, 0xFF, 0x7C, 0x00, 0x00, 0x00, 0x00, 0x10, 0xFE, 0xFF, 0x39,
0x00, 0xAC, 0xFF, 0x7C, 0x00, 0x00, 0x00, 0x00, 0x04, 0xFB, 0xFF, 0x2C, 0x00, 0xAC, 0xFF, 0x7C,
0x00, 0x00, 0x00, 0x00, 0x57, 0xFF, 0xE3, 0x05, 0x00, 0xAC, 0xFF, 0x7C, 0x00, 0x00, 0x05, 0x5B,
0xF1, 0xF9, 0x4D, 0x00, 0x00, 0xAC, 0xFF, 0xEF, 0xE0, 0xE1, 0xF7, 0xFF, 0xCF, 0x37, 0x00, 0x00,
0x00, 0xAC, 0xFF, 0xEB, 0xD8, 0xD8, 0xED, 0xFF, 0xFF, 0xCF, 0x45, 0x00, 0x00, 0xAC, 0xFF, 0x7C,
0x00, 0x00, 0x00, 0x10, 0x79, 0xF6, 0xFD, 0x50, 0x00, 0xAC, 0xFF, 0x7C, 0x00, 0x00, 0x00, 0x00,
0x00, 0x61, 0xFF, 0xE2, 0x02, 0xAC, 0xFF, 0x7C, 0x00, 0x00, 0x00, 0x00, 0x00, 0x09, 0xFE, 0xFF,
0x2A, 0xAC, 0xFF, 0x7C, 0x00, 0x00, 0x00, 0x00, 0x00, 0x08, 0xFD, 0xFF, 0x35, 0xAC, 0xFF, 0x7C,
0x00, 0x00, 0x00, 0x00, 0x00, 0x47, 0xFF, 0xFB, 0x11, 0xAC, 0xFF, 0x7C, 0x00, 0x00, 0x00, 0x00,
0x37, 0xE3, 0xFF, 0xA3, 0x00, 0xAC, 0xFF, 0xDF, 0xC0, 0xC0, 0xC4, 0xE2, 0xFF, 0xFF, 0xC7, 0x0E,
0x00, 0xAC, 0xFF, 0xFF, 0xFF, 0xFF, 0xFC, 0xE8, 0xBA, 0x63, 0x03, 0x00, 0x00, 0xA6, 0xF8, 0xF8,
0xF8, 0xF8, 0xF8, 0xF8, 0xF8, 0xF8, 0x9C, 0xAC, 0xFF, 0xF1, 0xE0, 0xE0, 0xE0, 0xE0, 0xE0, 0xE0,
0x70, 0xAC, 0xFF, 0x88, 0x00, 0x00, 0x00, 0x00, 0x00, 0x00, 0x00, 0xAC, 0xFF, 0x88, 0x00, 0x00,
0x00, 0x00, 0x00, 0x00, 0x00, 0xAC, 0xFF, 0x88, 0x00, 0x00, 0x00, 0x00, 0x00, 0x00, 0x00, 0xAC,
0xFF, 0x88, 0x00, 0x00, 0x00, 0x00, 0x00, 0x00, 0x00, 0xAC, 0xFF, 0x88, 0x00, 0x00, 0x00, 0x00,
0x00, 0x00, 0x00, 0xAC, 0xFF, 0x88, 0x00, 0x00, 0x00, 0x00, 0x00, 0x00, 0x00, 0xAC, 0xFF, 0x88,
0x00, 0x00, 0x00, 0x00, 0x00, 0x00, 0x00, 0xAC, 0xFF, 0x88, 0x00, 0x00, 0x00, 0x00, 0x00, 0x00,
0x00, 0xAC, 0xFF, 0x88, 0x00, 0x00, 0x00, 0x00, 0x00, 0x00, 0x00, 0xAC, 0xFF, 0x88, 0x00, 0x00,
0x00, 0x00, 0x00, 0x00, 0x00, 0xAC, 0xFF, 0x88, 0x00, 0x00, 0x00, 0x00, 0x00, 0x00, 0x00, 0xAC,
0xFF, 0x88, 0x00, 0x00, 0x00, 0x00, 0x00, 0x00, 0x00, 0xAC, 0xFF, 0x88, 0x00, 0x00, 0x00, 0x00,
0x00, 0x00, 0x00, 0xAC, 0xFF, 0x88, 0x00, 0x00, 0x00, 0x00, 0x00, 0x00, 0x00, 0xAC, 0xFF, 0x88,
0x00, 0x00, 0x00, 0x00, 0x00, 0x00, 0x00, 0x00, 0x00, 0x00, 0x00, 0x12, 0xF8, 0xF8, 0xF8, 0xF8,
0xF8, 0xF8, 0xF8, 0xF8, 0xF8, 0xF8, 0x45, 0x00, 0x00, 0x00, 0x00, 0x00, 0x00, 0x21, 0xFF, 0xFF,
0xFF, 0xFF, 0xFF, 0xFF, 0xFF, 0xFF, 0xFF, 0xFF, 0x48, 0x00, 0x00, 0x00, 0x00, 0x00, 0x00, 0x30,
0xFF, 0xEF, 0x04, 0x04, 0x04, 0x04, 0x04, 0x04, 0xE8, 0xFF, 0x48, 0x00, 0x00, 0x00, 0x00, 0x00,
0x00, 0x3E, 0xFF, 0xDE, 0x00, 0x00, 0x00, 0x00, 0x00, 0x00, 0xE8, 0xFF, 0x48, 0x00, 0x00, 0x00,
0x00, 0x00, 0x00, 0x51, 0xFF, 0xCD, 0x00, 0x00, 0x00, 0x00, 0x00, 0x00, 0xE8, 0xFF, 0x48, 0x00,
0x00, 0x00, 0x00, 0x00, 0x00, 0x72, 0xFF, 0xBA, 0x00, 0x00, 0x00, 0x00, 0x00, 0x00, 0xE8, 0xFF,
0x48, 0x00, 0x00, 0x00, 0x00, 0x00, 0x00, 0x94, 0xFF, 0x97, 0x00, 0x00, 0x00, 0x00, 0x00, 0x00,
0xE8, 0xFF, 0x48, 0x00, 0x00, 0x00, 0x00, 0x00, 0x00, 0xB6, 0xFF, 0x73, 0x00, 0x00, 0x00, 0x00,
0x00, 0x00, 0xE8, 0xFF, 0x48, 0x00, 0x00, 0x00, 0x00, 0x00, 0x00, 0xDB, 0xFF, 0x4F, 0x00, 0x00,
0x00, 0x00, 0x00, 0x00, 0xE8, 0xFF, 0x48, 0x00, 0x00, 0x00, 0x00, 0x00, 0x0E, 0xFE, 0xFF, 0x23,
0x00, 0x00, 0x00, 0x00, 0x00, 0x00, 0xE8, 0xFF, 0x48, 0x00, 0x00, 0x00, 0x00, 0x00, 0x44, 0xFF,
0xED, 0x00, 0x00, 0x00, 0x00, 0x00, 0x00, 0x00, 0xE8, 0xFF, 0x48, 0x00, 0x00, 0x00, 0x00, 0x00,
0x86, 0xFF, 0xAF, 0x00, 0x00, 0x00, 0x00, 0x00, 0x00, 0x00, 0xE8, 0xFF, 0x48, 0x00, 0x00, 0x00,
0x00, 0x00, 0xD1, 0xFF, 0x68, 0x00, 0x00, 0x00, 0x00, 0x00, 0x00, 0x00, 0xE8, 0xFF, 0x48, 0x00,
0x00, 0x00, 0x00, 0x27, 0xFF, 0xFC, 0x17, 0x00, 0x00, 0x00, 0x00, 0x00, 0x00, 0x00, 0xE8, 0xFF,
0x48, 0x00, 0x00, 0x00, 0x00, 0x8F, 0xFF, 0xB0, 0x00, 0x00, 0x00, 0x00, 0x00, 0x00, 0x00, 0x00,
0xE8, 0xFF, 0x48, 0x00, 0x00, 0x14, 0xFF, 0xFF, 0xFF, 0xFF, 0xFF, 0xFF, 0xFF, 0xFF, 0xFF, 0xFF,
0xFF, 0xFF, 0xFF, 0xFF, 0xFF, 0xFF, 0xCC, 0x14, 0xFF, 0xFF, 0xFF, 0xFF, 0xFF, 0xFF, 0xFF, 0xFF,
0xFF, 0xFF, 0xFF, 0xFF, 0xFF, 0xFF, 0xFF, 0xFF, 0xCC, 0x14, 0xFF, 0xFF, 0x1C, 0x00, 0x00, 0x00,
0x00, 0x00, 0x00, 0x00, 0x00, 0x00, 0x00, 0x00, 0x68, 0xFF, 0xCC, 0x14, 0xFF, 0xFF, 0x1C, 0x00,
0x00, 0x00, 0x00, 0x00, 0x00, 0x00, 0x00, 0x00, 0x00, 0x00, 0x68, 0xFF, 0xCC, 0x14, 0xFF, 0xFF,
0x1C, 0x00, 0x00, 0x00, 0x00, 0x00, 0x00, 0x00, 0x00, 0x00, 0x00, 0x00, 0x68, 0xFF, 0xCC, 0x10,
0xCB, 0xB3, 0x12, 0x00, 0x00, 0x00, 0x00, 0x00, 0x00, 0x00, 0x00, 0x00, 0x00, 0x00, 0x55, 0xC3,
0x8A, 0xA6, 0xF8, 0xF8, 0xF8, 0xF8, 0xF8, 0xF8, 0xF8, 0xF8, 0xE2, 0x00, 0xAC, 0xFF, 0xF6, 0xEC,
0xEC, 0xEC, 0xEC, 0xEC, 0xEC, 0xB6, 0x00, 0xAC, 0xFF, 0x88, 0x00, 0x00, 0x00, 0x00, 0x00, 0x00,
0x00, 0x00, 0xAC, 0xFF, 0x88, 0x00, 0x00, 0x00, 0x00, 0x00, 0x00, 0x00, 0x00, 0xAC, 0xFF, 0x88,
0x00, 0x00, 0x00, 0x00, 0x00, 0x00, 0x00, 0x00, 0xAC, 0xFF, 0x88, 0x00, 0x00, 0x00, 0x00, 0x00,
0x00, 0x00, 0x00, 0xAC, 0xFF, 0x88, 0x00, 0x00, 0x00, 0x00, 0x00, 0x00, 0x00, 0x00, 0xAC, 0xFF,
0xDA, 0xB0, 0xB0, 0xB0, 0xB0, 0xB0, 0xB0, 0x37, 0x00, 0xAC, 0xFF, 0xFF, 0xFF, 0xFF, 0xFF, 0xFF,
0xFF, 0xFF, 0x50, 0x00, 0xAC, 0xFF, 0x98, 0x24, 0x24, 0x24, 0x24, 0x24, 0x24, 0x0B, 0x00, 0xAC,
0xFF, 0x88, 0x00, 0x00, 0x00, 0x00, 0x00, 0x00, 0x00, 0x00, 0xAC, 0xFF, 0x88, 0x00, 0x00, 0x00,
0x00, 0x00, 0x00, 0x00, 0x00, 0xAC, 0xFF, 0x88, 0x00, 0x00, 0x00, 0x00, 0x00, 0x00, 0x00, 0x00,
0xAC, 0xFF, 0x88, 0x00, 0x00, 0x00, 0x00, 0x00, 0x00, 0x00, 0x00, 0xAC, 0xFF, 0x88, 0x00, 0x00,
0x00, 0x00, 0x00, 0x00, 0x00, 0x00, 0xAC, 0xFF, 0xF4, 0xE8, 0xE8, 0xE8, 0xE8, 0xE8, 0xE8, 0xE4,
0x03, 0xAC, 0xFF, 0xFF, 0xFF, 0xFF, 0xFF, 0xFF, 0xFF, 0xFF, 0xE0, 0x00, 0x0D, 0x2D, 0x17, 0x00,
0x00, 0x00, 0x00, 0x00, 0x00, 0x00, 0x00, 0x00, 0x00, 0x00, 0x00, 0x00, 0x00, 0x00, 0x19, 0x2D,
0x0D, 0xC7, 0xFF, 0xFE, 0xA3, 0x07, 0x00, 0x00, 0x00, 0x00, 0x93, 0xF8, 0x97, 0x00, 0x00, 0x00,
0x00, 0x07, 0x9E, 0xFF, 0xFF, 0xC4, 0x6F, 0xB3, 0xEB, 0xFF, 0x97, 0x00, 0x00, 0x00, 0x00, 0x98,
0xFF, 0x9C, 0x00, 0x00, 0x00, 0x00, 0x92, 0xFF, 0xEB, 0xB3, 0x6E, 0x00, 0x00, 0x1D, 0xEA, 0xFF,
0x44, 0x00, 0x00, 0x00, 0x98, 0xFF, 0x9C, 0x00, 0x00, 0x00, 0x42, 0xFF, 0xE8, 0x1C, 0x00, 0x00,
0x00, 0x00, 0x00, 0x57, 0xFF, 0xDE, 0x0B, 0x00, 0x00, 0x98, 0xFF, 0x9C, 0x00, 0x00, 0x0A, 0xDD,
0xFF, 0x52, 0x00, 0x00, 0x00, 0x00, 0x00, 0x00, 0x00, 0xB4, 0xFF, 0x8F, 0x00, 0x00, 0x98, 0xFF,
0x9C, 0x00, 0x00, 0x8E, 0xFF, 0xB2, 0x00, 0x00, 0x00, 0x00, 0x00, 0x00, 0x00, 0x00, 0x1E, 0xF4,
0xFD, 0x37, 0x00, 0x98, 0xFF, 0x9C, 0x00, 0x37, 0xFD, 0xF3, 0x1D, 0x00, 0x00, 0x00, 0x00, 0x00,
0x00, 0x00, 0x00, 0x00, 0x71, 0xFF, 0xD4, 0x06, 0x98, 0xFF, 0x9C, 0x06, 0xD4, 0xFF, 0x6F, 0x00,
0x00, 0x00, 0x00, 0x00, 0x00, 0x00, 0x00, 0x00, 0x00, 0x03, 0xDB, 0xFF, 0xD8, 0xEA, 0xFF, 0xEB,
0xD8, 0xFF, 0xDB, 0x02, 0x00, 0x00, 0x00, 0x00, 0x00, 0x00, 0x00, 0x00, 0x00, 0x00, 0x3C, 0xFD,
0xFF, 0xFF, 0xFF, 0xFF, 0xFF, 0xFF, 0xFF, 0xFD, 0x3B, 0x00, 0x00, 0x00, 0x00, 0x00, 0x00, 0x00,
0x00, 0x00, 0x09, 0xDA, 0xFF, 0x90, 0x18, 0xA1, 0xFF, 0xA5, 0x18, 0x94, 0xFF, 0xD9, 0x08, 0x00,
0x00, 0x00, 0x00, 0x00, 0x00, 0x00, 0x00, 0x8E, 0xFF, 0xDE, 0x0A, 0x00, 0x98, 0xFF, 0x9C, 0x00,
0x0C, 0xE0, 0xFF, 0x8B, 0x00, 0x00, 0x00, 0x00, 0x00, 0x00, 0x00, 0x39, 0xFD, 0xFF, 0x45, 0x00,
0x00, 0x98, 0xFF, 0x9C, 0x00, 0x00, 0x47, 0xFF, 0xFD, 0x37, 0x00, 0x00, 0x00, 0x00, 0x00, 0x08,
0xD8, 0xFF, 0xA1, 0x00, 0x00, 0x00, 0x98, 0xFF, 0x9C, 0x00, 0x00, 0x00, 0xA2, 0xFF, 0xD6, 0x07,
0x00, 0x00, 0x00, 0x00, 0x8B, 0xFF, 0xEA, 0x13, 0x00, 0x00, 0x00, 0x98, 0xFF, 0x9C, 0x00, 0x00,
0x00, 0x13, 0xEA, 0xFF, 0x87, 0x00, 0x00, 0x00, 0x37, 0xFC, 0xFF, 0x59, 0x00, 0x00, 0x00, 0x00,
0x98, 0xFF, 0x9C, 0x00, 0x00, 0x00, 0x00, 0x58, 0xFF, 0xFC, 0x34, 0x00, 0x07, 0xD5, 0xFF, 0xB5,
0x00, 0x00, 0x00, 0x00, 0x00, 0x98, 0xFF, 0x9C, 0x00, 0x00, 0x00, 0x00, 0x00, 0xB3, 0xFF, 0xD3,
0x06, 0x87, 0xFF, 0xF3, 0x1E, 0x00, 0x00, 0x00, 0x00, 0x00, 0x98, 0xFF, 0x9C, 0x00, 0x00, 0x00,
0x00, 0x00, 0x1C, 0xF2, 0xFF, 0x83, 0x00, 0x00, 0x00, 0x00, 0x03, 0x1D, 0x2E, 0x1C, 0x01, 0x00,
0x00, 0x00, 0x00, 0x00, 0x00, 0x27, 0x9E, 0xED, 0xFF, 0xFF, 0xFF, 0xE5, 0x7D, 0x07, 0x00, 0x00,
0x00, 0x53, 0xF9, 0xFF, 0xDC, 0xA1, 0x96, 0xC1, 0xFF, 0xFF, 0xB2, 0x01, 0x00, 0x00, 0x36, 0xDF,
0x4A, 0x00, 0x00, 0x00, 0x00, 0x56, 0xFF, 0xFF, 0x49, 0x00, 0x00, 0x00, 0x0C, 0x00, 0x00, 0x00,
0x00, 0x00, 0x00, 0xCC, 0xFF, 0x85, 0x00, 0x00, 0x00, 0x00, 0x00, 0x00, 0x00, 0x00, 0x00, 0x00,
0xB8, 0xFF, 0x7A, 0x00, 0x00, 0x00, 0x00, 0x00, 0x00, 0x00, 0x00, 0x00, 0x0E, 0xF0, 0xFF, 0x39,
0x00, 0x00, 0x00, 0x00, 0x00, 0x00, 0x00, 0x00, 0x1D, 0xBF, 0xFF, 0x96, 0x00, 0x00, 0x00, 0x00,
0x00, 0x33, 0x9C, 0xA4, 0xC5, 0xFB, 0xDD, 0x6B, 0x00, 0x00, 0x00, 0x00, 0x00, 0x00, 0x54, 0xFF,
0xFF, 0xFF, 0xFF, 0xD5, 0x88, 0x12, 0x00, 0x00, 0x00, 0x00, 0x00, 0x0B, 0x24, 0x25, 0x32, 0x5C,
0xBD, 0xFF, 0xE7, 0x35, 0x00, 0x00, 0x00, 0x00, 0x00, 0x00, 0x00, 0x00, 0x00, 0x00, 0x92, 0xFF,
0xDC, 0x02, 0x00, 0x00, 0x00, 0x00, 0x00, 0x00, 0x00, 0x00, 0x00, 0x10, 0xFE, 0xFF, 0x31, 0x00,
0x00, 0x00, 0x00, 0x00, 0x00, 0x00, 0x00, 0x00, 0x00, 0xF8, 0xFF, 0x43, 0x00, 0x07, 0x00, 0x00,
0x00, 0x00, 0x00, 0x00, 0x00, 0x30, 0xFF, 0xFF, 0x23, 0x00, 0xC4, 0x84, 0x14, 0x00, 0x00, 0x00,
0x00, 0x1A, 0xCD, 0xFF, 0xC5, 0x00, 0x14, 0xF7, 0xFF, 0xFA, 0xC1, 0x9A, 0x93, 0xB3, 0xF5, 0xFF,
0xE7, 0x24, 0x00, 0x00, 0x20, 0x90, 0xE3, 0xFF, 0xFF, 0xFF, 0xFF, 0xEA, 0x95, 0x15, 0x00, 0x00,
0x00, 0x00, 0x00, 0x00, 0x16, 0x30, 0x35, 0x20, 0x02, 0x00, 0x00, 0x00, 0x00, 0xAA, 0xF8, 0x64,
0x00, 0x00, 0x00, 0x00, 0x00, 0x00, 0x00, 0x03, 0xC7, 0xF8, 0xF8, 0x03, 0xB0, 0xFF, 0x68, 0x00,
0x00, 0x00, 0x00, 0x00, 0x00, 0x00, 0x78, 0xFF, 0xFF, 0xFF, 0x04, 0xB0, 0xFF, 0x68, 0x00, 0x00,
0x00, 0x00, 0x00, 0x00, 0x27, 0xF7, 0xFE, 0xFD, 0xFF, 0x04, 0xB0, 0xFF, 0x68, 0x00, 0x00, 0x00,
0x00, 0x00, 0x02, 0xC5, 0xFF, 0x99, 0xFB, 0xFF, 0x04, 0xB0, 0xFF, 0x68, 0x00, 0x00, 0x00, 0x00,
0x00, 0x70, 0xFF, 0xE3, 0x16, 0xFF, 0xFF, 0x04, 0xB0, 0xFF, 0x68, 0x00, 0x00, 0x00, 0x00, 0x22,
0xF5, 0xFF, 0x49, 0x0F, 0xFF, 0xFF, 0x04, 0xB0, 0xFF, 0x68, 0x00, 0x00, 0x00, 0x01, 0xBF, 0xFF,
0xA1, 0x00, 0x12, 0xFF, 0xFF, 0x04, 0xB0, 0xFF, 0x68, 0x00, 0x00, 0x00, 0x69, 0xFF, 0xE7, 0x11,
0x00, 0x14, 0xFF, 0xFF, 0x04, 0xB0, 0xFF, 0x68, 0x00, 0x00, 0x1E, 0xF2, 0xFF, 0x51, 0x00, 0x00,
0x14, 0xFF, 0xFF, 0x04, 0xB0, 0xFF, 0x68, 0x00, 0x00, 0xB9, 0xFF, 0xA8, 0x00, 0x00, 0x00, 0x14,
0xFF, 0xFF, 0x04, 0xB0, 0xFF, 0x67, 0x00, 0x62, 0xFF, 0xEB, 0x15, 0x00, 0x00, 0x00, 0x14, 0xFF,
0xFF, 0x04, 0xB0, 0xFF, 0x63, 0x1A, 0xEF, 0xFF, 0x58, 0x00, 0x00, 0x00, 0x00, 0x14, 0xFF, 0xFF,
0x04, 0xB0, 0xFF, 0x5D, 0xB2, 0xFF, 0xB0, 0x00, 0x00, 0x00, 0x00, 0x00, 0x14, 0xFF, 0xFF, 0x04,
0xB0, 0xFF, 0xAC, 0xFF, 0xEE, 0x19, 0x00, 0x00, 0x00, 0x00, 0x00, 0x14, 0xFF, 0xFF, 0x04, 0xB0,
0xFF, 0xFF, 0xFF, 0x60, 0x00, 0x00, 0x00, 0x00, 0x00, 0x00, 0x14, 0xFF, 0xFF, 0x04, 0xB0, 0xFF,
0xFF, 0xB7, 0x00, 0x00, 0x00, 0x00, 0x00, 0x00, 0x00, 0x14, 0xFF, 0xFF, 0x04, 0xB0, 0xFF, 0xF2,
0x1D, 0x00, 0x00, 0x00, 0x00, 0x00, 0x00, 0x00, 0x14, 0xFF, 0xFF, 0x04, 0x00, 0x00, 0x00, 0x3C,
0x4F, 0x01, 0x00, 0x00, 0x00, 0x27, 0x50, 0x15, 0x00, 0x00, 0x00, 0x00, 0x00, 0x00, 0x8E, 0xFF,
0x45, 0x00, 0x00, 0x01, 0xC1, 0xFA, 0x16, 0x00, 0x00, 0x00, 0x00, 0x00, 0x00, 0x1A, 0xE6, 0xEE,
0x86, 0x6E, 0xB9, 0xFF, 0x82, 0x00, 0x00, 0x00, 0x00, 0x00, 0x00, 0x00, 0x00, 0x1A, 0x97, 0xD8,
0xE4, 0xC2, 0x5C, 0x00, 0x00, 0x00, 0x00, 0x00, 0x00, 0x00, 0x00, 0x00, 0x00, 0x00, 0x00, 0x00,
0x00, 0x00, 0x00, 0x00, 0x00, 0x00, 0x00, 0xAA, 0xF8, 0x64, 0x00, 0x00, 0x00, 0x00, 0x00, 0x00,
0x00, 0x03, 0xC7, 0xF8, 0xF8, 0x03, 0xB0, 0xFF, 0x68, 0x00, 0x00, 0x00, 0x00, 0x00, 0x00, 0x00,
0x78, 0xFF, 0xFF, 0xFF, 0x04, 0xB0, 0xFF, 0x68, 0x00, 0x00, 0x00, 0x00, 0x00, 0x00, 0x27, 0xF7,
0xFE, 0xFD, 0xFF, 0x04, 0xB0, 0xFF, 0x68, 0x00, 0x00, 0x00, 0x00, 0x00, 0x02, 0xC5, 0xFF, 0x99,
0xFB, 0xFF, 0x04, 0xB0, 0xFF, 0x68, 0x00, 0x00, 0x00, 0x00, 0x00, 0x70, 0xFF, 0xE3, 0x16, 0xFF,
0xFF, 0x04, 0xB0, 0xFF, 0x68, 0x00, 0x00, 0x00, 0x00, 0x22, 0xF5, 0xFF, 0x49, 0x0F, 0xFF, 0xFF,
0x04, 0xB0, 0xFF, 0x68, 0x00, 0x00, 0x00, 0x01, 0xBF, 0xFF, 0xA1, 0x00, 0x12, 0xFF, 0xFF, 0x04,
0xB0, 0xFF, 0x68, 0x00, 0x00, 0x00, 0x69, 0xFF, 0xE7, 0x11, 0x00, 0x14, 0xFF, 0xFF, 0x04, 0xB0,
0xFF, 0x68, 0x00, 0x00, 0x1E, 0xF2, 0xFF, 0x51, 0x00, 0x00, 0x14, 0xFF, 0xFF, 0x04, 0xB0, 0xFF,
0x68, 0x00, 0x00, 0xB9, 0xFF, 0xA8, 0x00, 0x00, 0x00, 0x14, 0xFF, 0xFF, 0x04, 0xB0, 0xFF, 0x67,
0x00, 0x62, 0xFF, 0xEB, 0x15, 0x00, 0x00, 0x00, 0x14, 0xFF, 0xFF, 0x04, 0xB0, 0xFF, 0x63, 0x1A,
0xEF, 0xFF, 0x58, 0x00, 0x00, 0x00, 0x00, 0x14, 0xFF, 0xFF, 0x04, 0xB0, 0xFF, 0x5D, 0xB2, 0xFF,
0xB0, 0x00, 0x00, 0x00, 0x00, 0x00, 0x14, 0xFF, 0xFF, 0x04, 0xB0, 0xFF, 0xAC, 0xFF, 0xEE, 0x19,
0x00, 0x00, 0x00, 0x00, 0x00, 0x14, 0xFF, 0xFF, 0x04, 0xB0, 0xFF, 0xFF, 0xFF, 0x60, 0x00, 0x00,
0x00, 0x00, 0x00, 0x00, 0x14, 0xFF, 0xFF, 0x04, 0xB0, 0xFF, 0xFF, 0xB7, 0x00, 0x00, 0x00, 0x00,
0x00, 0x00, 0x00, 0x14, 0xFF, 0xFF, 0x04, 0xB0, 0xFF, 0xF2, 0x1D, 0x00, 0x00, 0x00, 0x00, 0x00,
0x00, 0x00, 0x14, 0xFF, 0xFF, 0x04, 0x00, 0x00, 0x00, 0x00, 0x00, 0x00, 0x00, 0x00, 0x00, 0x00,
0x1E, 0x2B, 0x07, 0xA6, 0xF8, 0x83, 0x00, 0x00, 0x00, 0x00, 0x00, 0x13, 0xBC, 0xFF, 0xFF, 0x9B,
0xAC, 0xFF, 0x88, 0x00, 0x00, 0x00, 0x00, 0x05, 0xC3, 0xFF, 0xDF, 0xB5, 0x4C, 0xAC, 0xFF, 0x88,
0x00, 0x00, 0x00, 0x00, 0x89, 0xFF, 0xC8, 0x0A, 0x00, 0x00, 0xAC, 0xFF, 0x88, 0x00, 0x00, 0x00,
0x43, 0xFD, 0xF1, 0x20, 0x00, 0x00, 0x00, 0xAC, 0xFF, 0x88, 0x00, 0x00, 0x13, 0xE5, 0xFF, 0x5B,
0x00, 0x00, 0x00, 0x00, 0xAC, 0xFF, 0x88, 0x00, 0x00, 0xB1, 0xFF, 0xA5, 0x00, 0x00, 0x00, 0x00,
0x00, 0xAC, 0xFF, 0x88, 0x00, 0x6B, 0xFF, 0xE0, 0x0F, 0x00, 0x00, 0x00, 0x00, 0x00, 0xAC, 0xFF,
0xE7, 0xCC, 0xF8, 0xFF, 0x4B, 0x00, 0x00, 0x00, 0x00, 0x00, 0x00, 0xAC, 0xFF, 0xFF, 0xFF, 0xFF,
0xFF, 0xAA, 0x00, 0x00, 0x00, 0x00, 0x00, 0x00, 0xAC, 0xFF, 0x93, 0x18, 0x38, 0xF8, 0xFF, 0x60,
0x00, 0x00, 0x00, 0x00, 0x00, 0xAC, 0xFF, 0x88, 0x00, 0x00, 0x71, 0xFF, 0xF2, 0x22, 0x00, 0x00,
0x00, 0x00, 0xAC, 0xFF, 0x88, 0x00, 0x00, 0x01, 0xBC, 0xFF, 0xC6, 0x03, 0x00, 0x00, 0x00, 0xAC,
0xFF, 0x88, 0x00, 0x00, 0x00, 0x1C, 0xEF, 0xFF, 0x7F, 0x00, 0x00, 0x00, 0xAC, 0xFF, 0x88, 0x00,
0x00, 0x00, 0x00, 0x59, 0xFF, 0xFC, 0x39, 0x00, 0x00, 0xAC, 0xFF, 0x88, 0x00, 0x00, 0x00, 0x00,
0x00, 0xA7, 0xFF, 0xDD, 0x0D, 0x00, 0xAC, 0xFF, 0x88, 0x00, 0x00, 0x00, 0x00, 0x00, 0x10, 0xE3,
0xFF, 0x9F, 0x00, 0xAC, 0xFF, 0x88, 0x00, 0x00, 0x00, 0x00, 0x00, 0x00, 0x43, 0xFE, 0xFF, 0x55,
0x00, 0x00, 0x00, 0x00, 0xCA, 0xF8, 0xF8, 0xF8, 0xF8, 0xF8, 0xF8, 0xF8, 0xF8, 0xF8, 0xF8, 0x41,
0x00, 0x00, 0x00, 0x00, 0xDC, 0xFF, 0xFF, 0xFF, 0xFF, 0xFF, 0xFF, 0xFF, 0xFF, 0xFF, 0xFF, 0x44,
0x00, 0x00, 0x00, 0x00, 0xE8, 0xFF, 0x3B, 0x04, 0x04, 0x04, 0x04, 0x04, 0x04, 0xEC, 0xFF, 0x44,
0x00, 0x00, 0x00, 0x00, 0xF3, 0xFF, 0x28, 0x00, 0x00, 0x00, 0x00, 0x00, 0x00, 0xEC, 0xFF, 0x44,
0x00, 0x00, 0x00, 0x03, 0xFF, 0xFF, 0x17, 0x00, 0x00, 0x00, 0x00, 0x00, 0x00, 0xEC, 0xFF, 0x44,
0x00, 0x00, 0x00, 0x15, 0xFF, 0xFF, 0x07, 0x00, 0x00, 0x00, 0x00, 0x00, 0x00, 0xEC, 0xFF, 0x44,
0x00, 0x00, 0x00, 0x26, 0xFF, 0xF2, 0x00, 0x00, 0x00, 0x00, 0x00, 0x00, 0x00, 0xEC, 0xFF, 0x44,
0x00, 0x00, 0x00, 0x3D, 0xFF, 0xDD, 0x00, 0x00, 0x00, 0x00, 0x00, 0x00, 0x00, 0xEC, 0xFF, 0x44,
0x00, 0x00, 0x00, 0x57, 0xFF, 0xC7, 0x00, 0x00, 0x00, 0x00, 0x00, 0x00, 0x00, 0xEC, 0xFF, 0x44,
0x00, 0x00, 0x00, 0x71, 0xFF, 0xAC, 0x00, 0x00, 0x00, 0x00, 0x00, 0x00, 0x00, 0xEC, 0xFF, 0x44,
0x00, 0x00, 0x00, 0x93, 0xFF, 0x90, 0x00, 0x00, 0x00, 0x00, 0x00, 0x00, 0x00, 0xEC, 0xFF, 0x44,
0x00, 0x00, 0x00, 0xB9, 0xFF, 0x6E, 0x00, 0x00, 0x00, 0x00, 0x00, 0x00, 0x00, 0xEC, 0xFF, 0x44,
0x00, 0x00, 0x00, 0xE1, 0xFF, 0x48, 0x00, 0x00, 0x00, 0x00, 0x00, 0x00, 0x00, 0xEC, 0xFF, 0x44,
0x00, 0x00, 0x16, 0xFF, 0xFF, 0x17, 0x00, 0x00, 0x00, 0x00, 0x00, 0x00, 0x00, 0xEC, 0xFF, 0x44,
0x00, 0x00, 0x68, 0xFF, 0xD6, 0x00, 0x00, 0x00, 0x00, 0x00, 0x00, 0x00, 0x00, 0xEC, 0xFF, 0x44,
0x64, 0xA5, 0xF5, 0xFF, 0x74, 0x00, 0x00, 0x00, 0x00, 0x00, 0x00, 0x00, 0x00, 0xEC, 0xFF, 0x44,
0xAC, 0xFF, 0xFF, 0xBD, 0x07, 0x00, 0x00, 0x00, 0x00, 0x00, 0x00, 0x00, 0x00, 0xEC, 0xFF, 0x44,
0x1B, 0x49, 0x34, 0x00, 0x00, 0x00, 0x00, 0x00, 0x00, 0x00, 0x00, 0x00, 0x00, 0x00, 0x00, 0x00,
0xA6, 0xF8, 0xF8, 0x6C, 0x00, 0x00, 0x00, 0x00, 0x00, 0x00, 0x00, 0x00, 0x00, 0x00, 0x1E, 0xF5,
0xF8, 0xE8, 0xAC, 0xFF, 0xFF, 0xD7, 0x00, 0x00, 0x00, 0x00, 0x00, 0x00, 0x00, 0x00, 0x00, 0x00,
0x88, 0xFF, 0xFF, 0xF0, 0xAC, 0xFF, 0xF6, 0xFF, 0x44, 0x00, 0x00, 0x00, 0x00, 0x00, 0x00, 0x00,
0x00, 0x08, 0xEC, 0xF5, 0xFF, 0xF0, 0xAC, 0xFF, 0xB8, 0xFF, 0xAF, 0x00, 0x00, 0x00, 0x00, 0x00,
0x00, 0x00, 0x00, 0x62, 0xFF, 0xB3, 0xFF, 0xF0, 0xAC, 0xFF, 0x68, 0xFB, 0xFC, 0x1D, 0x00, 0x00,
0x00, 0x00, 0x00, 0x00, 0x00, 0xCF, 0xFF, 0x65, 0xFF, 0xF0, 0xAC, 0xFF, 0x53, 0xAE, 0xFF, 0x85,
0x00, 0x00, 0x00, 0x00, 0x00, 0x00, 0x3D, 0xFF, 0xCD, 0x3B, 0xFF, 0xF0, 0xAC, 0xFF, 0x57, 0x44,
0xFF, 0xE9, 0x06, 0x00, 0x00, 0x00, 0x00, 0x00, 0xAA, 0xFF, 0x63, 0x3F, 0xFF, 0xF0, 0xAC, 0xFF,
0x58, 0x01, 0xD8, 0xFF, 0x5B, 0x00, 0x00, 0x00, 0x00, 0x1B, 0xFB, 0xEC, 0x09, 0x40, 0xFF, 0xF0,
0xAC, 0xFF, 0x58, 0x00, 0x6E, 0xFF, 0xC6, 0x00, 0x00, 0x00, 0x00, 0x84, 0xFF, 0x87, 0x00, 0x40,
0xFF, 0xF0, 0xAC, 0xFF, 0x58, 0x00, 0x0F, 0xF4, 0xFF, 0x32, 0x00, 0x00, 0x07, 0xE9, 0xFC, 0x1D,
0x00, 0x40, 0xFF, 0xF0, 0xAC, 0xFF, 0x58, 0x00, 0x00, 0x98, 0xFF, 0x9D, 0x00, 0x00, 0x5E, 0xFF,
0xAB, 0x00, 0x00, 0x40, 0xFF, 0xF0, 0xAC, 0xFF, 0x58, 0x00, 0x00, 0x2D, 0xFF, 0xF5, 0x0E, 0x00,
0xC8, 0xFF, 0x3D, 0x00, 0x00, 0x40, 0xFF, 0xF0, 0xAC, 0xFF, 0x58, 0x00, 0x00, 0x00, 0xC2, 0xFF,
0x69, 0x31, 0xFF, 0xCE, 0x00, 0x00, 0x00, 0x40, 0xFF, 0xF0, 0xAC, 0xFF, 0x58, 0x00, 0x00, 0x00,
0x56, 0xFF, 0xC2, 0x92, 0xFF, 0x60, 0x00, 0x00, 0x00, 0x40, 0xFF, 0xF0, 0xAC, 0xFF, 0x58, 0x00,
0x00, 0x00, 0x05, 0xE6, 0xFD, 0xEE, 0xEA, 0x07, 0x00, 0x00, 0x00, 0x40, 0xFF, 0xF0, 0xAC, 0xFF,
0x58, 0x00, 0x00, 0x00, 0x00, 0x80, 0xFF, 0xFF, 0x84, 0x00, 0x00, 0x00, 0x00, 0x40, 0xFF, 0xF0,
0xAC, 0xFF, 0x58, 0x00, 0x00, 0x00, 0x00, 0x1A, 0xFB, 0xFB, 0x1B, 0x00, 0x00, 0x00, 0x00, 0x40,
0xFF, 0xF0, 0x00, 0x00, 0x00, 0x00, 0x00, 0x00, 0x00, 0x00, 0x06, 0x06, 0x00, 0x00, 0x00, 0x00,
0x00, 0x00, 0x00, 0x00, 0xA6, 0xF8, 0x83, 0x00, 0x00, 0x00, 0x00, 0x00, 0x00, 0x00, 0x00, 0x55,
0xF8, 0xD1, 0xAC, 0xFF, 0x88, 0x00, 0x00, 0x00, 0x00, 0x00, 0x00, 0x00, 0x00, 0x58, 0xFF, 0xD8,
0xAC, 0xFF, 0x88, 0x00, 0x00, 0x00, 0x00, 0x00, 0x00, 0x00, 0x00, 0x58, 0xFF, 0xD8, 0xAC, 0xFF,
0x88, 0x00, 0x00, 0x00, 0x00, 0x00, 0x00, 0x00, 0x00, 0x58, 0xFF, 0xD8, 0xAC, 0xFF, 0x88, 0x00,
0x00, 0x00, 0x00, 0x00, 0x00, 0x00, 0x00, 0x58, 0xFF, 0xD8, 0xAC, 0xFF, 0x88, 0x00, 0x00, 0x00,
0x00, 0x00, 0x00, 0x00, 0x00, 0x58, 0xFF, 0xD8, 0xAC, 0xFF, 0x88, 0x00, 0x00, 0x00, 0x00, 0x00,
0x00, 0x00, 0x00, 0x58, 0xFF, 0xD8, 0xAC, 0xFF, 0xE2, 0xC0, 0xC0, 0xC0, 0xC0, 0xC0, 0xC0, 0xC0,
0xC0, 0xD6, 0xFF, 0xD8, 0xAC, 0xFF, 0xFF, 0xFF, 0xFF, 0xFF, 0xFF, 0xFF, 0xFF, 0xFF, 0xFF, 0xFF,
0xFF, 0xD8, 0xAC, 0xFF, 0x95, 0x1C, 0x1C, 0x1C, 0x1C, 0x1C, 0x1C, 0x1C, 0x1C, 0x6A, 0xFF, 0xD8,
0xAC, 0xFF, 0x88, 0x00, 0x00, 0x00, 0x00, 0x00, 0x00, 0x00, 0x00, 0x58, 0xFF, 0xD8, 0xAC, 0xFF,
0x88, 0x00, 0x00, 0x00, 0x00, 0x00, 0x00, 0x00, 0x00, 0x58, 0xFF, 0xD8, 0xAC, 0xFF, 0x88, 0x00,
0x00, 0x00, 0x00, 0x00, 0x00, 0x00, 0x00, 0x58, 0xFF, 0xD8, 0xAC, 0xFF, 0x88, 0x00, 0x00, 0x00,
0x00, 0x00, 0x00, 0x00, 0x00, 0x58, 0xFF, 0xD8, 0xAC, 0xFF, 0x88, 0x00, 0x00, 0x00, 0x00, 0x00,
0x00, 0x00, 0x00, 0x58, 0xFF, 0xD8, 0xAC, 0xFF, 0x88, 0x00, 0x00, 0x00, 0x00, 0x00, 0x00, 0x00,
0x00, 0x58, 0xFF, 0xD8, 0xAC, 0xFF, 0x88, 0x00, 0x00, 0x00, 0x00, 0x00, 0x00, 0x00, 0x00, 0x58,
0xFF, 0xD8, 0x00, 0x00, 0x00, 0x00, 0x00, 0x00, 0x02, 0x20, 0x2F, 0x28, 0x09, 0x00, 0x00, 0x00,
0x00, 0x00, 0x00, 0x00, 0x00, 0x00, 0x00, 0x48, 0xB2, 0xF5, 0xFF, 0xFF, 0xFF, 0xFD, 0xC8, 0x62,
0x03, 0x00, 0x00, 0x00, 0x00, 0x00, 0x08, 0x9F, 0xFF, 0xFF, 0xEE, 0xC2, 0xA8, 0xBF, 0xE9, 0xFF,
0xFF, 0xBA, 0x13, 0x00, 0x00, 0x00, 0x02, 0xBF, 0xFF, 0xF5, 0x6D, 0x09, 0x00, 0x00, 0x00, 0x05,
0x5E, 0xEF, 0xFF, 0xD1, 0x06, 0x00, 0x00, 0x7A, 0xFF, 0xF5, 0x3A, 0x00, 0x00, 0x00, 0x00, 0x00,
0x00, 0x00, 0x2F, 0xF2, 0xFF, 0x87, 0x00, 0x13, 0xF7, 0xFF, 0x79, 0x00, 0x00, 0x00, 0x00, 0x00,
0x00, 0x00, 0x00, 0x00, 0x7B, 0xFF, 0xF3, 0x09, 0x66, 0xFF, 0xF6, 0x0A, 0x00, 0x00, 0x00, 0x00,
0x00, 0x00, 0x00, 0x00, 0x00, 0x13, 0xFD, 0xFF, 0x55, 0xA4, 0xFF, 0xB4, 0x00, 0x00, 0x00, 0x00,
0x00, 0x00, 0x00, 0x00, 0x00, 0x00, 0x00, 0xCF, 0xFF, 0x89, 0xC7, 0xFF, 0x8F, 0x00, 0x00, 0x00,
0x00, 0x00, 0x00, 0x00, 0x00, 0x00, 0x00, 0x00, 0xB1, 0xFF, 0xA3, 0xD4, 0xFF, 0x7D, 0x00, 0x00,
0x00, 0x00, 0x00, 0x00, 0x00, 0x00, 0x00, 0x00, 0x00, 0xA1, 0xFF, 0xB3, 0xC4, 0xFF, 0x8E, 0x00,
0x00, 0x00, 0x00, 0x00, 0x00, 0x00, 0x00, 0x00, 0x00, 0x00, 0xB3, 0xFF, 0xA6, 0xAA, 0xFF, 0xAE,
0x00, 0x00, 0x00, 0x00, 0x00, 0x00, 0x00, 0x00, 0x00, 0x00, 0x00, 0xD4, 0xFF, 0x82, 0x77, 0xFF,
0xF0, 0x04, 0x00, 0x00, 0x00, 0x00, 0x00, 0x00, 0x00, 0x00, 0x00, 0x1D, 0xFF, 0xFF, 0x44, 0x20,
0xFF, 0xFF, 0x64, 0x00, 0x00, 0x00, 0x00, 0x00, 0x00, 0x00, 0x00, 0x00, 0x8C, 0xFF, 0xE2, 0x04,
0x00, 0xA8, 0xFF, 0xEB, 0x24, 0x00, 0x00, 0x00, 0x00, 0x00, 0x00, 0x00, 0x3E, 0xFB, 0xFF, 0x57,
0x00, 0x00, 0x13, 0xE5, 0xFF, 0xE8, 0x50, 0x01, 0x00, 0x00, 0x00, 0x09, 0x6C, 0xF7, 0xFF, 0xA0,
0x00, 0x00, 0x00, 0x00, 0x21, 0xD1, 0xFF, 0xFF, 0xE0, 0xB4, 0xA0, 0xBB, 0xED, 0xFF, 0xFE, 0x88,
0x03, 0x00, 0x00, 0x00, 0x00, 0x00, 0x0A, 0x78, 0xD9, 0xFF, 0xFF, 0xFF, 0xFF, 0xF5, 0xAE, 0x3D,
0x00, 0x00, 0x00, 0x00, 0x00, 0x00, 0x00, 0x00, 0x00, 0x00, 0x14, 0x33, 0x37, 0x26, 0x03, 0x00,
0x00, 0x00, 0x00, 0x00, 0x00, 0xA6, 0xF8, 0xF8, 0xF8, 0xF8, 0xF8, 0xF8, 0xF8, 0xF8, 0xF8, 0xF8,
0xF8, 0xF8, 0xD1, 0xAC, 0xFF, 0xFF, 0xFF, 0xFF, 0xFF, 0xFF, 0xFF, 0xFF, 0xFF, 0xFF, 0xFF, 0xFF,
0xD8, 0xAC, 0xFF, 0x89, 0x04, 0x04, 0x04, 0x04, 0x04, 0x04, 0x04, 0x04, 0x5A, 0xFF, 0xD8, 0xAC,
0xFF, 0x88, 0x00, 0x00, 0x00, 0x00, 0x00, 0x00, 0x00, 0x00, 0x58, 0xFF, 0xD8, 0xAC, 0xFF, 0x88,
0x00, 0x00, 0x00, 0x00, 0x00, 0x00, 0x00, 0x00, 0x58, 0xFF, 0xD8, 0xAC, 0xFF, 0x88, 0x00, 0x00,
0x00, 0x00, 0x00, 0x00, 0x00, 0x00, 0x58, 0xFF, 0xD8, 0xAC, 0xFF, 0x88, 0x00, 0x00, 0x00, 0x00,
0x00, 0x00, 0x00, 0x00, 0x58, 0xFF, 0xD8, 0xAC, 0xFF, 0x88, 0x00, 0x00, 0x00, 0x00, 0x00, 0x00,
0x00, 0x00, 0x58, 0xFF, 0xD8, 0xAC, 0xFF, 0x88, 0x00, 0x00, 0x00, 0x00, 0x00, 0x00, 0x00, 0x00,
0x58, 0xFF, 0xD8, 0xAC, 0xFF, 0x88, 0x00, 0x00, 0x00, 0x00, 0x00, 0x00, 0x00, 0x00, 0x58, 0xFF,
0xD8, 0xAC, 0xFF, 0x88, 0x00, 0x00, 0x00, 0x00, 0x00, 0x00, 0x00, 0x00, 0x58, 0xFF, 0xD8, 0xAC,
0xFF, 0x88, 0x00, 0x00, 0x00, 0x00, 0x00, 0x00, 0x00, 0x00, 0x58, 0xFF, 0xD8, 0xAC, 0xFF, 0x88,
0x00, 0x00, 0x00, 0x00, 0x00, 0x00, 0x00, 0x00, 0x58, 0xFF, 0xD8, 0xAC, 0xFF, 0x88, 0x00, 0x00,
0x00, 0x00, 0x00, 0x00, 0x00, 0x00, 0x58, 0xFF, 0xD8, 0xAC, 0xFF, 0x88, 0x00, 0x00, 0x00, 0x00,
0x00, 0x00, 0x00, 0x00, 0x58, 0xFF, 0xD8, 0xAC, 0xFF, 0x88, 0x00, 0x00, 0x00, 0x00, 0x00, 0x00,
0x00, 0x00, 0x58, 0xFF, 0xD8, 0xAC, 0xFF, 0x88, 0x00, 0x00, 0x00, 0x00, 0x00, 0x00, 0x00, 0x00,
0x58, 0xFF, 0xD8, 0xA6, 0xF8, 0xF8, 0xF8, 0xF6, 0xEA, 0xCD, 0x92, 0x2D, 0x00, 0x00, 0xAC, 0xFF,
0xE7, 0xCC, 0xCE, 0xE7, 0xFD, 0xFF, 0xFC, 0x7B, 0x00, 0xAC, 0xFF, 0x88, 0x00, 0x00, 0x00, 0x18,
0x8C, 0xFF, 0xFF, 0x4F, 0xAC, 0xFF, 0x88, 0x00, 0x00, 0x00, 0x00, 0x00, 0xA0, 0xFF, 0xB9, 0xAC,
0xFF, 0x88, 0x00, 0x00, 0x00, 0x00, 0x00, 0x56, 0xFF, 0xE4, 0xAC, 0xFF, 0x88, 0x00, 0x00, 0x00,
0x00, 0x00, 0x51, 0xFF, 0xDF, 0xAC, 0xFF, 0x88, 0x00, 0x00, 0x00, 0x00, 0x00, 0x8A, 0xFF, 0xB9,
0xAC, 0xFF, 0x88, 0x00, 0x00, 0x00, 0x00, 0x31, 0xF3, 0xFF, 0x58, 0xAC, 0xFF, 0xB6, 0x4B, 0x42,
0x5F, 0x9B, 0xFB, 0xFF, 0xB0, 0x01, 0xAC, 0xFF, 0xFF, 0xFF, 0xFF, 0xFF, 0xFF, 0xFA, 0x8C, 0x08,
0x00, 0xAC, 0xFF, 0xAE, 0x71, 0x86, 0x7C, 0x5B, 0x12, 0x00, 0x00, 0x00, 0xAC, 0xFF, 0x88, 0x00,
0x00, 0x00, 0x00, 0x00, 0x00, 0x00, 0x00, 0xAC, 0xFF, 0x88, 0x00, 0x00, 0x00, 0x00, 0x00, 0x00,
0x00, 0x00, 0xAC, 0xFF, 0x88, 0x00, 0x00, 0x00, 0x00, 0x00, 0x00, 0x00, 0x00, 0xAC, 0xFF, 0x88,
0x00, 0x00, 0x00, 0x00, 0x00, 0x00, 0x00, 0x00, 0xAC, 0xFF, 0x88, 0x00, 0x00, 0x00, 0x00, 0x00,
0x00, 0x00, 0x00, 0xAC, 0xFF, 0x88, 0x00, 0x00, 0x00, 0x00, 0x00, 0x00, 0x00, 0x00, 0x00, 0x00,
0x00, 0x00, 0x00, 0x00, 0x0E, 0x29, 0x2D, 0x19, 0x00, 0x00, 0x00, 0x00, 0x00, 0x00, 0x00, 0x06,
0x6C, 0xD0, 0xFE, 0xFF, 0xFF, 0xFF, 0xE8, 0x91, 0x2D, 0x00, 0x00, 0x00, 0x15, 0xC5, 0xFF, 0xFF,
0xE3, 0xBB, 0xAA, 0xC5, 0xF7, 0xFF, 0xD7, 0x00, 0x00, 0x0A, 0xD9, 0xFF, 0xE3, 0x4C, 0x01, 0x00,
0x00, 0x00, 0x0C, 0x62, 0x59, 0x00, 0x00, 0x8E, 0xFF, 0xE4, 0x1D, 0x00, 0x00, 0x00, 0x00, 0x00,
0x00, 0x00, 0x00, 0x00, 0x12, 0xFB, 0xFF, 0x58, 0x00, 0x00, 0x00, 0x00, 0x00, 0x00, 0x00, 0x00,
0x00, 0x00, 0x60, 0xFF, 0xEB, 0x02, 0x00, 0x00, 0x00, 0x00, 0x00, 0x00, 0x00, 0x00, 0x00, 0x00,
0xA1, 0xFF, 0xA8, 0x00, 0x00, 0x00, 0x00, 0x00, 0x00, 0x00, 0x00, 0x00, 0x00, 0x00, 0xBB, 0xFF,
0x8A, 0x00, 0x00, 0x00, 0x00, 0x00, 0x00, 0x00, 0x00, 0x00, 0x00, 0x00, 0xD0, 0xFF, 0x79, 0x00,
0x00, 0x00, 0x00, 0x00, 0x00, 0x00, 0x00, 0x00, 0x00, 0x00, 0xC5, 0xFF, 0x87, 0x00, 0x00, 0x00,
0x00, 0x00, 0x00, 0x00, 0x00, 0x00, 0x00, 0x00, 0xAD, 0xFF, 0xA4, 0x00, 0x00, 0x00, 0x00, 0x00,
0x00, 0x00, 0x00, 0x00, 0x00, 0x00, 0x7F, 0xFF, 0xE7, 0x01, 0x00, 0x00, 0x00, 0x00, 0x00, 0x00,
0x00, 0x00, 0x00, 0x00, 0x2B, 0xFF, 0xFF, 0x52, 0x00, 0x00, 0x00, 0x00, 0x00, 0x00, 0x00, 0x00,
0x00, 0x00, 0x00, 0xBE, 0xFF, 0xE3, 0x1D, 0x00, 0x00, 0x00, 0x00, 0x00, 0x00, 0x00, 0x00, 0x00,
0x00, 0x1F, 0xF1, 0xFF, 0xE4, 0x50, 0x03, 0x00, 0x00, 0x00, 0x00, 0x33, 0x73, 0x00, 0x00, 0x00,
0x31, 0xDE, 0xFF, 0xFF, 0xE6, 0xBC, 0xA7, 0xBE, 0xE1, 0xFF, 0xFE, 0x1C, 0x00, 0x00, 0x00, 0x10,
0x83, 0xDD, 0xFF, 0xFF, 0xFF, 0xFF, 0xFD, 0xC1, 0x61, 0x09, 0x00, 0x00, 0x00, 0x00, 0x00, 0x00,
0x15, 0x32, 0x38, 0x2B, 0x09, 0x00, 0x00, 0x00, 0x75, 0xF8, 0xF8, 0xF8, 0xF8, 0xF8, 0xF8, 0xF8,
0xF8, 0xF8, 0xF8, 0xF8, 0xF8, 0x24, 0x8A, 0xE8, 0xE8, 0xE8, 0xE8, 0xEF, 0xFF, 0xFD, 0xE8, 0xE8,
0xE8, 0xE8, 0xE6, 0x05, 0x00, 0x00, 0x00, 0x00, 0x00, 0x54, 0xFF, 0xE0, 0x00, 0x00, 0x00, 0x00,
0x00, 0x00, 0x00, 0x00, 0x00, 0x00, 0x00, 0x54, 0xFF, 0xE0, 0x00, 0x00, 0x00, 0x00, 0x00, 0x00,
0x00, 0x00, 0x00, 0x00, 0x00, 0x54, 0xFF, 0xE0, 0x00, 0x00, 0x00, 0x00, 0x00, 0x00, 0x00, 0x00,
0x00, 0x00, 0x00, 0x54, 0xFF, 0xE0, 0x00, 0x00, 0x00, 0x00, 0x00, 0x00, 0x00, 0x00, 0x00, 0x00,
0x00, 0x54, 0xFF, 0xE0, 0x00, 0x00, 0x00, 0x00, 0x00, 0x00, 0x00, 0x00, 0x00, 0x00, 0x00, 0x54,
0xFF, 0xE0, 0x00, 0x00, 0x00, 0x00, 0x00, 0x00, 0x00, 0x00, 0x00, 0x00, 0x00, 0x54, 0xFF, 0xE0,
0x00, 0x00, 0x00, 0x00, 0x00, 0x00, 0x00, 0x00, 0x00, 0x00, 0x00, 0x54, 0xFF, 0xE0, 0x00, 0x00,
0x00, 0x00, 0x00, 0x00, 0x00, 0x00, 0x00, 0x00, 0x00, 0x54, 0xFF, 0xE0, 0x00, 0x00, 0x00, 0x00,
0x00, 0x00, 0x00, 0x00, 0x00, 0x00, 0x00, 0x54, 0xFF, 0xE0, 0x00, 0x00, 0x00, 0x00, 0x00, 0x00,
0x00, 0x00, 0x00, 0x00, 0x00, 0x54, 0xFF, 0xE0, 0x00, 0x00, 0x00, 0x00, 0x00, 0x00, 0x00, 0x00,
0x00, 0x00, 0x00, 0x54, 0xFF, 0xE0, 0x00, 0x00, 0x00, 0x00, 0x00, 0x00, 0x00, 0x00, 0x00, 0x00,
0x00, 0x54, 0xFF, 0xE0, 0x00, 0x00, 0x00, 0x00, 0x00, 0x00, 0x00, 0x00, 0x00, 0x00, 0x00, 0x54,
0xFF, 0xE0, 0x00, 0x00, 0x00, 0x00, 0x00, 0x00, 0x00, 0x00, 0x00, 0x00, 0x00, 0x54, 0xFF, 0xE0,
0x00, 0x00, 0x00, 0x00, 0x00, 0x00, 0xBE, 0xF8, 0xA4, 0x00, 0x00, 0x00, 0x00, 0x00, 0x00, 0x00,
0x00, 0x00, 0x57, 0xF8, 0xD8, 0x04, 0x43, 0xFF, 0xFD, 0x29, 0x00, 0x00, 0x00, 0x00, 0x00, 0x00,
0x00, 0x00, 0xCF, 0xFF, 0x6A, 0x00, 0x00, 0xBE, 0xFF, 0xA5, 0x00, 0x00, 0x00, 0x00, 0x00, 0x00,
0x00, 0x47, 0xFF, 0xE7, 0x08, 0x00, 0x00, 0x3A, 0xFF, 0xFD, 0x28, 0x00, 0x00, 0x00, 0x00, 0x00,
0x00, 0xBF, 0xFF, 0x74, 0x00, 0x00, 0x00, 0x00, 0xB7, 0xFF, 0xA4, 0x00, 0x00, 0x00, 0x00, 0x00,
0x36, 0xFF, 0xEC, 0x0C, 0x00, 0x00, 0x00, 0x00, 0x33, 0xFF, 0xFC, 0x26, 0x00, 0x00, 0x00, 0x00,
0xAE, 0xFF, 0x7D, 0x00, 0x00, 0x00, 0x00, 0x00, 0x00, 0xAF, 0xFF, 0xA2, 0x00, 0x00, 0x00, 0x27,
0xFD, 0xF2, 0x10, 0x00, 0x00, 0x00, 0x00, 0x00, 0x00, 0x2C, 0xFD, 0xFC, 0x25, 0x00, 0x00, 0x9D,
0xFF, 0x87, 0x00, 0x00, 0x00, 0x00, 0x00, 0x00, 0x00, 0x00, 0xA7, 0xFF, 0xA1, 0x00, 0x1A, 0xF9,
0xF6, 0x16, 0x00, 0x00, 0x00, 0x00, 0x00, 0x00, 0x00, 0x00, 0x26, 0xFC, 0xFC, 0x24, 0x8C, 0xFF,
0x90, 0x00, 0x00, 0x00, 0x00, 0x00, 0x00, 0x00, 0x00, 0x00, 0x00, 0x9F, 0xFF, 0xAE, 0xF2, 0xF9,
0x1C, 0x00, 0x00, 0x00, 0x00, 0x00, 0x00, 0x00, 0x00, 0x00, 0x00, 0x20, 0xFA, 0xFF, 0xFF, 0x9A,
0x00, 0x00, 0x00, 0x00, 0x00, 0x00, 0x00, 0x00, 0x00, 0x00, 0x00, 0x00, 0x96, 0xFF, 0xFC, 0x23,
0x00, 0x00, 0x00, 0x00, 0x00, 0x00, 0x00, 0x00, 0x00, 0x00, 0x00, 0x00, 0x96, 0xFF, 0xA0, 0x00,
0x00, 0x00, 0x00, 0x00, 0x00, 0x00, 0x00, 0x00, 0x00, 0x00, 0x00, 0x3B, 0xFB, 0xF8, 0x1F, 0x00,
0x00, 0x00, 0x00, 0x00, 0x00, 0x00, 0x00, 0x00, 0x2E, 0xA2, 0xA8, 0xF6, 0xFF, 0x73, 0x00, 0x00,
0x00, 0x00, 0x00, 0x00, 0x00, 0x00, 0x00, 0x00, 0x5D, 0xFF, 0xFF, 0xFC, 0x83, 0x00, 0x00, 0x00,
0x00, 0x00, 0x00, 0x00, 0x00, 0x00, 0x00, 0x00, 0x0A, 0x3F, 0x48, 0x19, 0x00, 0x00, 0x00, 0x00,
0x00, 0x00, 0x00, 0x00, 0x00, 0x00, 0x00, 0x00, 0x00, 0x00, 0x00, 0x00, 0x00, 0x1B, 0xF8, 0xF8,
0x17, 0x00, 0x00, 0x00, 0x00, 0x00, 0x00, 0x00, 0x00, 0x00, 0x00, 0x00, 0x00, 0x14, 0x44, 0x7C,
0xFF, 0xFF, 0x84, 0x57, 0x2B, 0x00, 0x00, 0x00, 0x00, 0x00, 0x00, 0x00, 0x00, 0x3E, 0xB1, 0xFB,
0xFF, 0xFF, 0xFF, 0xFF, 0xFF, 0xFF, 0xFF, 0xD4, 0x67, 0x01, 0x00, 0x00, 0x00, 0x01, 0x8A, 0xFE,
0xFF, 0xD6, 0x78, 0x5B, 0xFF, 0xFF, 0x4C, 0x63, 0xB3, 0xFE, 0xFF, 0xBC, 0x0B, 0x00, 0x00, 0x7C,
0xFF, 0xFA, 0x6B, 0x01, 0x00, 0x1C, 0xFF, 0xFF, 0x18, 0x00, 0x00, 0x3F, 0xEE, 0xFF, 0xAA, 0x00,
0x20, 0xFD, 0xFF, 0x6B, 0x00, 0x00, 0x00, 0x1C, 0xFF, 0xFF, 0x18, 0x00, 0x00, 0x00, 0x4F, 0xFF,
0xFF, 0x38, 0x82, 0xFF, 0xDE, 0x01, 0x00, 0x00, 0x00, 0x1C, 0xFF, 0xFF, 0x18, 0x00, 0x00, 0x00,
0x00, 0xD2, 0xFF, 0x95, 0xB6, 0xFF, 0x95, 0x00, 0x00, 0x00, 0x00, 0x1C, 0xFF, 0xFF, 0x18, 0x00,
0x00, 0x00, 0x00, 0x93, 0xFF, 0xBB, 0xD0, 0xFF, 0x7E, 0x00, 0x00, 0x00, 0x00, 0x1C, 0xFF, 0xFF,
0x18, 0x00, 0x00, 0x00, 0x00, 0x81, 0xFF, 0xCA, 0xC0, 0xFF, 0x93, 0x00, 0x00, 0x00, 0x00, 0x1C,
0xFF, 0xFF, 0x18, 0x00, 0x00, 0x00, 0x00, 0x95, 0xFF, 0xAF, 0x99, 0xFF, 0xD6, 0x00, 0x00, 0x00,
0x00, 0x1C, 0xFF, 0xFF, 0x18, 0x00, 0x00, 0x00, 0x00, 0xD5, 0xFF, 0x7C, 0x3C, 0xFF, 0xFF, 0x55,
0x00, 0x00, 0x00, 0x1C, 0xFF, 0xFF, 0x18, 0x00, 0x00, 0x00, 0x57, 0xFF, 0xFB, 0x1B, 0x00, 0xAD,
0xFF, 0xF1, 0x4B, 0x00, 0x00, 0x1C, 0xFF, 0xFF, 0x18, 0x00, 0x00, 0x49, 0xF2, 0xFF, 0x77, 0x00,
0x00, 0x0B, 0xBB, 0xFF, 0xFF, 0xBE, 0x67, 0x51, 0xFF, 0xFF, 0x4C, 0x66, 0xBA, 0xFF, 0xFE, 0x8B,
0x00, 0x00, 0x00, 0x00, 0x01, 0x68, 0xD6, 0xFF, 0xFF, 0xFF, 0xFF, 0xFF, 0xFF, 0xFF, 0xFD, 0xB7,
0x40, 0x00, 0x00, 0x00, 0x00, 0x00, 0x00, 0x00, 0x00, 0x2E, 0x5B, 0x8A, 0xFF, 0xFF, 0x7E, 0x4A,
0x17, 0x00, 0x00, 0x00, 0x00, 0x00, 0x00, 0x00, 0x00, 0x00, 0x00, 0x00, 0x00, 0x1C, 0xFF, 0xFF,
0x18, 0x00, 0x00, 0x00, 0x00, 0x00, 0x00, 0x00, 0x43, 0xF7, 0xF7, 0x40, 0x00, 0x00, 0x00, 0x00,
0x00, 0x00, 0x43, 0xF7, 0xF4, 0x2E, 0x00, 0xA5, 0xFF, 0xD4, 0x04, 0x00, 0x00, 0x00, 0x00, 0x08,
0xDA, 0xFF, 0x8B, 0x00, 0x00, 0x15, 0xED, 0xFF, 0x73, 0x00, 0x00, 0x00, 0x00, 0x83, 0xFF, 0xDD,
0x0A, 0x00, 0x00, 0x00, 0x60, 0xFF, 0xF2, 0x1A, 0x00, 0x00, 0x29, 0xF9, 0xFF, 0x44, 0x00, 0x00,
0x00, 0x00, 0x00, 0xBC, 0xFF, 0xA7, 0x00, 0x01, 0xC1, 0xFF, 0x9F, 0x00, 0x00, 0x00, 0x00, 0x00,
0x00, 0x23, 0xF6, 0xFF, 0x41, 0x63, 0xFF, 0xE9, 0x12, 0x00, 0x00, 0x00, 0x00, 0x00, 0x00, 0x00,
0x78, 0xFF, 0xD8, 0xED, 0xFF, 0x58, 0x00, 0x00, 0x00, 0x00, 0x00, 0x00, 0x00, 0x00, 0x04, 0xD0,
0xFF, 0xFF, 0xB4, 0x00, 0x00, 0x00, 0x00, 0x00, 0x00, 0x00, 0x00, 0x00, 0x00, 0x7A, 0xFF, 0xFF,
0x70, 0x00, 0x00, 0x00, 0x00, 0x00, 0x00, 0x00, 0x00, 0x00, 0x1D, 0xF1, 0xFD, 0xFF, 0xF1, 0x1B,
0x00, 0x00, 0x00, 0x00, 0x00, 0x00, 0x00, 0x00, 0xB8, 0xFF, 0x91, 0xA6, 0xFF, 0xB2, 0x00, 0x00,
0x00, 0x00, 0x00, 0x00, 0x00, 0x62, 0xFF, 0xE2, 0x0C, 0x18, 0xF1, 0xFF, 0x58, 0x00, 0x00, 0x00,
0x00, 0x00, 0x1B, 0xF0, 0xFF, 0x4C, 0x00, 0x00, 0x6D, 0xFF, 0xEA, 0x13, 0x00, 0x00, 0x00, 0x00,
0xB4, 0xFF, 0xA9, 0x00, 0x00, 0x00, 0x03, 0xCD, 0xFF, 0xA4, 0x00, 0x00, 0x00, 0x5D, 0xFF, 0xEF,
0x18, 0x00, 0x00, 0x00, 0x00, 0x36, 0xFD, 0xFF, 0x49, 0x00, 0x18, 0xED, 0xFF, 0x63, 0x00, 0x00,
0x00, 0x00, 0x00, 0x00, 0x97, 0xFF, 0xE1, 0x0D, 0xAF, 0xFF, 0xC0, 0x01, 0x00, 0x00, 0x00, 0x00,
0x00, 0x00, 0x10, 0xE9, 0xFF, 0x95, 0xAA, 0xF8, 0x7C, 0x00, 0x00, 0x00, 0x00, 0x00, 0x00, 0x00,
0x00, 0x5D, 0xF8, 0xCD, 0x00, 0x00, 0x00, 0xB0, 0xFF, 0x80, 0x00, 0x00, 0x00, 0x00, 0x00, 0x00,
0x00, 0x00, 0x60, 0xFF, 0xD4, 0x00, 0x00, 0x00, 0xB0, 0xFF, 0x80, 0x00, 0x00, 0x00, 0x00, 0x00,
0x00, 0x00, 0x00, 0x60, 0xFF, 0xD4, 0x00, 0x00, 0x00, 0xB0, 0xFF, 0x80, 0x00, 0x00, 0x00, 0x00,
0x00, 0x00, 0x00, 0x00, 0x60, 0xFF, 0xD4, 0x00, 0x00, 0x00, 0xB0, 0xFF, 0x80, 0x00, 0x00, 0x00,
0x00, 0x00, 0x00, 0x00, 0x00, 0x60, 0xFF, 0xD4, 0x00, 0x00, 0x00, 0xB0, 0xFF, 0x80, 0x00, 0x00,
0x00, 0x00, 0x00, 0x00, 0x00, 0x00, 0x60, 0xFF, 0xD4, 0x00, 0x00, 0x00, 0xB0, 0xFF, 0x80, 0x00,
0x00, 0x00, 0x00, 0x00, 0x00, 0x00, 0x00, 0x60, 0xFF, 0xD4, 0x00, 0x00, 0x00, 0xB0, 0xFF, 0x80,
0x00, 0x00, 0x00, 0x00, 0x00, 0x00, 0x00, 0x00, 0x60, 0xFF, 0xD4, 0x00, 0x00, 0x00, 0xB0, 0xFF,
0x80, 0x00, 0x00, 0x00, 0x00, 0x00, 0x00, 0x00, 0x00, 0x60, 0xFF, 0xD4, 0x00, 0x00, 0x00, 0xB0,
0xFF, 0x80, 0x00, 0x00, 0x00, 0x00, 0x00, 0x00, 0x00, 0x00, 0x60, 0xFF, 0xD4, 0x00, 0x00, 0x00,
0xB0, 0xFF, 0x80, 0x00, 0x00, 0x00, 0x00, 0x00, 0x00, 0x00, 0x00, 0x60, 0xFF, 0xD4, 0x00, 0x00,
0x00, 0xB0, 0xFF, 0x80, 0x00, 0x00, 0x00, 0x00, 0x00, 0x00, 0x00, 0x00, 0x60, 0xFF, 0xD4, 0x00,
0x00, 0x00, 0xB0, 0xFF, 0x80, 0x00, 0x00, 0x00, 0x00, 0x00, 0x00, 0x00, 0x00, 0x60, 0xFF, 0xD4,
0x00, 0x00, 0x00, 0xB0, 0xFF, 0x80, 0x00, 0x00, 0x00, 0x00, 0x00, 0x00, 0x00, 0x00, 0x60, 0xFF,
0xD4, 0x00, 0x00, 0x00, 0xB0, 0xFF, 0x80, 0x00, 0x00, 0x00, 0x00, 0x00, 0x00, 0x00, 0x00, 0x60,
0xFF, 0xD4, 0x00, 0x00, 0x00, 0xB0, 0xFF, 0xFF, 0xFF, 0xFF, 0xFF, 0xFF, 0xFF, 0xFF, 0xFF, 0xFF,
0xFF, 0xFF, 0xFF, 0xFF, 0xFF, 0x78, 0xB0, 0xFF, 0xFF, 0xFF, 0xFF, 0xFF, 0xFF, 0xFF, 0xFF, 0xFF,
0xFF, 0xFF, 0xFF, 0xFF, 0xFF, 0xFF, 0x78, 0x00, 0x00, 0x00, 0x00, 0x00, 0x00, 0x00, 0x00, 0x00,
0x00, 0x00, 0x00, 0x00, 0x00, 0xB4, 0xFF, 0x78, 0x00, 0x00, 0x00, 0x00, 0x00, 0x00, 0x00, 0x00,
0x00, 0x00, 0x00, 0x00, 0x00, 0x00, 0xB4, 0xFF, 0x78, 0x00, 0x00, 0x00, 0x00, 0x00, 0x00, 0x00,
0x00, 0x00, 0x00, 0x00, 0x00, 0x00, 0x00, 0xB4, 0xFF, 0x78, 0x00, 0x00, 0x00, 0x00, 0x00, 0x00,
0x00, 0x00, 0x00, 0x00, 0x00, 0x00, 0x00, 0x00, 0x92, 0xBC, 0x4F, 0xD1, 0xF8, 0x55, 0x00, 0x00,
0x00, 0x00, 0x00, 0x00, 0x36, 0xF8, 0xF4, 0xD8, 0xFF, 0x58, 0x00, 0x00, 0x00, 0x00, 0x00, 0x00,
0x38, 0xFF, 0xFC, 0xD8, 0xFF, 0x58, 0x00, 0x00, 0x00, 0x00, 0x00, 0x00, 0x38, 0xFF, 0xFC, 0xD8,
0xFF, 0x58, 0x00, 0x00, 0x00, 0x00, 0x00, 0x00, 0x38, 0xFF, 0xFC, 0xD8, 0xFF, 0x58, 0x00, 0x00,
0x00, 0x00, 0x00, 0x00, 0x38, 0xFF, 0xFC, 0xD8, 0xFF, 0x58, 0x00, 0x00, 0x00, 0x00, 0x00, 0x00,
0x38, 0xFF, 0xFC, 0xD5, 0xFF, 0x67, 0x00, 0x00, 0x00, 0x00, 0x00, 0x00, 0x38, 0xFF, 0xFC, 0xBE,
0xFF, 0x8C, 0x00, 0x00, 0x00, 0x00, 0x00, 0x00, 0x38, 0xFF, 0xFC, 0x87, 0xFF, 0xEC, 0x0F, 0x00,
0x00, 0x00, 0x00, 0x00, 0x38, 0xFF, 0xFC, 0x22, 0xF5, 0xFF, 0xD3, 0x49, 0x17, 0x13, 0x31, 0x67,
0xC7, 0xFF, 0xFC, 0x00, 0x53, 0xF5, 0xFF, 0xFF, 0xFF, 0xFF, 0xFF, 0xFF, 0xFF, 0xFF, 0xFC, 0x00,
0x00, 0x23, 0x88, 0xC2, 0xD7, 0xCD, 0xAA, 0x6D, 0x51, 0xFF, 0xFC, 0x00, 0x00, 0x00, 0x00, 0x00,
0x00, 0x00, 0x00, 0x00, 0x38, 0xFF, 0xFC, 0x00, 0x00, 0x00, 0x00, 0x00, 0x00, 0x00, 0x00, 0x00,
0x38, 0xFF, 0xFC, 0x00, 0x00, 0x00, 0x00, 0x00, 0x00, 0x00, 0x00, 0x00, 0x38, 0xFF, 0xFC, 0x00,
0x00, 0x00, 0x00, 0x00, 0x00, 0x00, 0x00, 0x00, 0x38, 0xFF, 0xFC, 0x00, 0x00, 0x00, 0x00, 0x00,
0x00, 0x00, 0x00, 0x00, 0x38, 0xFF, 0xFC, 0xA6, 0xF8, 0x7C, 0x00, 0x00, 0x00, 0x00, 0x00, 0x00,
0xBD, 0xF8, 0x6C, 0x00, 0x00, 0x00, 0x00, 0x00, 0x00, 0xCD, 0xF8, 0x5D, 0xAC, 0xFF, 0x80, 0x00,
0x00, 0x00, 0x00, 0x00, 0x00, 0xC4, 0xFF, 0x70, 0x00, 0x00, 0x00, 0x00, 0x00, 0x00, 0xD4, 0xFF,
0x60, 0xAC, 0xFF, 0x80, 0x00, 0x00, 0x00, 0x00, 0x00, 0x00, 0xC4, 0xFF, 0x70, 0x00, 0x00, 0x00,
0x00, 0x00, 0x00, 0xD4, 0xFF, 0x60, 0xAC, 0xFF, 0x80, 0x00, 0x00, 0x00, 0x00, 0x00, 0x00, 0xC4,
0xFF, 0x70, 0x00, 0x00, 0x00, 0x00, 0x00, 0x00, 0xD4, 0xFF, 0x60, 0xAC, 0xFF, 0x80, 0x00, 0x00,
0x00, 0x00, 0x00, 0x00, 0xC4, 0xFF, 0x70, 0x00, 0x00, 0x00, 0x00, 0x00, 0x00, 0xD4, 0xFF, 0x60,
0xAC, 0xFF, 0x80, 0x00, 0x00, 0x00, 0x00, 0x00, 0x00, 0xC4, 0xFF, 0x70, 0x00, 0x00, 0x00, 0x00,
0x00, 0x00, 0xD4, 0xFF, 0x60, 0xAC, 0xFF, 0x80, 0x00, 0x00, 0x00, 0x00, 0x00, 0x00, 0xC4, 0xFF,
0x70, 0x00, 0x00, 0x00, 0x00, 0x00, 0x00, 0xD4, 0xFF, 0x60, 0xAC, 0xFF, 0x80, 0x00, 0x00, 0x00,
0x00, 0x00, 0x00, 0xC4, 0xFF, 0x70, 0x00, 0x00, 0x00, 0x00, 0x00, 0x00, 0xD4, 0xFF, 0x60, 0xAC,
0xFF, 0x80, 0x00, 0x00, 0x00, 0x00, 0x00, 0x00, 0xC4, 0xFF, 0x70, 0x00, 0x00, 0x00, 0x00, 0x00,
0x00, 0xD4, 0xFF, 0x60, 0xAC, 0xFF, 0x80, 0x00, 0x00, 0x00, 0x00, 0x00, 0x00, 0xC4, 0xFF, 0x70,
0x00, 0x00, 0x00, 0x00, 0x00, 0x00, 0xD4, 0xFF, 0x60, 0xAC, 0xFF, 0x80, 0x00, 0x00, 0x00, 0x00,
0x00, 0x00, 0xC4, 0xFF, 0x70, 0x00, 0x00, 0x00, 0x00, 0x00, 0x00, 0xD4, 0xFF, 0x60, 0xAC, 0xFF,
0x80, 0x00, 0x00, 0x00, 0x00, 0x00, 0x00, 0xC4, 0xFF, 0x70, 0x00, 0x00, 0x00, 0x00, 0x00, 0x00,
0xD4, 0xFF, 0x60, 0xAC, 0xFF, 0x80, 0x00, 0x00, 0x00, 0x00, 0x00, 0x00, 0xC4, 0xFF, 0x70, 0x00,
0x00, 0x00, 0x00, 0x00, 0x00, 0xD4, 0xFF, 0x60, 0xAC, 0xFF, 0x80, 0x00, 0x00, 0x00, 0x00, 0x00,
0x00, 0xC4, 0xFF, 0x70, 0x00, 0x00, 0x00, 0x00, 0x00, 0x00, 0xD4, 0xFF, 0x60, 0xAC, 0xFF, 0x80,
0x00, 0x00, 0x00, 0x00, 0x00, 0x00, 0xC4, 0xFF, 0x70, 0x00, 0x00, 0x00, 0x00, 0x00, 0x00, 0xD4,
0xFF, 0x60, 0xAC, 0xFF, 0xFC, 0xF8, 0xF8, 0xF8, 0xF8, 0xF8, 0xF8, 0xFE, 0xFF, 0xFB, 0xF8, 0xF8,
0xF8, 0xF8, 0xF8, 0xF8, 0xFE, 0xFF, 0x60, 0xAC, 0xFF, 0xFF, 0xFF, 0xFF, 0xFF, 0xFF, 0xFF, 0xFF,
0xFF, 0xFF, 0xFF, 0xFF, 0xFF, 0xFF, 0xFF, 0xFF, 0xFF, 0xFF, 0xFF, 0x60, 0xA6, 0xF8, 0x7C, 0x00,
0x00, 0x00, 0x00, 0x00, 0x00, 0xBD, 0xF8, 0x6C, 0x00, 0x00, 0x00, 0x00, 0x00, 0x00, 0xCD, 0xF8,
0x5D, 0x00, 0x00, 0xAC, 0xFF, 0x80, 0x00, 0x00, 0x00, 0x00, 0x00, 0x00, 0xC4, 0xFF, 0x70, 0x00,
0x00, 0x00, 0x00, 0x00, 0x00, 0xD4, 0xFF, 0x60, 0x00, 0x00, 0xAC, 0xFF, 0x80, 0x00, 0x00, 0x00,
0x00, 0x00, 0x00, 0xC4, 0xFF, 0x70, 0x00, 0x00, 0x00, 0x00, 0x00, 0x00, 0xD4, 0xFF, 0x60, 0x00,
0x00, 0xAC, 0xFF, 0x80, 0x00, 0x00, 0x00, 0x00, 0x00, 0x00, 0xC4, 0xFF, 0x70, 0x00, 0x00, 0x00,
0x00, 0x00, 0x00, 0xD4, 0xFF, 0x60, 0x00, 0x00, 0xAC, 0xFF, 0x80, 0x00, 0x00, 0x00, 0x00, 0x00,
0x00, 0xC4, 0xFF, 0x70, 0x00, 0x00, 0x00, 0x00, 0x00, 0x00, 0xD4, 0xFF, 0x60, 0x00, 0x00, 0xAC,
0xFF, 0x80, 0x00, 0x00, 0x00, 0x00, 0x00, 0x00, 0xC4, 0xFF, 0x70, 0x00, 0x00, 0x00, 0x00, 0x00,
0x00, 0xD4, 0xFF, 0x60, 0x00, 0x00, 0xAC, 0xFF, 0x80, 0x00, 0x00, 0x00, 0x00, 0x00, 0x00, 0xC4,
0xFF, 0x70, 0x00, 0x00, 0x00, 0x00, 0x00, 0x00, 0xD4, 0xFF, 0x60, 0x00, 0x00, 0xAC, 0xFF, 0x80,
0x00, 0x00, 0x00, 0x00, 0x00, 0x00, 0xC4, 0xFF, 0x70, 0x00, 0x00, 0x00, 0x00, 0x00, 0x00, 0xD4,
0xFF, 0x60, 0x00, 0x00, 0xAC, 0xFF, 0x80, 0x00, 0x00, 0x00, 0x00, 0x00, 0x00, 0xC4, 0xFF, 0x70,
0x00, 0x00, 0x00, 0x00, 0x00, 0x00, 0xD4, 0xFF, 0x60, 0x00, 0x00, 0xAC, 0xFF, 0x80, 0x00, 0x00,
0x00, 0x00, 0x00, 0x00, 0xC4, 0xFF, 0x70, 0x00, 0x00, 0x00, 0x00, 0x00, 0x00, 0xD4, 0xFF, 0x60,
0x00, 0x00, 0xAC, 0xFF, 0x80, 0x00, 0x00, 0x00, 0x00, 0x00, 0x00, 0xC4, 0xFF, 0x70, 0x00, 0x00,
0x00, 0x00, 0x00, 0x00, 0xD4, 0xFF, 0x60, 0x00, 0x00, 0xAC, 0xFF, 0x80, 0x00, 0x00, 0x00, 0x00,
0x00, 0x00, 0xC4, 0xFF, 0x70, 0x00, 0x00, 0x00, 0x00, 0x00, 0x00, 0xD4, 0xFF, 0x60, 0x00, 0x00,
0xAC, 0xFF, 0x80, 0x00, 0x00, 0x00, 0x00, 0x00, 0x00, 0xC4, 0xFF, 0x70, 0x00, 0x00, 0x00, 0x00,
0x00, 0x00, 0xD4, 0xFF, 0x60, 0x00, 0x00, 0xAC, 0xFF, 0x80, 0x00, 0x00, 0x00, 0x00, 0x00, 0x00,
0xC4, 0xFF, 0x70, 0x00, 0x00, 0x00, 0x00, 0x00, 0x00, 0xD4, 0xFF, 0x60, 0x00, 0x00, 0xAC, 0xFF,
0x80, 0x00, 0x00, 0x00, 0x00, 0x00, 0x00, 0xC4, 0xFF, 0x70, 0x00, 0x00, 0x00, 0x00, 0x00, 0x00,
0xD4, 0xFF, 0x60, 0x00, 0x00, 0xAC, 0xFF, 0xFC, 0xF8, 0xF8, 0xF8, 0xF8, 0xF8, 0xF8, 0xFE, 0xFF,
0xFB, 0xF8, 0xF8, 0xF8, 0xF8, 0xF8, 0xF8, 0xFE, 0xFF, 0xFF, 0xFF, 0xF0, 0xAC, 0xFF, 0xFF, 0xFF,
0xFF, 0xFF, 0xFF, 0xFF, 0xFF, 0xFF, 0xFF, 0xFF, 0xFF, 0xFF, 0xFF, 0xFF, 0xFF, 0xFF, 0xFF, 0xFF,
0xFF, 0xFF, 0xF0, 0x00, 0x00, 0x00, 0x00, 0x00, 0x00, 0x00, 0x00, 0x00, 0x00, 0x00, 0x00, 0x00,
0x00, 0x00, 0x00, 0x00, 0x00, 0x00, 0x00, 0x40, 0xFF, 0xF0, 0x00, 0x00, 0x00, 0x00, 0x00, 0x00,
0x00, 0x00, 0x00, 0x00, 0x00, 0x00, 0x00, 0x00, 0x00, 0x00, 0x00, 0x00, 0x00, 0x00, 0x40, 0xFF,
0xF0, 0x00, 0x00, 0x00, 0x00, 0x00, 0x00, 0x00, 0x00, 0x00, 0x00, 0x00, 0x00, 0x00, 0x00, 0x00,
0x00, 0x00, 0x00, 0x00, 0x00, 0x40, 0xFF, 0xF0, 0x00, 0x00, 0x00, 0x00, 0x00, 0x00, 0x00, 0x00,
0x00, 0x00, 0x00, 0x00, 0x00, 0x00, 0x00, 0x00, 0x00, 0x00, 0x00, 0x00, 0x35, 0xC7, 0xA4, 0x75,
0xF8, 0xF8, 0xF8, 0xF8, 0xF8, 0xF8, 0xE0, 0x00, 0x00, 0x00, 0x00, 0x00, 0x00, 0x00, 0x00, 0x00,
0x00, 0x8A, 0xE8, 0xE8, 0xE8, 0xE8, 0xEF, 0xFF, 0xE8, 0x00, 0x00, 0x00, 0x00, 0x00, 0x00, 0x00,
0x00, 0x00, 0x00, 0x00, 0x00, 0x00, 0x00, 0x00, 0x4C, 0xFF, 0xE8, 0x00, 0x00, 0x00, 0x00, 0x00,
0x00, 0x00, 0x00, 0x00, 0x00, 0x00, 0x00, 0x00, 0x00, 0x00, 0x4C, 0xFF, 0xE8, 0x00, 0x00, 0x00,
0x00, 0x00, 0x00, 0x00, 0x00, 0x00, 0x00, 0x00, 0x00, 0x00, 0x00, 0x00, 0x4C, 0xFF, 0xE8, 0x00,
0x00, 0x00, 0x00, 0x00, 0x00, 0x00, 0x00, 0x00, 0x00, 0x00, 0x00, 0x00, 0x00, 0x00, 0x4C, 0xFF,
0xE8, 0x00, 0x00, 0x00, 0x00, 0x00, 0x00, 0x00, 0x00, 0x00, 0x00, 0x00, 0x00, 0x00, 0x00, 0x00,
0x4C, 0xFF, 0xE8, 0x00, 0x00, 0x00, 0x00, 0x00, 0x00, 0x00, 0x00, 0x00, 0x00, 0x00, 0x00, 0x00,
0x00, 0x00, 0x4C, 0xFF, 0xFE, 0xEC, 0xEC, 0xEC, 0xE7, 0xD3, 0xA6, 0x50, 0x00, 0x00, 0x00, 0x00,
0x00, 0x00, 0x00, 0x00, 0x4C, 0xFF, 0xFB, 0xD4, 0xD4, 0xD4, 0xE4, 0xFD, 0xFF, 0xFF, 0xB2, 0x05,
0x00, 0x00, 0x00, 0x00, 0x00, 0x00, 0x4C, 0xFF, 0xE8, 0x00, 0x00, 0x00, 0x00, 0x09, 0x6D, 0xFA,
0xFF, 0x82, 0x00, 0x00, 0x00, 0x00, 0x00, 0x00, 0x4C, 0xFF, 0xE8, 0x00, 0x00, 0x00, 0x00, 0x00,
0x00, 0x7C, 0xFF, 0xE8, 0x00, 0x00, 0x00, 0x00, 0x00, 0x00, 0x4C, 0xFF, 0xE8, 0x00, 0x00, 0x00,
0x00, 0x00, 0x00, 0x35, 0xFF, 0xFF, 0x0D, 0x00, 0x00, 0x00, 0x00, 0x00, 0x4C, 0xFF, 0xE8, 0x00,
0x00, 0x00, 0x00, 0x00, 0x00, 0x2E, 0xFF, 0xFC, 0x04, 0x00, 0x00, 0x00, 0x00, 0x00, 0x4C, 0xFF,
0xE8, 0x00, 0x00, 0x00, 0x00, 0x00, 0x00, 0x77, 0xFF, 0xD0, 0x00, 0x00, 0x00, 0x00, 0x00, 0x00,
0x4C, 0xFF, 0xE8, 0x00, 0x00, 0x00, 0x00, 0x0C, 0x6F, 0xF7, 0xFF, 0x5C, 0x00, 0x00, 0x00, 0x00,
0x00, 0x00, 0x4C, 0xFF, 0xFA, 0xC4, 0xC4, 0xC5, 0xDB, 0xF8, 0xFF, 0xFD, 0x82, 0x00, 0x00, 0x00,
0x00, 0x00, 0x00, 0x00, 0x4C, 0xFF, 0xFF, 0xFF, 0xFF, 0xFF, 0xF0, 0xD7, 0x96, 0x32, 0x00, 0x00,
0x00, 0xA6, 0xF8, 0x83, 0x00, 0x00, 0x00, 0x00, 0x00, 0x00, 0x00, 0x00, 0x00, 0x00, 0x26, 0xF8,
0xF8, 0x0B, 0xAC, 0xFF, 0x88, 0x00, 0x00, 0x00, 0x00, 0x00, 0x00, 0x00, 0x00, 0x00, 0x00, 0x28,
0xFF, 0xFF, 0x0C, 0xAC, 0xFF, 0x88, 0x00, 0x00, 0x00, 0x00, 0x00, 0x00, 0x00, 0x00, 0x00, 0x00,
0x28, 0xFF, 0xFF, 0x0C, 0xAC, 0xFF, 0x88, 0x00, 0x00, 0x00, 0x00, 0x00, 0x00, 0x00, 0x00, 0x00,
0x00, 0x28, 0xFF, 0xFF, 0x0C, 0xAC, 0xFF, 0x88, 0x00, 0x00, 0x00, 0x00, 0x00, 0x00, 0x00, 0x00,
0x00, 0x00, 0x28, 0xFF, 0xFF, 0x0C, 0xAC, 0xFF, 0x88, 0x00, 0x00, 0x00, 0x00, 0x00, 0x00, 0x00,
0x00, 0x00, 0x00, 0x28, 0xFF, 0xFF, 0x0C, 0xAC, 0xFF, 0x88, 0x00, 0x00, 0x00, 0x00, 0x00, 0x00,
0x00, 0x00, 0x00, 0x00, 0x28, 0xFF, 0xFF, 0x0C, 0xAC, 0xFF, 0xF6, 0xEC, 0xEC, 0xEC, 0xE1, 0xC8,
0x89, 0x24, 0x00, 0x00, 0x00, 0x28, 0xFF, 0xFF, 0x0C, 0xAC, 0xFF, 0xEB, 0xD4, 0xD4, 0xD6, 0xEF,
0xFF, 0xFF, 0xF8, 0x5E, 0x00, 0x00, 0x28, 0xFF, 0xFF, 0x0C, 0xAC, 0xFF, 0x88, 0x00, 0x00, 0x00,
0x00, 0x25, 0xAF, 0xFF, 0xFB, 0x26, 0x00, 0x28, 0xFF, 0xFF, 0x0C, 0xAC, 0xFF, 0x88, 0x00, 0x00,
0x00, 0x00, 0x00, 0x07, 0xD9, 0xFF, 0x85, 0x00, 0x28, 0xFF, 0xFF, 0x0C, 0xAC, 0xFF, 0x88, 0x00,
0x00, 0x00, 0x00, 0x00, 0x00, 0x99, 0xFF, 0xA9, 0x00, 0x28, 0xFF, 0xFF, 0x0C, 0xAC, 0xFF, 0x88,
0x00, 0x00, 0x00, 0x00, 0x00, 0x00, 0x92, 0xFF, 0x9D, 0x00, 0x28, 0xFF, 0xFF, 0x0C, 0xAC, 0xFF,
0x88, 0x00, 0x00, 0x00, 0x00, 0x00, 0x03, 0xD7, 0xFF, 0x6C, 0x00, 0x28, 0xFF, 0xFF, 0x0C, 0xAC,
0xFF, 0x88, 0x00, 0x00, 0x00, 0x00, 0x28, 0xAE, 0xFF, 0xE9, 0x0E, 0x00, 0x28, 0xFF, 0xFF, 0x0C,
0xAC, 0xFF, 0xE3, 0xC4, 0xC4, 0xCB, 0xE6, 0xFE, 0xFF, 0xE6, 0x35, 0x00, 0x00, 0x28, 0xFF, 0xFF,
0x0C, 0xAC, 0xFF, 0xFF, 0xFF, 0xFF, 0xFB, 0xE8, 0xC2, 0x76, 0x0E, 0x00, 0x00, 0x00, 0x28, 0xFF,
0xFF, 0x0C, 0xA6, 0xF8, 0x83, 0x00, 0x00, 0x00, 0x00, 0x00, 0x00, 0x00, 0x00, 0x00, 0xAC, 0xFF,
0x88, 0x00, 0x00, 0x00, 0x00, 0x00, 0x00, 0x00, 0x00, 0x00, 0xAC, 0xFF, 0x88, 0x00, 0x00, 0x00,
0x00, 0x00, 0x00, 0x00, 0x00, 0x00, 0xAC, 0xFF, 0x88, 0x00, 0x00, 0x00, 0x00, 0x00, 0x00, 0x00,
0x00, 0x00, 0xAC, 0xFF, 0x88, 0x00, 0x00, 0x00, 0x00, 0x00, 0x00, 0x00, 0x00, 0x00, 0xAC, 0xFF,
0x88, 0x00, 0x00, 0x00, 0x00, 0x00, 0x00, 0x00, 0x00, 0x00, 0xAC, 0xFF, 0x88, 0x00, 0x00, 0x00,
0x00, 0x00, 0x00, 0x00, 0x00, 0x00, 0xAC, 0xFF, 0xF6, 0xEC, 0xEC, 0xEC, 0xE1, 0xC8, 0x89, 0x24,
0x00, 0x00, 0xAC, 0xFF, 0xEB, 0xD4, 0xD4, 0xD6, 0xEF, 0xFF, 0xFF, 0xF8, 0x5E, 0x00, 0xAC, 0xFF,
0x88, 0x00, 0x00, 0x00, 0x00, 0x25, 0xAF, 0xFF, 0xFB, 0x26, 0xAC, 0xFF, 0x88, 0x00, 0x00, 0x00,
0x00, 0x00, 0x07, 0xD9, 0xFF, 0x85, 0xAC, 0xFF, 0x88, 0x00, 0x00, 0x00, 0x00, 0x00, 0x00, 0x99,
0xFF, 0xA9, 0xAC, 0xFF, 0x88, 0x00, 0x00, 0x00, 0x00, 0x00, 0x00, 0x92, 0xFF, 0x9D, 0xAC, 0xFF,
0x88, 0x00, 0x00, 0x00, 0x00, 0x00, 0x03, 0xD7, 0xFF, 0x6C, 0xAC, 0xFF, 0x88, 0x00, 0x00, 0x00,
0x00, 0x28, 0xAE, 0xFF, 0xE9, 0x0E, 0xAC, 0xFF, 0xE3, 0xC4, 0xC4, 0xCB, 0xE6, 0xFE, 0xFF, 0xE6,
0x35, 0x00, 0xAC, 0xFF, 0xFF, 0xFF, 0xFF, 0xFB, 0xE8, 0xC2, 0x76, 0x0E, 0x00, 0x00, 0x00, 0x00,
0x00, 0x00, 0x15, 0x2B, 0x26, 0x0B, 0x00, 0x00, 0x00, 0x00, 0x00, 0x00, 0x00, 0x42, 0xA2, 0xE8,
0xFF, 0xFF, 0xFF, 0xFF, 0xDF, 0x7F, 0x16, 0x00, 0x00, 0x00, 0x07, 0xEF, 0xFF, 0xF4, 0xC3, 0xAA,
0xB3, 0xDF, 0xFF, 0xFF, 0xE4, 0x36, 0x00, 0x00, 0x00, 0x6F, 0x52, 0x07, 0x00, 0x00, 0x00, 0x00,
0x42, 0xDF, 0xFF, 0xF1, 0x1B, 0x00, 0x00, 0x00, 0x00, 0x00, 0x00, 0x00, 0x00, 0x00, 0x00, 0x1C,
0xEB, 0xFF, 0xAC, 0x00, 0x00, 0x00, 0x00, 0x00, 0x00, 0x00, 0x00, 0x00, 0x00, 0x00, 0x69, 0xFF,
0xFC, 0x13, 0x00, 0x00, 0x00, 0x00, 0x00, 0x00, 0x00, 0x00, 0x00, 0x00, 0x0C, 0xFA, 0xFF, 0x5E,
0x00, 0x00, 0x00, 0x00, 0x00, 0x00, 0x00, 0x00, 0x00, 0x00, 0x00, 0xCC, 0xFF, 0x84, 0x00, 0x00,
0x00, 0x68, 0x6C, 0x6C, 0x6C, 0x6C, 0x6C, 0x6C, 0x6C, 0xD2, 0xFF, 0x9B, 0x00, 0x00, 0x00, 0xF8,
0xFF, 0xFF, 0xFF, 0xFF, 0xFF, 0xFF, 0xFF, 0xFF, 0xFF, 0xA4, 0x00, 0x00, 0x00, 0x60, 0x64, 0x64,
0x64, 0x64, 0x64, 0x64, 0x64, 0xD3, 0xFF, 0x8D, 0x00, 0x00, 0x00, 0x00, 0x00, 0x00, 0x00, 0x00,
0x00, 0x00, 0x00, 0xD3, 0xFF, 0x74, 0x00, 0x00, 0x00, 0x00, 0x00, 0x00, 0x00, 0x00, 0x00, 0x00,
0x14, 0xFD, 0xFF, 0x33, 0x00, 0x00, 0x00, 0x00, 0x00, 0x00, 0x00, 0x00, 0x00, 0x00, 0x79, 0xFF,
0xE2, 0x00, 0x00, 0x00, 0x00, 0x00, 0x00, 0x00, 0x00, 0x00, 0x00, 0x29, 0xF3, 0xFF, 0x64, 0x00,
0x04, 0x79, 0x1E, 0x00, 0x00, 0x00, 0x00, 0x01, 0x52, 0xEA, 0xFF, 0xBC, 0x01, 0x00, 0x47, 0xFF,
0xFF, 0xD9, 0xB0, 0xA4, 0xB4, 0xE8, 0xFF, 0xFF, 0xAD, 0x0A, 0x00, 0x00, 0x13, 0x71, 0xCF, 0xFF,
0xFF, 0xFF, 0xFF, 0xFE, 0xC7, 0x5D, 0x01, 0x00, 0x00, 0x00, 0x00, 0x00, 0x00, 0x0F, 0x2E, 0x38,
0x2D, 0x0B, 0x00, 0x00, 0x00, 0x00, 0x00, 0x00, 0x00, 0x00, 0x00, 0x00, 0x00, 0x00, 0x00, 0x00,
0x00, 0x00, 0x00, 0x00, 0x0D, 0x28, 0x2A, 0x0E, 0x00, 0x00, 0x00, 0x00, 0x00, 0x00, 0xA6, 0xF8,
0x83, 0x00, 0x00, 0x00, 0x00, 0x00, 0x00, 0x16, 0x82, 0xDE, 0xFF, 0xFF, 0xFF, 0xFE, 0xCF, 0x65,
0x02, 0x00, 0x00, 0x00, 0xAC, 0xFF, 0x88, 0x00, 0x00, 0x00, 0x00, 0x00, 0x46, 0xE8, 0xFF, 0xFC,
0xCC, 0xAA, 0xB2, 0xE0, 0xFF, 0xFF, 0xB3, 0x0C, 0x00, 0x00, 0xAC, 0xFF, 0x88, 0x00, 0x00, 0x00,
0x00, 0x34, 0xF7, 0xFF, 0xB9, 0x26, 0x00, 0x00, 0x00, 0x00, 0x4C, 0xE9, 0xFF, 0xB8, 0x00, 0x00,
0xAC, 0xFF, 0x88, 0x00, 0x00, 0x00, 0x04, 0xDD, 0xFF, 0xB9, 0x06, 0x00, 0x00, 0x00, 0x00, 0x00,
0x00, 0x34, 0xFC, 0xFF, 0x5B, 0x00, 0xAC, 0xFF, 0x88, 0x00, 0x00, 0x00, 0x58, 0xFF, 0xF9, 0x22,
0x00, 0x00, 0x00, 0x00, 0x00, 0x00, 0x00, 0x00, 0x9E, 0xFF, 0xC9, 0x00, 0xAC, 0xFF, 0x88, 0x00,
0x00, 0x00, 0xB1, 0xFF, 0xAF, 0x00, 0x00, 0x00, 0x00, 0x00, 0x00, 0x00, 0x00, 0x00, 0x3F, 0xFF,
0xFF, 0x1D, 0xAC, 0xFF, 0x88, 0x00, 0x00, 0x00, 0xE6, 0xFF, 0x6A, 0x00, 0x00, 0x00, 0x00, 0x00,
0x00, 0x00, 0x00, 0x00, 0x09, 0xFC, 0xFF, 0x4D, 0xAC, 0xFF, 0xE2, 0xC0, 0xC0, 0xC1, 0xFF, 0xFF,
0x49, 0x00, 0x00, 0x00, 0x00, 0x00, 0x00, 0x00, 0x00, 0x00, 0x00, 0xE6, 0xFF, 0x64, 0xAC, 0xFF,
0xFF, 0xFF, 0xFF, 0xFF, 0xFF, 0xFF, 0x38, 0x00, 0x00, 0x00, 0x00, 0x00, 0x00, 0x00, 0x00, 0x00,
0x00, 0xDC, 0xFF, 0x70, 0xAC, 0xFF, 0x95, 0x1C, 0x1C, 0x28, 0xFF, 0xFF, 0x47, 0x00, 0x00, 0x00,
0x00, 0x00, 0x00, 0x00, 0x00, 0x00, 0x00, 0xED, 0xFF, 0x5A, 0xAC, 0xFF, 0x88, 0x00, 0x00, 0x00,
0xF1, 0xFF, 0x64, 0x00, 0x00, 0x00, 0x00, 0x00, 0x00, 0x00, 0x00, 0x00, 0x0B, 0xFD, 0xFF, 0x41,
0xAC, 0xFF, 0x88, 0x00, 0x00, 0x00, 0xC8, 0xFF, 0xA2, 0x00, 0x00, 0x00, 0x00, 0x00, 0x00, 0x00,
0x00, 0x00, 0x4C, 0xFF, 0xF6, 0x0B, 0xAC, 0xFF, 0x88, 0x00, 0x00, 0x00, 0x74, 0xFF, 0xF1, 0x12,
0x00, 0x00, 0x00, 0x00, 0x00, 0x00, 0x00, 0x00, 0xAF, 0xFF, 0xAC, 0x00, 0xAC, 0xFF, 0x88, 0x00,
0x00, 0x00, 0x18, 0xF1, 0xFF, 0x9D, 0x00, 0x00, 0x00, 0x00, 0x00, 0x00, 0x00, 0x4D, 0xFF, 0xFC,
0x34, 0x00, 0xAC, 0xFF, 0x88, 0x00, 0x00, 0x00, 0x00, 0x62, 0xFF, 0xFF, 0x99, 0x13, 0x00, 0x00,
0x00, 0x05, 0x68, 0xF9, 0xFF, 0x85, 0x00, 0x00, 0xAC, 0xFF, 0x88, 0x00, 0x00, 0x00, 0x00, 0x00,
0x74, 0xFD, 0xFF, 0xF3, 0xBD, 0xA0, 0xB5, 0xE7, 0xFF, 0xFE, 0x7F, 0x01, 0x00, 0x00, 0xAC, 0xFF,
0x88, 0x00, 0x00, 0x00, 0x00, 0x00, 0x00, 0x39, 0xAA, 0xFA, 0xFF, 0xFF, 0xFF, 0xF9, 0xB5, 0x3E,
0x00, 0x00, 0x00, 0x00, 0x00, 0x00, 0x00, 0x00, 0x00, 0x00, 0x00, 0x00, 0x00, 0x00, 0x00, 0x05,
0x20, 0x36, 0x2A, 0x06, 0x00, 0x00, 0x00, 0x00, 0x00, 0x00, 0x00, 0x00, 0x00, 0x01, 0x58, 0xB1,
0xDE, 0xF3, 0xF8, 0xF8, 0xF8, 0xF8, 0x51, 0x00, 0x00, 0x08, 0xBB, 0xFF, 0xFF, 0xF5, 0xD7, 0xCC,
0xCC, 0xFA, 0xFF, 0x54, 0x00, 0x00, 0x95, 0xFF, 0xEF, 0x58, 0x02, 0x00, 0x00, 0x00, 0xE4, 0xFF,
0x54, 0x00, 0x0C, 0xF6, 0xFF, 0x62, 0x00, 0x00, 0x00, 0x00, 0x00, 0xE4, 0xFF, 0x54, 0x00, 0x31,
0xFF, 0xFF, 0x1B, 0x00, 0x00, 0x00, 0x00, 0x00, 0xE4, 0xFF, 0x54, 0x00, 0x36, 0xFF, 0xFF, 0x15,
0x00, 0x00, 0x00, 0x00, 0x00, 0xE4, 0xFF, 0x54, 0x00, 0x12, 0xFF, 0xFF, 0x52, 0x00, 0x00, 0x00,
0x00, 0x00, 0xE4, 0xFF, 0x54, 0x00, 0x00, 0xAF, 0xFF, 0xDF, 0x30, 0x00, 0x00, 0x00, 0x00, 0xE4,
0xFF, 0x54, 0x00, 0x00, 0x1B, 0xD4, 0xFF, 0xFC, 0xD6, 0xB7, 0xB4, 0xB4, 0xF7, 0xFF, 0x54, 0x00,
0x00, 0x00, 0x0D, 0x85, 0xF5, 0xFF, 0xFF, 0xFF, 0xFF, 0xFF, 0xFF, 0x54, 0x00, 0x00, 0x00, 0x00,
0x2B, 0xF6, 0xFF, 0x55, 0x14, 0x14, 0xE6, 0xFF, 0x54, 0x00, 0x00, 0x00, 0x08, 0xD2, 0xFF, 0x9D,
0x00, 0x00, 0x00, 0xE4, 0xFF, 0x54, 0x00, 0x00, 0x00, 0x93, 0xFF, 0xDF, 0x0D, 0x00, 0x00, 0x00,
0xE4, 0xFF, 0x54, 0x00, 0x00, 0x4C, 0xFF, 0xFD, 0x3F, 0x00, 0x00, 0x00, 0x00, 0xE4, 0xFF, 0x54,
0x00, 0x18, 0xEA, 0xFF, 0x8C, 0x00, 0x00, 0x00, 0x00, 0x00, 0xE4, 0xFF, 0x54, 0x01, 0xBA, 0xFF,
0xD4, 0x07, 0x00, 0x00, 0x00, 0x00, 0x00, 0xE4, 0xFF, 0x54, 0x74, 0xFF, 0xFA, 0x31, 0x00, 0x00,
0x00, 0x00, 0x00, 0x00, 0xE4, 0xFF, 0x54, 0x00, 0x13, 0x5F, 0x9C, 0xC2, 0xCF, 0xBD, 0x84, 0x1B,
0x00, 0x00, 0x00, 0xCD, 0xFF, 0xFF, 0xEA, 0xE8, 0xFF, 0xFF, 0xEE, 0x2F, 0x00, 0x00, 0x6C, 0x66,
0x15, 0x00, 0x00, 0x1F, 0xBE, 0xFF, 0xC8, 0x00, 0x00, 0x00, 0x00, 0x00, 0x00, 0x00, 0x00, 0x17,
0xFC, 0xFF, 0x20, 0x00, 0x00, 0x00, 0x00, 0x00, 0x00, 0x00, 0x00, 0xD8, 0xFF, 0x47, 0x00, 0x00,
0x07, 0x42, 0x69, 0x77, 0x6E, 0x5C, 0xDA, 0xFF, 0x5B, 0x00, 0x64, 0xEF, 0xFF, 0xFF, 0xF2, 0xF3,
0xFE, 0xFF, 0xFF, 0x60, 0x50, 0xFF, 0xFA, 0x68, 0x10, 0x00, 0x00, 0x02, 0xCA, 0xFF, 0x60, 0xBE,
0xFF, 0x8A, 0x00, 0x00, 0x00, 0x00, 0x00, 0xC8, 0xFF, 0x60, 0xDD, 0xFF, 0x5A, 0x00, 0x00, 0x00,
0x00, 0x00, 0xCF, 0xFF, 0x60, 0xC3, 0xFF, 0x93, 0x00, 0x00, 0x00, 0x0B, 0x97, 0xFF, 0xFF, 0x60,
0x60, 0xFF, 0xFE, 0xA9, 0x7C, 0x9B, 0xEC, 0xE0, 0xCE, 0xFF, 0x65, 0x00, 0x79, 0xF3, 0xFF, 0xFF,
0xF4, 0x98, 0x13, 0x9A, 0xFF, 0x71, 0x00, 0x00, 0x09, 0x30, 0x2D, 0x09, 0x00, 0x00, 0x00, 0x00,
0x00, 0x00, 0x00, 0x00, 0x00, 0x00, 0x00, 0x00, 0x00, 0x00, 0x00, 0x09, 0x02, 0x00, 0x00, 0x00,
0x00, 0x00, 0x00, 0x00, 0x00, 0x00, 0x15, 0x5E, 0xD9, 0x57, 0x00, 0x00, 0x00, 0x00, 0x00, 0x0C,
0x59, 0x9F, 0xDB, 0xFF, 0xFF, 0xFF, 0x9E, 0x00, 0x00, 0x00, 0x00, 0x54, 0xED, 0xFF, 0xFF, 0xFF,
0xED, 0xB5, 0x59, 0x02, 0x00, 0x00, 0x00, 0x55, 0xFE, 0xFF, 0xC0, 0x63, 0x24, 0x00, 0x00, 0x00,
0x00, 0x00, 0x00, 0x0D, 0xEA, 0xFF, 0x8C, 0x00, 0x00, 0x00, 0x00, 0x00, 0x00, 0x00, 0x00, 0x00,
0x5F, 0xFF, 0xE4, 0x04, 0x00, 0x00, 0x02, 0x00, 0x00, 0x00, 0x00, 0x00, 0x00, 0xA7, 0xFF, 0x95,
0x58, 0xB6, 0xEE, 0xFF, 0xEC, 0xB1, 0x3A, 0x00, 0x00, 0x00, 0xD5, 0xFF, 0xF3, 0xFF, 0xFD, 0xE5,
0xE1, 0xFE, 0xFF, 0xFC, 0x60, 0x00, 0x00, 0xF1, 0xFF, 0xE9, 0x6C, 0x13, 0x00, 0x00, 0x19, 0xAB,
0xFF, 0xF6, 0x22, 0x00, 0xFD, 0xFF, 0x4E, 0x00, 0x00, 0x00, 0x00, 0x00, 0x06, 0xDE, 0xFF, 0x87,
0x04, 0xFF, 0xFF, 0x43, 0x00, 0x00, 0x00, 0x00, 0x00, 0x00, 0x79, 0xFF, 0xCA, 0x00, 0xF9, 0xFF,
0x4C, 0x00, 0x00, 0x00, 0x00, 0x00, 0x00, 0x53, 0xFF, 0xE3, 0x00, 0xE2, 0xFF, 0x61, 0x00, 0x00,
0x00, 0x00, 0x00, 0x00, 0x51, 0xFF, 0xD9, 0x00, 0xB3, 0xFF, 0x99, 0x00, 0x00, 0x00, 0x00, 0x00,
0x00, 0x77, 0xFF, 0xBA, 0x00, 0x67, 0xFF, 0xEB, 0x0C, 0x00, 0x00, 0x00, 0x00, 0x02, 0xD0, 0xFF,
0x6E, 0x00, 0x0D, 0xE6, 0xFF, 0xA5, 0x03, 0x00, 0x00, 0x01, 0x8A, 0xFF, 0xE7, 0x12, 0x00, 0x00,
0x43, 0xF7, 0xFF, 0xDC, 0x94, 0x95, 0xD7, 0xFF, 0xF4, 0x43, 0x00, 0x00, 0x00, 0x00, 0x33, 0xBF,
0xFD, 0xFF, 0xFF, 0xFC, 0xB1, 0x2C, 0x00, 0x00, 0x00, 0x00, 0x00, 0x00, 0x00, 0x13, 0x32, 0x2B,
0x0C, 0x00, 0x00, 0x00, 0x00, 0x14, 0x94, 0x94, 0x94, 0x94, 0x94, 0x8B, 0x6F, 0x26, 0x00, 0x00,
0x00, 0x24, 0xFF, 0xFF, 0xFF, 0xFF, 0xFF, 0xFF, 0xFF, 0xFD, 0x7F, 0x00, 0x00, 0x24, 0xFF, 0xFF,
0x08, 0x00, 0x01, 0x17, 0x88, 0xFF, 0xFE, 0x1B, 0x00, 0x24, 0xFF, 0xFF, 0x08, 0x00, 0x00, 0x00,
0x07, 0xFE, 0xFF, 0x36, 0x00, 0x24, 0xFF, 0xFF, 0x08, 0x00, 0x00, 0x00, 0x42, 0xFF, 0xEF, 0x0D,
0x00, 0x24, 0xFF, 0xFF, 0x74, 0x70, 0x72, 0x94, 0xF3, 0xEB, 0x48, 0x00, 0x00, 0x24, 0xFF, 0xFF,
0xFF, 0xFF, 0xFF, 0xFF, 0xFF, 0xC6, 0x5B, 0x00, 0x00, 0x24, 0xFF, 0xFF, 0x27, 0x20, 0x20, 0x30,
0x6A, 0xEC, 0xFF, 0x7F, 0x00, 0x24, 0xFF, 0xFF, 0x08, 0x00, 0x00, 0x00, 0x00, 0x56, 0xFF, 0xF6,
0x03, 0x24, 0xFF, 0xFF, 0x08, 0x00, 0x00, 0x00, 0x00, 0x2E, 0xFF, 0xFF, 0x16, 0x24, 0xFF, 0xFF,
0x08, 0x00, 0x00, 0x00, 0x00, 0x88, 0xFF, 0xE6, 0x01, 0x24, 0xFF, 0xFF, 0x93, 0x90, 0x90, 0x9A,
0xCC, 0xFF, 0xFE, 0x59, 0x00, 0x24, 0xFF, 0xFF, 0xFF, 0xFF, 0xFF, 0xFE, 0xED, 0xB7, 0x40, 0x00,
0x00, 0x14, 0x94, 0x94, 0x94, 0x94, 0x94, 0x94, 0x94, 0x38, 0x24, 0xFF, 0xFF, 0xFF, 0xFF, 0xFF,
0xFF, 0xFF, 0x3C, 0x24, 0xFF, 0xFF, 0x47, 0x34, 0x34, 0x34, 0x34, 0x06, 0x24, 0xFF, 0xFF, 0x18,
0x00, 0x00, 0x00, 0x00, 0x00, 0x24, 0xFF, 0xFF, 0x18, 0x00, 0x00, 0x00, 0x00, 0x00, 0x24, 0xFF,
0xFF, 0x18, 0x00, 0x00, 0x00, 0x00, 0x00, 0x24, 0xFF, 0xFF, 0x18, 0x00, 0x00, 0x00, 0x00, 0x00,
0x24, 0xFF, 0xFF, 0x18, 0x00, 0x00, 0x00, 0x00, 0x00, 0x24, 0xFF, 0xFF, 0x18, 0x00, 0x00, 0x00,
0x00, 0x00, 0x24, 0xFF, 0xFF, 0x18, 0x00, 0x00, 0x00, 0x00, 0x00, 0x24, 0xFF, 0xFF, 0x18, 0x00,
0x00, 0x00, 0x00, 0x00, 0x24, 0xFF, 0xFF, 0x18, 0x00, 0x00, 0x00, 0x00, 0x00, 0x24, 0xFF, 0xFF,
0x18, 0x00, 0x00, 0x00, 0x00, 0x00, 0x00, 0x00, 0x00, 0x02, 0x94, 0x94, 0x94, 0x94, 0x94, 0x94,
0x94, 0x94, 0x5E, 0x00, 0x00, 0x00, 0x00, 0x00, 0x10, 0xFF, 0xFF, 0xFF, 0xFF, 0xFF, 0xFF, 0xFF,
0xFF, 0xA4, 0x00, 0x00, 0x00, 0x00, 0x00, 0x1E, 0xFF, 0xED, 0x34, 0x34, 0x34, 0x34, 0x9D, 0xFF,
0xA4, 0x00, 0x00, 0x00, 0x00, 0x00, 0x2D, 0xFF, 0xD8, 0x00, 0x00, 0x00, 0x00, 0x84, 0xFF, 0xA4,
0x00, 0x00, 0x00, 0x00, 0x00, 0x50, 0xFF, 0xC3, 0x00, 0x00, 0x00, 0x00, 0x84, 0xFF, 0xA4, 0x00,
0x00, 0x00, 0x00, 0x00, 0x75, 0xFF, 0x9D, 0x00, 0x00, 0x00, 0x00, 0x84, 0xFF, 0xA4, 0x00, 0x00,
0x00, 0x00, 0x00, 0xA0, 0xFF, 0x74, 0x00, 0x00, 0x00, 0x00, 0x84, 0xFF, 0xA4, 0x00, 0x00, 0x00,
0x00, 0x00, 0xE0, 0xFF, 0x3B, 0x00, 0x00, 0x00, 0x00, 0x84, 0xFF, 0xA4, 0x00, 0x00, 0x00, 0x00,
0x23, 0xFF, 0xF5, 0x05, 0x00, 0x00, 0x00, 0x00, 0x84, 0xFF, 0xA4, 0x00, 0x00, 0x00, 0x00, 0x7C,
0xFF, 0xAD, 0x00, 0x00, 0x00, 0x00, 0x00, 0x84, 0xFF, 0xA4, 0x00, 0x00, 0x00, 0x02, 0xDF, 0xFF,
0x4D, 0x00, 0x00, 0x00, 0x00, 0x00, 0x84, 0xFF, 0xA4, 0x00, 0x00, 0x82, 0xE0, 0xFF, 0xFF, 0xDF,
0xDC, 0xDC, 0xDC, 0xDC, 0xDC, 0xEE, 0xFF, 0xF3, 0xDC, 0x6E, 0x98, 0xFF, 0xFF, 0xFF, 0xFF, 0xFF,
0xFF, 0xFF, 0xFF, 0xFF, 0xFF, 0xFF, 0xFF, 0xFF, 0x80, 0x98, 0xFF, 0x74, 0x00, 0x00, 0x00, 0x00,
0x00, 0x00, 0x00, 0x00, 0x00, 0x8C, 0xFF, 0x80, 0x98, 0xFF, 0x74, 0x00, 0x00, 0x00, 0x00, 0x00,
0x00, 0x00, 0x00, 0x00, 0x8C, 0xFF, 0x80, 0x98, 0xFF, 0x74, 0x00, 0x00, 0x00, 0x00, 0x00, 0x00,
0x00, 0x00, 0x00, 0x8C, 0xFF, 0x80, 0x51, 0x74, 0x2C, 0x00, 0x00, 0x00, 0x00, 0x00, 0x00, 0x00,
0x00, 0x00, 0x4B, 0x76, 0x31, 0x00, 0x00, 0x08, 0x63, 0xAF, 0xCB, 0xB5, 0x72, 0x0B, 0x00, 0x00,
0x00, 0x1C, 0xD1, 0xFF, 0xF6, 0xD4, 0xF5, 0xFF, 0xD7, 0x1A, 0x00, 0x02, 0xC7, 0xFF, 0xA2, 0x0B,
0x00, 0x09, 0xA5, 0xFF, 0xB8, 0x00, 0x56, 0xFF, 0xDA, 0x06, 0x00, 0x00, 0x00, 0x0C, 0xEB, 0xFF,
0x30, 0xAA, 0xFF, 0x82, 0x00, 0x00, 0x00, 0x00, 0x00, 0xB0, 0xFF, 0x76, 0xD9, 0xFF, 0xD3, 0xBC,
0xBC, 0xBC, 0xBC, 0xBC, 0xE2, 0xFF, 0x94, 0xEF, 0xFF, 0xD4, 0xC8, 0xC8, 0xC8, 0xC8, 0xC8, 0xC8,
0xC8, 0x7D, 0xE9, 0xFF, 0x44, 0x00, 0x00, 0x00, 0x00, 0x00, 0x00, 0x00, 0x00, 0xCF, 0xFF, 0x6E,
0x00, 0x00, 0x00, 0x00, 0x00, 0x00, 0x00, 0x00, 0x8C, 0xFF, 0xC7, 0x00, 0x00, 0x00, 0x00, 0x00,
0x00, 0x00, 0x00, 0x29, 0xF9, 0xFF, 0x83, 0x02, 0x00, 0x00, 0x00, 0x00, 0x27, 0x00, 0x00, 0x6F,
0xFE, 0xFF, 0xD8, 0x93, 0x87, 0xA1, 0xD6, 0xFF, 0x23, 0x00, 0x00, 0x4D, 0xCA, 0xFF, 0xFF, 0xFF,
0xFF, 0xEA, 0x91, 0x1B, 0x00, 0x00, 0x00, 0x00, 0x14, 0x30, 0x35, 0x1F, 0x01, 0x00, 0x00, 0x61,
0xC8, 0xAD, 0x30, 0x00, 0x00, 0x00, 0x30, 0x94, 0x73, 0x00, 0x00, 0x00, 0x05, 0x80, 0xC8, 0xB4,
0x04, 0x7B, 0xFB, 0xFF, 0xF4, 0x2F, 0x00, 0x00, 0x54, 0xFF, 0xC8, 0x00, 0x00, 0x01, 0xAE, 0xFF,
0xFE, 0xEB, 0x00, 0x05, 0x01, 0x64, 0xFF, 0xD9, 0x0A, 0x00, 0x54, 0xFF, 0xC8, 0x00, 0x00, 0x71,
0xFF, 0xC4, 0x14, 0x05, 0x00, 0x00, 0x00, 0x00, 0x91, 0xFF, 0x9A, 0x00, 0x54, 0xFF, 0xC8, 0x00,
0x2E, 0xF8, 0xEC, 0x19, 0x00, 0x00, 0x00, 0x00, 0x00, 0x00, 0x09, 0xD6, 0xFF, 0x50, 0x54, 0xFF,
0xC8, 0x08, 0xD3, 0xFF, 0x55, 0x00, 0x00, 0x00, 0x00, 0x00, 0x00, 0x00, 0x00, 0x32, 0xFA, 0xEC,
0xB7, 0xFF, 0xE8, 0xBB, 0xFF, 0xA6, 0x00, 0x00, 0x00, 0x00, 0x00, 0x00, 0x00, 0x00, 0x00, 0x35,
0xFA, 0xFF, 0xFF, 0xFF, 0xFF, 0xFF, 0xFF, 0xA5, 0x00, 0x00, 0x00, 0x00, 0x00, 0x00, 0x00, 0x00,
0x0C, 0xDB, 0xFF, 0x8B, 0x87, 0xFF, 0xD8, 0x4F, 0xEA, 0xFF, 0x5D, 0x00, 0x00, 0x00, 0x00, 0x00,
0x00, 0x00, 0xA1, 0xFF, 0xC2, 0x02, 0x54, 0xFF, 0xC8, 0x00, 0x50, 0xFF, 0xF2, 0x23, 0x00, 0x00,
0x00, 0x00, 0x00, 0x58, 0xFF, 0xF3, 0x22, 0x00, 0x54, 0xFF, 0xC8, 0x00, 0x00, 0xA1, 0xFF, 0xC9,
0x04, 0x00, 0x00, 0x00, 0x1F, 0xF0, 0xFF, 0x66, 0x00, 0x00, 0x54, 0xFF, 0xC8, 0x00, 0x00, 0x0E,
0xE1, 0xFF, 0x86, 0x00, 0x00, 0x03, 0xC4, 0xFF, 0xB6, 0x00, 0x00, 0x00, 0x54, 0xFF, 0xC8, 0x00,
0x00, 0x00, 0x42, 0xFE, 0xFD, 0x41, 0x00, 0x80, 0xFF, 0xED, 0x19, 0x00, 0x00, 0x00, 0x54, 0xFF,
0xC8, 0x00, 0x00, 0x00, 0x00, 0x90, 0xFF, 0xE4, 0x13, 0x00, 0x0D, 0x66, 0xAA, 0xCA, 0xC9, 0xA1,
0x3F, 0x00, 0x00, 0x00, 0xDA, 0xFF, 0xF8, 0xDE, 0xF1, 0xFF, 0xFF, 0x72, 0x00, 0x00, 0x77, 0x63,
0x08, 0x00, 0x02, 0x73, 0xFF, 0xF7, 0x0B, 0x00, 0x00, 0x00, 0x00, 0x00, 0x00, 0x01, 0xF9, 0xFF,
0x20, 0x00, 0x00, 0x00, 0x00, 0x00, 0x00, 0x37, 0xFF, 0xE6, 0x03, 0x00, 0x00, 0x07, 0x49, 0x5A,
0x8C, 0xEF, 0xEF, 0x44, 0x00, 0x00, 0x00, 0x1C, 0xFF, 0xFF, 0xFF, 0xF6, 0x8A, 0x1A, 0x00, 0x00,
0x00, 0x09, 0x58, 0x5F, 0x77, 0xC0, 0xFF, 0xF2, 0x2A, 0x00, 0x00, 0x00, 0x00, 0x00, 0x00, 0x00,
0xA0, 0xFF, 0xA0, 0x00, 0x00, 0x00, 0x00, 0x00, 0x00, 0x00, 0x63, 0xFF, 0xBD, 0x00, 0x20, 0x00,
0x00, 0x00, 0x00, 0x03, 0xB8, 0xFF, 0x93, 0x39, 0xFF, 0xCA, 0x9C, 0x83, 0x92, 0xDA, 0xFF, 0xEC,
0x21, 0x42, 0xC5, 0xFD, 0xFF, 0xFF, 0xFF, 0xFC, 0xB7, 0x28, 0x00, 0x00, 0x00, 0x0C, 0x24, 0x38,
0x31, 0x0F, 0x00, 0x00, 0x00, 0x14, 0x94, 0x8F, 0x00, 0x00, 0x00, 0x00, 0x00, 0x09, 0x8F, 0x94,
0x27, 0x24, 0xFF, 0xF8, 0x00, 0x00, 0x00, 0x00, 0x00, 0x8C, 0xFF, 0xFF, 0x44, 0x24, 0xFF, 0xF8,
0x00, 0x00, 0x00, 0x00, 0x34, 0xFC, 0xFF, 0xFF, 0x44, 0x24, 0xFF, 0xF8, 0x00, 0x00, 0x00, 0x05,
0xD2, 0xFC, 0xF3, 0xFF, 0x44, 0x24, 0xFF, 0xF8, 0x00, 0x00, 0x00, 0x7E, 0xFF, 0x8A, 0xD8, 0xFF,
0x44, 0x24, 0xFF, 0xF8, 0x00, 0x00, 0x2A, 0xF9, 0xD9, 0x08, 0xD8, 0xFF, 0x44, 0x24, 0xFF, 0xF8,
0x00, 0x02, 0xC7, 0xFE, 0x3C, 0x00, 0xD8, 0xFF, 0x44, 0x24, 0xFF, 0xF8, 0x00, 0x71, 0xFF, 0x93,
0x00, 0x00, 0xD8, 0xFF, 0x44, 0x24, 0xFF, 0xF8, 0x21, 0xF4, 0xDF, 0x0B, 0x00, 0x00, 0xD8, 0xFF,
0x44, 0x24, 0xFF, 0xF8, 0xBC, 0xFF, 0x44, 0x00, 0x00, 0x00, 0xD8, 0xFF, 0x44, 0x24, 0xFF, 0xFF,
0xFF, 0x9B, 0x00, 0x00, 0x00, 0x00, 0xD8, 0xFF, 0x44, 0x24, 0xFF, 0xFF, 0xE4, 0x0F, 0x00, 0x00,
0x00, 0x00, 0xD8, 0xFF, 0x44, 0x24, 0xFF, 0xFF, 0x4B, 0x00, 0x00, 0x00, 0x00, 0x00, 0xD8, 0xFF,
0x44, 0x00, 0x00, 0x2A, 0x2B, 0x00, 0x00, 0x00, 0x00, 0x27, 0x2E, 0x00, 0x00, 0x00, 0x00, 0xB7,
0xFD, 0x14, 0x00, 0x00, 0x09, 0xF4, 0xCB, 0x00, 0x00, 0x00, 0x00, 0x48, 0xFF, 0xAD, 0x1B, 0x17,
0x9D, 0xFF, 0x5D, 0x00, 0x00, 0x00, 0x00, 0x00, 0x65, 0xEF, 0xFF, 0xFF, 0xF5, 0x77, 0x00, 0x00,
0x00, 0x00, 0x00, 0x00, 0x00, 0x03, 0x24, 0x27, 0x05, 0x00, 0x00, 0x00, 0x00, 0x00, 0x00, 0x00,
0x00, 0x00, 0x00, 0x00, 0x00, 0x00, 0x00, 0x00, 0x00, 0x14, 0x94, 0x8F, 0x00, 0x00, 0x00, 0x00,
0x00, 0x09, 0x8F, 0x94, 0x27, 0x24, 0xFF, 0xF8, 0x00, 0x00, 0x00, 0x00, 0x00, 0x8C, 0xFF, 0xFF,
0x44, 0x24, 0xFF, 0xF8, 0x00, 0x00, 0x00, 0x00, 0x34, 0xFC, 0xFF, 0xFF, 0x44, 0x24, 0xFF, 0xF8,
0x00, 0x00, 0x00, 0x05, 0xD2, 0xFC, 0xF3, 0xFF, 0x44, 0x24, 0xFF, 0xF8, 0x00, 0x00, 0x00, 0x7E,
0xFF, 0x8A, 0xD8, 0xFF, 0x44, 0x24, 0xFF, 0xF8, 0x00, 0x00, 0x2A, 0xF9, 0xD9, 0x08, 0xD8, 0xFF,
0x44, 0x24, 0xFF, 0xF8, 0x00, 0x02, 0xC7, 0xFE, 0x3C, 0x00, 0xD8, 0xFF, 0x44, 0x24, 0xFF, 0xF8,
0x00, 0x71, 0xFF, 0x93, 0x00, 0x00, 0xD8, 0xFF, 0x44, 0x24, 0xFF, 0xF8, 0x21, 0xF4, 0xDF, 0x0B,
0x00, 0x00, 0xD8, 0xFF, 0x44, 0x24, 0xFF, 0xF8, 0xBC, 0xFF, 0x44, 0x00, 0x00, 0x00, 0xD8, 0xFF,
0x44, 0x24, 0xFF, 0xFF, 0xFF, 0x9B, 0x00, 0x00, 0x00, 0x00, 0xD8, 0xFF, 0x44, 0x24, 0xFF, 0xFF,
0xE4, 0x0F, 0x00, 0x00, 0x00, 0x00, 0xD8, 0xFF, 0x44, 0x24, 0xFF, 0xFF, 0x4B, 0x00, 0x00, 0x00,
0x00, 0x00, 0xD8, 0xFF, 0x44, 0x14, 0x94, 0x94, 0x02, 0x00, 0x00, 0x00, 0x00, 0x68, 0xC4, 0xBB,
0x1A, 0x24, 0xFF, 0xFF, 0x04, 0x00, 0x00, 0x00, 0x97, 0xFF, 0xFF, 0xFB, 0x0F, 0x24, 0xFF, 0xFF,
0x04, 0x00, 0x00, 0x73, 0xFF, 0xD9, 0x26, 0x05, 0x00, 0x24, 0xFF, 0xFF, 0x04, 0x00, 0x45, 0xFC,
0xEE, 0x23, 0x00, 0x00, 0x00, 0x24, 0xFF, 0xFF, 0x04, 0x22, 0xED, 0xFD, 0x49, 0x00, 0x00, 0x00,
0x00, 0x24, 0xFF, 0xFF, 0x95, 0xD9, 0xFF, 0x7E, 0x00, 0x00, 0x00, 0x00, 0x00, 0x24, 0xFF, 0xFF,
0xFF, 0xFF, 0xFF, 0x70, 0x00, 0x00, 0x00, 0x00, 0x00, 0x24, 0xFF, 0xFF, 0x4E, 0x68, 0xFD, 0xFA,
0x3A, 0x00, 0x00, 0x00, 0x00, 0x24, 0xFF, 0xFF, 0x04, 0x00, 0x7F, 0xFF, 0xE4, 0x16, 0x00, 0x00,
0x00, 0x24, 0xFF, 0xFF, 0x04, 0x00, 0x02, 0xBB, 0xFF, 0xBD, 0x03, 0x00, 0x00, 0x24, 0xFF, 0xFF,
0x04, 0x00, 0x00, 0x16, 0xE6, 0xFF, 0x86, 0x00, 0x00, 0x24, 0xFF, 0xFF, 0x04, 0x00, 0x00, 0x00,
0x3E, 0xFC, 0xFE, 0x4C, 0x00, 0x24, 0xFF, 0xFF, 0x04, 0x00, 0x00, 0x00, 0x00, 0x79, 0xFF, 0xEF,
0x21, 0x00, 0x00, 0x00, 0x3F, 0x94, 0x94, 0x94, 0x94, 0x94, 0x94, 0x94, 0x94, 0x27, 0x00, 0x00,
0x00, 0x85, 0xFF, 0xFF, 0xFF, 0xFF, 0xFF, 0xFF, 0xFF, 0xFF, 0x44, 0x00, 0x00, 0x00, 0xA4, 0xFF,
0x89, 0x34, 0x34, 0x34, 0x34, 0xE9, 0xFF, 0x44, 0x00, 0x00, 0x00, 0xC3, 0xFF, 0x4E, 0x00, 0x00,
0x00, 0x00, 0xE4, 0xFF, 0x44, 0x00, 0x00, 0x00, 0xE2, 0xFF, 0x2C, 0x00, 0x00, 0x00, 0x00, 0xE4,
0xFF, 0x44, 0x00, 0x00, 0x07, 0xFD, 0xFE, 0x0A, 0x00, 0x00, 0x00, 0x00, 0xE4, 0xFF, 0x44, 0x00,
0x00, 0x2C, 0xFF, 0xE3, 0x00, 0x00, 0x00, 0x00, 0x00, 0xE4, 0xFF, 0x44, 0x00, 0x00, 0x53, 0xFF,
0xBC, 0x00, 0x00, 0x00, 0x00, 0x00, 0xE4, 0xFF, 0x44, 0x00, 0x00, 0x7A, 0xFF, 0x93, 0x00, 0x00,
0x00, 0x00, 0x00, 0xE4, 0xFF, 0x44, 0x00, 0x00, 0xA5, 0xFF, 0x6A, 0x00, 0x00, 0x00, 0x00, 0x00,
0xE4, 0xFF, 0x44, 0x00, 0x04, 0xE6, 0xFF, 0x38, 0x00, 0x00, 0x00, 0x00, 0x00, 0xE4, 0xFF, 0x44,
0x77, 0xBB, 0xFF, 0xE3, 0x03, 0x00, 0x00, 0x00, 0x00, 0x00, 0xE4, 0xFF, 0x44, 0xDD, 0xFF, 0xEF,
0x45, 0x00, 0x00, 0x00, 0x00, 0x00, 0x00, 0xE4, 0xFF, 0x44, 0x23, 0x34, 0x0C, 0x00, 0x00, 0x00,
0x00, 0x00, 0x00, 0x00, 0x00, 0x00, 0x00, 0x14, 0x94, 0x94, 0x64, 0x00, 0x00, 0x00, 0x00, 0x00,
0x00, 0x00, 0x00, 0x86, 0x94, 0x6A, 0x24, 0xFF, 0xFF, 0xF5, 0x12, 0x00, 0x00, 0x00, 0x00, 0x00,
0x00, 0x46, 0xFF, 0xFF, 0xB8, 0x24, 0xFF, 0xFF, 0xFF, 0x7B, 0x00, 0x00, 0x00, 0x00, 0x00, 0x00,
0xBC, 0xFF, 0xFF, 0xB8, 0x24, 0xFF, 0xEF, 0xFD, 0xE7, 0x07, 0x00, 0x00, 0x00, 0x00, 0x31, 0xFF,
0xEB, 0xFF, 0xB8, 0x24, 0xFF, 0xE2, 0xB6, 0xFF, 0x62, 0x00, 0x00, 0x00, 0x00, 0xA6, 0xFF, 0x93,
0xFF, 0xB8, 0x24, 0xFF, 0xE7, 0x4F, 0xFF, 0xD5, 0x01, 0x00, 0x00, 0x1F, 0xFB, 0xD7, 0x56, 0xFF,
0xB8, 0x24, 0xFF, 0xEB, 0x02, 0xDC, 0xFF, 0x49, 0x00, 0x00, 0x90, 0xFF, 0x68, 0x57, 0xFF, 0xB8,
0x24, 0xFF, 0xEC, 0x00, 0x6B, 0xFF, 0xBC, 0x00, 0x11, 0xF3, 0xEB, 0x09, 0x58, 0xFF, 0xB8, 0x24,
0xFF, 0xEC, 0x00, 0x0A, 0xEC, 0xFF, 0x27, 0x75, 0xFF, 0x7F, 0x00, 0x58, 0xFF, 0xB8, 0x24, 0xFF,
0xEC, 0x00, 0x00, 0x83, 0xFF, 0x90, 0xDF, 0xF6, 0x14, 0x00, 0x58, 0xFF, 0xB8, 0x24, 0xFF, 0xEC,
0x00, 0x00, 0x16, 0xF7, 0xFC, 0xFF, 0x96, 0x00, 0x00, 0x58, 0xFF, 0xB8, 0x24, 0xFF, 0xEC, 0x00,
0x00, 0x00, 0x9B, 0xFF, 0xFD, 0x24, 0x00, 0x00, 0x58, 0xFF, 0xB8, 0x24, 0xFF, 0xEC, 0x00, 0x00,
0x00, 0x28, 0xFE, 0xAE, 0x00, 0x00, 0x00, 0x58, 0xFF, 0xB8, 0x14, 0x94, 0x94, 0x02, 0x00, 0x00,
0x00, 0x00, 0x00, 0x8A, 0x94, 0x20, 0x24, 0xFF, 0xFF, 0x04, 0x00, 0x00, 0x00, 0x00, 0x00, 0xF0,
0xFF, 0x38, 0x24, 0xFF, 0xFF, 0x04, 0x00, 0x00, 0x00, 0x00, 0x00, 0xF0, 0xFF, 0x38, 0x24, 0xFF,
0xFF, 0x04, 0x00, 0x00, 0x00, 0x00, 0x00, 0xF0, 0xFF, 0x38, 0x24, 0xFF, 0xFF, 0x04, 0x00, 0x00,
0x00, 0x00, 0x00, 0xF0, 0xFF, 0x38, 0x24, 0xFF, 0xFF, 0x5A, 0x58, 0x58, 0x58, 0x58, 0x58, 0xF5,
0xFF, 0x38, 0x24, 0xFF, 0xFF, 0xFF, 0xFF, 0xFF, 0xFF, 0xFF, 0xFF, 0xFF, 0xFF, 0x38, 0x24, 0xFF,
0xFF, 0x85, 0x84, 0x84, 0x84, 0x84, 0x84, 0xF8, 0xFF, 0x38, 0x24, 0xFF, 0xFF, 0x04, 0x00, 0x00,
0x00, 0x00, 0x00, 0xF0, 0xFF, 0x38, 0x24, 0xFF, 0xFF, 0x04, 0x00, 0x00, 0x00, 0x00, 0x00, 0xF0,
0xFF, 0x38, 0x24, 0xFF, 0xFF, 0x04, 0x00, 0x00, 0x00, 0x00, 0x00, 0xF0, 0xFF, 0x38, 0x24, 0xFF,
0xFF, 0x04, 0x00, 0x00, 0x00, 0x00, 0x00, 0xF0, 0xFF, 0x38, 0x24, 0xFF, 0xFF, 0x04, 0x00, 0x00,
0x00, 0x00, 0x00, 0xF0, 0xFF, 0x38, 0x00, 0x00, 0x00, 0x44, 0xA0, 0xC4, 0xC3, 0x9C, 0x3D, 0x00,
0x00, 0x00, 0x00, 0x0C, 0xAF, 0xFF, 0xFF, 0xF1, 0xF8, 0xFF, 0xFF, 0x9E, 0x06, 0x00, 0x00, 0xAB,
0xFF, 0xC9, 0x2D, 0x00, 0x02, 0x4D, 0xEA, 0xFF, 0x8E, 0x00, 0x44, 0xFF, 0xF5, 0x15, 0x00, 0x00,
0x00, 0x00, 0x4B, 0xFF, 0xFD, 0x25, 0xA0, 0xFF, 0x9A, 0x00, 0x00, 0x00, 0x00, 0x00, 0x00, 0xD5,
0xFF, 0x7C, 0xD6, 0xFF, 0x66, 0x00, 0x00, 0x00, 0x00, 0x00, 0x00, 0x9C, 0xFF, 0xAC, 0xEE, 0xFF,
0x4B, 0x00, 0x00, 0x00, 0x00, 0x00, 0x00, 0x7F, 0xFF, 0xC4, 0xE7, 0xFF, 0x53, 0x00, 0x00, 0x00,
0x00, 0x00, 0x00, 0x86, 0xFF, 0xB7, 0xCA, 0xFF, 0x7C, 0x00, 0x00, 0x00, 0x00, 0x00, 0x00, 0xA4,
0xFF, 0x98, 0x7F, 0xFF, 0xD3, 0x02, 0x00, 0x00, 0x00, 0x00, 0x0B, 0xEE, 0xFF, 0x49, 0x1C, 0xF1,
0xFF, 0x88, 0x00, 0x00, 0x00, 0x00, 0x8D, 0xFF, 0xCF, 0x04, 0x00, 0x54, 0xFA, 0xFF, 0xD1, 0x8D,
0x87, 0xCB, 0xFF, 0xE7, 0x28, 0x00, 0x00, 0x00, 0x3A, 0xBF, 0xFF, 0xFF, 0xFF, 0xF6, 0xA1, 0x19,
0x00, 0x00, 0x00, 0x00, 0x00, 0x00, 0x12, 0x30, 0x29, 0x09, 0x00, 0x00, 0x00, 0x00, 0x14, 0x94,
0x94, 0x94, 0x94, 0x94, 0x94, 0x94, 0x94, 0x94, 0x94, 0x20, 0x24, 0xFF, 0xFF, 0xFF, 0xFF, 0xFF,
0xFF, 0xFF, 0xFF, 0xFF, 0xFF, 0x38, 0x24, 0xFF, 0xFF, 0x4A, 0x48, 0x48, 0x48, 0x48, 0x48, 0xF4,
0xFF, 0x38, 0x24, 0xFF, 0xFF, 0x04, 0x00, 0x00, 0x00, 0x00, 0x00, 0xF0, 0xFF, 0x38, 0x24, 0xFF,
0xFF, 0x04, 0x00, 0x00, 0x00, 0x00, 0x00, 0xF0, 0xFF, 0x38, 0x24, 0xFF, 0xFF, 0x04, 0x00, 0x00,
0x00, 0x00, 0x00, 0xF0, 0xFF, 0x38, 0x24, 0xFF, 0xFF, 0x04, 0x00, 0x00, 0x00, 0x00, 0x00, 0xF0,
0xFF, 0x38, 0x24, 0xFF, 0xFF, 0x04, 0x00, 0x00, 0x00, 0x00, 0x00, 0xF0, 0xFF, 0x38, 0x24, 0xFF,
0xFF, 0x04, 0x00, 0x00, 0x00, 0x00, 0x00, 0xF0, 0xFF, 0x38, 0x24, 0xFF, 0xFF, 0x04, 0x00, 0x00,
0x00, 0x00, 0x00, 0xF0, 0xFF, 0x38, 0x24, 0xFF, 0xFF, 0x04, 0x00, 0x00, 0x00, 0x00, 0x00, 0xF0,
0xFF, 0x38, 0x24, 0xFF, 0xFF, 0x04, 0x00, 0x00, 0x00, 0x00, 0x00, 0xF0, 0xFF, 0x38, 0x24, 0xFF,
0xFF, 0x04, 0x00, 0x00, 0x00, 0x00, 0x00, 0xF0, 0xFF, 0x38, 0x12, 0x94, 0x84, 0x00, 0x25, 0x90,
0xC5, 0xC2, 0x87, 0x18, 0x00, 0x00, 0x16, 0xFF, 0xFB, 0x6F, 0xF9, 0xFF, 0xFA, 0xFF, 0xFF, 0xE7,
0x2D, 0x00, 0x10, 0xFF, 0xFF, 0xF9, 0x81, 0x19, 0x00, 0x2D, 0xCE, 0xFF, 0xD0, 0x03, 0x0C, 0xFF,
0xFF, 0x4B, 0x00, 0x00, 0x00, 0x00, 0x1C, 0xF8, 0xFF, 0x44, 0x0C, 0xFF, 0xFF, 0x1C, 0x00, 0x00,
0x00, 0x00, 0x00, 0xB6, 0xFF, 0x8C, 0x0C, 0xFF, 0xFF, 0x1C, 0x00, 0x00, 0x00, 0x00, 0x00, 0x8E,
0xFF, 0xA8, 0x0C, 0xFF, 0xFF, 0x1C, 0x00, 0x00, 0x00, 0x00, 0x00, 0x83, 0xFF, 0xB5, 0x0C, 0xFF,
0xFF, 0x1C, 0x00, 0x00, 0x00, 0x00, 0x00, 0x90, 0xFF, 0xA2, 0x0C, 0xFF, 0xFF, 0x1C, 0x00, 0x00,
0x00, 0x00, 0x00, 0xBA, 0xFF, 0x81, 0x0C, 0xFF, 0xFF, 0x1C, 0x00, 0x00, 0x00, 0x00, 0x17, 0xF9,
0xFF, 0x36, 0x0C, 0xFF, 0xFF, 0x1C, 0x00, 0x00, 0x00, 0x07, 0xB4, 0xFF, 0xC4, 0x01, 0x0C, 0xFF,
0xFF, 0xD9, 0x90, 0x76, 0x89, 0xDD, 0xFF, 0xE7, 0x27, 0x00, 0x0C, 0xFF, 0xFF, 0xDE, 0xFF, 0xFF,
0xFF, 0xFB, 0xA9, 0x1E, 0x00, 0x00, 0x0C, 0xFF, 0xFF, 0x1C, 0x18, 0x35, 0x2F, 0x0D, 0x00, 0x00,
0x00, 0x00, 0x0C, 0xFF, 0xFF, 0x1C, 0x00, 0x00, 0x00, 0x00, 0x00, 0x00, 0x00, 0x00, 0x0C, 0xFF,
0xFF, 0x1C, 0x00, 0x00, 0x00, 0x00, 0x00, 0x00, 0x00, 0x00, 0x0C, 0xFF, 0xFF, 0x1C, 0x00, 0x00,
0x00, 0x00, 0x00, 0x00, 0x00, 0x00, 0x0C, 0xFF, 0xFF, 0x1C, 0x00, 0x00, 0x00, 0x00, 0x00, 0x00,
0x00, 0x00, 0x03, 0x39, 0x1D, 0x01, 0x00, 0x00, 0x00, 0x00, 0x00, 0x00, 0x00, 0x00, 0x00, 0x00,
0x01, 0x49, 0xA4, 0xC7, 0xC8, 0xA1, 0x5B, 0x08, 0x00, 0x0B, 0xB2, 0xFF, 0xFF, 0xF7, 0xF9, 0xFF,
0xFF, 0x68, 0x00, 0xA7, 0xFF, 0xDC, 0x3F, 0x01, 0x02, 0x29, 0x82, 0x11, 0x3D, 0xFF, 0xF8, 0x22,
0x00, 0x00, 0x00, 0x00, 0x00, 0x00, 0x98, 0xFF, 0xA1, 0x00, 0x00, 0x00, 0x00, 0x00, 0x00, 0x00,
0xD3, 0xFF, 0x62, 0x00, 0x00, 0x00, 0x00, 0x00, 0x00, 0x00, 0xEC, 0xFF, 0x4B, 0x00, 0x00, 0x00,
0x00, 0x00, 0x00, 0x00, 0xEC, 0xFF, 0x4C, 0x00, 0x00, 0x00, 0x00, 0x00, 0x00, 0x00, 0xD4, 0xFF,
0x6D, 0x00, 0x00, 0x00, 0x00, 0x00, 0x00, 0x00, 0x97, 0xFF, 0xBF, 0x00, 0x00, 0x00, 0x00, 0x00,
0x00, 0x00, 0x35, 0xFD, 0xFF, 0x6E, 0x00, 0x00, 0x00, 0x00, 0x10, 0x00, 0x00, 0x84, 0xFF, 0xFF,
0xC9, 0x8B, 0x8E, 0xB6, 0xF9, 0x2E, 0x00, 0x00, 0x61, 0xDA, 0xFF, 0xFF, 0xFF, 0xF8, 0xAD, 0x29,
0x00, 0x00, 0x00, 0x00, 0x1C, 0x34, 0x21, 0x04, 0x00, 0x00, 0x3C, 0x94, 0x94, 0x94, 0x94, 0x94,
0x94, 0x94, 0x94, 0x94, 0x63, 0x8D, 0xFF, 0xFF, 0xFF, 0xFF, 0xFF, 0xFF, 0xFF, 0xFF, 0xFF, 0x89,
0x0F, 0x18, 0x18, 0x18, 0x96, 0xFF, 0xA5, 0x18, 0x18, 0x18, 0x0A, 0x00, 0x00, 0x00, 0x00, 0x8C,
0xFF, 0x9C, 0x00, 0x00, 0x00, 0x00, 0x00, 0x00, 0x00, 0x00, 0x8C, 0xFF, 0x9C, 0x00, 0x00, 0x00,
0x00, 0x00, 0x00, 0x00, 0x00, 0x8C, 0xFF, 0x9C, 0x00, 0x00, 0x00, 0x00, 0x00, 0x00, 0x00, 0x00,
0x8C, 0xFF, 0x9C, 0x00, 0x00, 0x00, 0x00, 0x00, 0x00, 0x00, 0x00, 0x8C, 0xFF, 0x9C, 0x00, 0x00,
0x00, 0x00, 0x00, 0x00, 0x00, 0x00, 0x8C, 0xFF, 0x9C, 0x00, 0x00, 0x00, 0x00, 0x00, 0x00, 0x00,
0x00, 0x8C, 0xFF, 0x9C, 0x00, 0x00, 0x00, 0x00, 0x00, 0x00, 0x00, 0x00, 0x8C, 0xFF, 0x9C, 0x00,
0x00, 0x00, 0x00, 0x00, 0x00, 0x00, 0x00, 0x8C, 0xFF, 0x9C, 0x00, 0x00, 0x00, 0x00, 0x00, 0x00,
0x00, 0x00, 0x8C, 0xFF, 0x9C, 0x00, 0x00, 0x00, 0x00, 0x00, 0x71, 0x94, 0x51, 0x00, 0x00, 0x00,
0x00, 0x00, 0x00, 0x5F, 0x94, 0x5A, 0x00, 0x78, 0xFF, 0xD4, 0x00, 0x00, 0x00, 0x00, 0x00, 0x02,
0xE7, 0xFF, 0x50, 0x00, 0x1A, 0xFC, 0xFF, 0x2D, 0x00, 0x00, 0x00, 0x00, 0x42, 0xFF, 0xEB, 0x05,
0x00, 0x00, 0xB7, 0xFF, 0x87, 0x00, 0x00, 0x00, 0x00, 0x99, 0xFF, 0x91, 0x00, 0x00, 0x00, 0x56,
0xFF, 0xDF, 0x01, 0x00, 0x00, 0x04, 0xEB, 0xFF, 0x32, 0x00, 0x00, 0x00, 0x07, 0xEE, 0xFF, 0x3A,
0x00, 0x00, 0x48, 0xFF, 0xD2, 0x00, 0x00, 0x00, 0x00, 0x00, 0x95, 0xFF, 0x94, 0x00, 0x00, 0xA0,
0xFF, 0x73, 0x00, 0x00, 0x00, 0x00, 0x00, 0x34, 0xFF, 0xE9, 0x03, 0x06, 0xF0, 0xFB, 0x17, 0x00,
0x00, 0x00, 0x00, 0x00, 0x00, 0xD3, 0xFF, 0x43, 0x4B, 0xFF, 0xB4, 0x00, 0x00, 0x00, 0x00, 0x00,
0x00, 0x00, 0x73, 0xFF, 0x95, 0x9D, 0xFF, 0x54, 0x00, 0x00, 0x00, 0x00, 0x00, 0x00, 0x00, 0x17,
0xFB, 0xDC, 0xEA, 0xED, 0x06, 0x00, 0x00, 0x00, 0x00, 0x00, 0x00, 0x00, 0x00, 0xB2, 0xFF, 0xFF,
0x95, 0x00, 0x00, 0x00, 0x00, 0x00, 0x00, 0x00, 0x00, 0x00, 0x51, 0xFF, 0xFF, 0x35, 0x00, 0x00,
0x00, 0x00, 0x00, 0x00, 0x00, 0x00, 0x00, 0x5C, 0xFF, 0xD3, 0x00, 0x00, 0x00, 0x00, 0x00, 0x00,
0x00, 0x00, 0x00, 0x01, 0xD2, 0xFF, 0x69, 0x00, 0x00, 0x00, 0x00, 0x00, 0x00, 0x00, 0x00, 0x00,
0x7E, 0xFF, 0xE1, 0x08, 0x00, 0x00, 0x00, 0x00, 0x00, 0x18, 0x98, 0x80, 0xB7, 0xFF, 0xFD, 0x47,
0x00, 0x00, 0x00, 0x00, 0x00, 0x00, 0x56, 0xFF, 0xFF, 0xFF, 0xE5, 0x50, 0x00, 0x00, 0x00, 0x00,
0x00, 0x00, 0x00, 0x02, 0x2C, 0x42, 0x2F, 0x03, 0x00, 0x00, 0x00, 0x00, 0x00, 0x00, 0x00, 0x00,
0x00, 0x00, 0x00, 0x00, 0x00, 0x00, 0x00, 0x00, 0x03, 0x1C, 0x17, 0x00, 0x00, 0x00, 0x00, 0x00,
0x00, 0x00, 0x00, 0x00, 0x00, 0x00, 0x00, 0x00, 0x00, 0x00, 0x00, 0xAB, 0xFF, 0x7C, 0x00, 0x00,
0x00, 0x00, 0x00, 0x00, 0x00, 0x00, 0x00, 0x00, 0x00, 0x00, 0x00, 0x00, 0x00, 0x00, 0xAC, 0xFF,
0x7C, 0x00, 0x00, 0x00, 0x00, 0x00, 0x00, 0x00, 0x00, 0x00, 0x00, 0x00, 0x00, 0x00, 0x00, 0x00,
0x00, 0xAC, 0xFF, 0x7C, 0x00, 0x00, 0x00, 0x00, 0x00, 0x00, 0x00, 0x00, 0x00, 0x00, 0x00, 0x00,
0x00, 0x00, 0x00, 0x00, 0xAC, 0xFF, 0x7C, 0x00, 0x00, 0x00, 0x00, 0x00, 0x00, 0x00, 0x00, 0x00,
0x00, 0x00, 0x00, 0x00, 0x00, 0x00, 0x00, 0xAC, 0xFF, 0x7C, 0x00, 0x00, 0x00, 0x00, 0x00, 0x00,
0x00, 0x00, 0x00, 0x00, 0x0C, 0x71, 0xB3, 0xCA, 0xAA, 0x58, 0xB1, 0xFF, 0x7C, 0x2C, 0x98, 0xC7,
0xC6, 0x92, 0x22, 0x00, 0x00, 0x00, 0x22, 0xDE, 0xFF, 0xFF, 0xF0, 0xFE, 0xFF, 0xFF, 0xFF, 0xE2,
0xFD, 0xFD, 0xEE, 0xFE, 0xFF, 0xF0, 0x3B, 0x00, 0x03, 0xD1, 0xFF, 0xC7, 0x26, 0x00, 0x0C, 0x60,
0xE6, 0xFF, 0xEF, 0x74, 0x0F, 0x00, 0x19, 0xBA, 0xFF, 0xDD, 0x08, 0x59, 0xFF, 0xEF, 0x13, 0x00,
0x00, 0x00, 0x00, 0xAC, 0xFF, 0x7C, 0x00, 0x00, 0x00, 0x00, 0x10, 0xEF, 0xFF, 0x52, 0xA8, 0xFF,
0x96, 0x00, 0x00, 0x00, 0x00, 0x00, 0xAC, 0xFF, 0x7C, 0x00, 0x00, 0x00, 0x00, 0x00, 0xA8, 0xFF,
0x98, 0xD9, 0xFF, 0x5F, 0x00, 0x00, 0x00, 0x00, 0x00, 0xAC, 0xFF, 0x7C, 0x00, 0x00, 0x00, 0x00,
0x00, 0x81, 0xFF, 0xB3, 0xEE, 0xFF, 0x49, 0x00, 0x00, 0x00, 0x00, 0x00, 0xAC, 0xFF, 0x7C, 0x00,
0x00, 0x00, 0x00, 0x00, 0x77, 0xFF, 0xC2, 0xED, 0xFF, 0x4A, 0x00, 0x00, 0x00, 0x00, 0x00, 0xAC,
0xFF, 0x7C, 0x00, 0x00, 0x00, 0x00, 0x00, 0x83, 0xFF, 0xB1, 0xD8, 0xFF, 0x62, 0x00, 0x00, 0x00,
0x00, 0x00, 0xAC, 0xFF, 0x7C, 0x00, 0x00, 0x00, 0x00, 0x00, 0xAA, 0xFF, 0x93, 0xA4, 0xFF, 0xA0,
0x00, 0x00, 0x00, 0x00, 0x00, 0xAC, 0xFF, 0x7C, 0x00, 0x00, 0x00, 0x00, 0x0D, 0xF0, 0xFF, 0x4D,
0x4D, 0xFF, 0xF9, 0x32, 0x00, 0x00, 0x00, 0x25, 0xD6, 0xFF, 0x9A, 0x02, 0x00, 0x00, 0x01, 0x9B,
0xFF, 0xDB, 0x06, 0x00, 0xB6, 0xFF, 0xF5, 0x9B, 0x82, 0xA9, 0xFA, 0xFF, 0xFF, 0xFF, 0xD8, 0x95,
0x86, 0xCD, 0xFF, 0xF6, 0x40, 0x00, 0x00, 0x09, 0x9D, 0xFA, 0xFF, 0xFF, 0xF0, 0x80, 0xB8, 0xFF,
0xC2, 0xD9, 0xFF, 0xFF, 0xFF, 0xC5, 0x38, 0x00, 0x00, 0x00, 0x00, 0x00, 0x10, 0x33, 0x2C, 0x04,
0x00, 0xAC, 0xFF, 0x7C, 0x01, 0x1D, 0x33, 0x15, 0x00, 0x00, 0x00, 0x00, 0x00, 0x00, 0x00, 0x00,
0x00, 0x00, 0x00, 0x00, 0xAC, 0xFF, 0x7C, 0x00, 0x00, 0x00, 0x00, 0x00, 0x00, 0x00, 0x00, 0x00,
0x00, 0x00, 0x00, 0x00, 0x00, 0x00, 0x00, 0xAC, 0xFF, 0x7C, 0x00, 0x00, 0x00, 0x00, 0x00, 0x00,
0x00, 0x00, 0x00, 0x00, 0x00, 0x00, 0x00, 0x00, 0x00, 0x00, 0xAC, 0xFF, 0x7C, 0x00, 0x00, 0x00,
0x00, 0x00, 0x00, 0x00, 0x00, 0x00, 0x00, 0x00, 0x00, 0x00, 0x00, 0x00, 0x00, 0xAC, 0xFF, 0x7C,
0x00, 0x00, 0x00, 0x00, 0x00, 0x00, 0x00, 0x00, 0x00, 0x00, 0x00, 0x00, 0x00, 0x00, 0x00, 0x00,
0x2A, 0x28, 0x09, 0x00, 0x00, 0x00, 0x00, 0x00, 0x00, 0x00, 0x00, 0x3E, 0x94, 0x8A, 0x04, 0x00,
0x00, 0x00, 0x00, 0x3F, 0x94, 0x81, 0x01, 0x09, 0xD6, 0xFF, 0x7D, 0x00, 0x00, 0x00, 0x0B, 0xE1,
0xFF, 0x5B, 0x00, 0x00, 0x33, 0xFA, 0xF9, 0x2C, 0x00, 0x00, 0x8C, 0xFF, 0xB1, 0x00, 0x00, 0x00,
0x00, 0x7B, 0xFF, 0xCA, 0x03, 0x2F, 0xFB, 0xED, 0x18, 0x00, 0x00, 0x00, 0x00, 0x03, 0xC5, 0xFF,
0x78, 0xC9, 0xFF, 0x5B, 0x00, 0x00, 0x00, 0x00, 0x00, 0x00, 0x23, 0xF3, 0xFE, 0xFF, 0xB1, 0x00,
0x00, 0x00, 0x00, 0x00, 0x00, 0x00, 0x00, 0x90, 0xFF, 0xFF, 0x2F, 0x00, 0x00, 0x00, 0x00, 0x00,
0x00, 0x00, 0x22, 0xF3, 0xFE, 0xFF, 0xB2, 0x00, 0x00, 0x00, 0x00, 0x00, 0x00, 0x02, 0xC4, 0xFF,
0x65, 0xD1, 0xFF, 0x65, 0x00, 0x00, 0x00, 0x00, 0x00, 0x7A, 0xFF, 0xB7, 0x00, 0x31, 0xFB, 0xF3,
0x23, 0x00, 0x00, 0x00, 0x31, 0xFA, 0xF2, 0x1D, 0x00, 0x00, 0x82, 0xFF, 0xC6, 0x03, 0x00, 0x08,
0xD4, 0xFF, 0x68, 0x00, 0x00, 0x00, 0x05, 0xD2, 0xFF, 0x7C, 0x00, 0x8F, 0xFF, 0xBE, 0x01, 0x00,
0x00, 0x00, 0x00, 0x32, 0xFB, 0xFA, 0x33, 0x14, 0x94, 0x94, 0x02, 0x00, 0x00, 0x00, 0x00, 0x00,
0x8A, 0x94, 0x20, 0x00, 0x00, 0x24, 0xFF, 0xFF, 0x04, 0x00, 0x00, 0x00, 0x00, 0x00, 0xF0, 0xFF,
0x38, 0x00, 0x00, 0x24, 0xFF, 0xFF, 0x04, 0x00, 0x00, 0x00, 0x00, 0x00, 0xF0, 0xFF, 0x38, 0x00,
0x00, 0x24, 0xFF, 0xFF, 0x04, 0x00, 0x00, 0x00, 0x00, 0x00, 0xF0, 0xFF, 0x38, 0x00, 0x00, 0x24,
0xFF, 0xFF, 0x04, 0x00, 0x00, 0x00, 0x00, 0x00, 0xF0, 0xFF, 0x38, 0x00, 0x00, 0x24, 0xFF, 0xFF,
0x04, 0x00, 0x00, 0x00, 0x00, 0x00, 0xF0, 0xFF, 0x38, 0x00, 0x00, 0x24, 0xFF, 0xFF, 0x04, 0x00,
0x00, 0x00, 0x00, 0x00, 0xF0, 0xFF, 0x38, 0x00, 0x00, 0x24, 0xFF, 0xFF, 0x04, 0x00, 0x00, 0x00,
0x00, 0x00, 0xF0, 0xFF, 0x38, 0x00, 0x00, 0x24, 0xFF, 0xFF, 0x04, 0x00, 0x00, 0x00, 0x00, 0x00,
0xF0, 0xFF, 0x38, 0x00, 0x00, 0x24, 0xFF, 0xFF, 0x04, 0x00, 0x00, 0x00, 0x00, 0x00, 0xF0, 0xFF,
0x38, 0x00, 0x00, 0x24, 0xFF, 0xFF, 0x04, 0x00, 0x00, 0x00, 0x00, 0x00, 0xF0, 0xFF, 0x38, 0x00,
0x00, 0x24, 0xFF, 0xFF, 0xDC, 0xDC, 0xDC, 0xDC, 0xDC, 0xDC, 0xFD, 0xFF, 0xE3, 0xDC, 0x5C, 0x24,
0xFF, 0xFF, 0xFF, 0xFF, 0xFF, 0xFF, 0xFF, 0xFF, 0xFF, 0xFF, 0xFF, 0xFF, 0x6C, 0x00, 0x00, 0x00,
0x00, 0x00, 0x00, 0x00, 0x00, 0x00, 0x00, 0x00, 0x9C, 0xFF, 0x6C, 0x00, 0x00, 0x00, 0x00, 0x00,
0x00, 0x00, 0x00, 0x00, 0x00, 0x00, 0x9C, 0xFF, 0x6C, 0x00, 0x00, 0x00, 0x00, 0x00, 0x00, 0x00,
0x00, 0x00, 0x00, 0x00, 0x9C, 0xFF, 0x6C, 0x00, 0x00, 0x00, 0x00, 0x00, 0x00, 0x00, 0x00, 0x00,
0x00, 0x00, 0x53, 0x74, 0x29, 0x27, 0x94, 0x81, 0x00, 0x00, 0x00, 0x00, 0x00, 0x09, 0x94, 0x94,
0x0D, 0x44, 0xFF, 0xE0, 0x00, 0x00, 0x00, 0x00, 0x00, 0x10, 0xFF, 0xFF, 0x18, 0x44, 0xFF, 0xE0,
0x00, 0x00, 0x00, 0x00, 0x00, 0x10, 0xFF, 0xFF, 0x18, 0x44, 0xFF, 0xE0, 0x00, 0x00, 0x00, 0x00,
0x00, 0x10, 0xFF, 0xFF, 0x18, 0x40, 0xFF, 0xE7, 0x00, 0x00, 0x00, 0x00, 0x00, 0x10, 0xFF, 0xFF,
0x18, 0x2E, 0xFF, 0xFD, 0x0A, 0x00, 0x00, 0x00, 0x00, 0x53, 0xFF, 0xFF, 0x18, 0x06, 0xF3, 0xFF,
0x7F, 0x00, 0x00, 0x09, 0x7B, 0xFA, 0xFF, 0xFF, 0x18, 0x00, 0x89, 0xFF, 0xFF, 0xD6, 0xC0, 0xEE,
0xF9, 0x66, 0xFF, 0xFF, 0x18, 0x00, 0x04, 0x8B, 0xEF, 0xFF, 0xF8, 0xAC, 0x29, 0x10, 0xFF, 0xFF,
0x18, 0x00, 0x00, 0x00, 0x01, 0x0E, 0x03, 0x00, 0x00, 0x10, 0xFF, 0xFF, 0x18, 0x00, 0x00, 0x00,
0x00, 0x00, 0x00, 0x00, 0x00, 0x10, 0xFF, 0xFF, 0x18, 0x00, 0x00, 0x00, 0x00, 0x00, 0x00, 0x00,
0x00, 0x10, 0xFF, 0xFF, 0x18, 0x00, 0x00, 0x00, 0x00, 0x00, 0x00, 0x00, 0x00, 0x10, 0xFF, 0xFF,
0x18, 0x14, 0x94, 0x94, 0x02, 0x00, 0x00, 0x00, 0x00, 0x91, 0x94, 0x19, 0x00, 0x00, 0x00, 0x00,
0x78, 0x94, 0x32, 0x24, 0xFF, 0xFF, 0x04, 0x00, 0x00, 0x00, 0x00, 0xFC, 0xFF, 0x2C, 0x00, 0x00,
0x00, 0x00, 0xD0, 0xFF, 0x58, 0x24, 0xFF, 0xFF, 0x04, 0x00, 0x00, 0x00, 0x00, 0xFC, 0xFF, 0x2C,
0x00, 0x00, 0x00, 0x00, 0xD0, 0xFF, 0x58, 0x24, 0xFF, 0xFF, 0x04, 0x00, 0x00, 0x00, 0x00, 0xFC,
0xFF, 0x2C, 0x00, 0x00, 0x00, 0x00, 0xD0, 0xFF, 0x58, 0x24, 0xFF, 0xFF, 0x04, 0x00, 0x00, 0x00,
0x00, 0xFC, 0xFF, 0x2C, 0x00, 0x00, 0x00, 0x00, 0xD0, 0xFF, 0x58, 0x24, 0xFF, 0xFF, 0x04, 0x00,
0x00, 0x00, 0x00, 0xFC, 0xFF, 0x2C, 0x00, 0x00, 0x00, 0x00, 0xD0, 0xFF, 0x58, 0x24, 0xFF, 0xFF,
0x04, 0x00, 0x00, 0x00, 0x00, 0xFC, 0xFF, 0x2C, 0x00, 0x00, 0x00, 0x00, 0xD0, 0xFF, 0x58, 0x24,
0xFF, 0xFF, 0x04, 0x00, 0x00, 0x00, 0x00, 0xFC, 0xFF, 0x2C, 0x00, 0x00, 0x00, 0x00, 0xD0, 0xFF,
0x58, 0x24, 0xFF, 0xFF, 0x04, 0x00, 0x00, 0x00, 0x00, 0xFC, 0xFF, 0x2C, 0x00, 0x00, 0x00, 0x00,
0xD0, 0xFF, 0x58, 0x24, 0xFF, 0xFF, 0x04, 0x00, 0x00, 0x00, 0x00, 0xFC, 0xFF, 0x2C, 0x00, 0x00,
0x00, 0x00, 0xD0, 0xFF, 0x58, 0x24, 0xFF, 0xFF, 0x04, 0x00, 0x00, 0x00, 0x00, 0xFC, 0xFF, 0x2C,
0x00, 0x00, 0x00, 0x00, 0xD0, 0xFF, 0x58, 0x24, 0xFF, 0xFF, 0xDC, 0xDC, 0xDC, 0xDC, 0xDC, 0xFF,
0xFF, 0xE2, 0xDC, 0xDC, 0xDC, 0xDC, 0xF9, 0xFF, 0x58, 0x24, 0xFF, 0xFF, 0xFF, 0xFF, 0xFF, 0xFF,
0xFF, 0xFF, 0xFF, 0xFF, 0xFF, 0xFF, 0xFF, 0xFF, 0xFF, 0xFF, 0x58, 0x14, 0x94, 0x94, 0x02, 0x00,
0x00, 0x00, 0x00, 0x91, 0x94, 0x19, 0x00, 0x00, 0x00, 0x00, 0x78, 0x94, 0x32, 0x00, 0x00, 0x24,
0xFF, 0xFF, 0x04, 0x00, 0x00, 0x00, 0x00, 0xFC, 0xFF, 0x2C, 0x00, 0x00, 0x00, 0x00, 0xD0, 0xFF,
0x58, 0x00, 0x00, 0x24, 0xFF, 0xFF, 0x04, 0x00, 0x00, 0x00, 0x00, 0xFC, 0xFF, 0x2C, 0x00, 0x00,
0x00, 0x00, 0xD0, 0xFF, 0x58, 0x00, 0x00, 0x24, 0xFF, 0xFF, 0x04, 0x00, 0x00, 0x00, 0x00, 0xFC,
0xFF, 0x2C, 0x00, 0x00, 0x00, 0x00, 0xD0, 0xFF, 0x58, 0x00, 0x00, 0x24, 0xFF, 0xFF, 0x04, 0x00,
0x00, 0x00, 0x00, 0xFC, 0xFF, 0x2C, 0x00, 0x00, 0x00, 0x00, 0xD0, 0xFF, 0x58, 0x00, 0x00, 0x24,
0xFF, 0xFF, 0x04, 0x00, 0x00, 0x00, 0x00, 0xFC, 0xFF, 0x2C, 0x00, 0x00, 0x00, 0x00, 0xD0, 0xFF,
0x58, 0x00, 0x00, 0x24, 0xFF, 0xFF, 0x04, 0x00, 0x00, 0x00, 0x00, 0xFC, 0xFF, 0x2C, 0x00, 0x00,
0x00, 0x00, 0xD0, 0xFF, 0x58, 0x00, 0x00, 0x24, 0xFF, 0xFF, 0x04, 0x00, 0x00, 0x00, 0x00, 0xFC,
0xFF, 0x2C, 0x00, 0x00, 0x00, 0x00, 0xD0, 0xFF, 0x58, 0x00, 0x00, 0x24, 0xFF, 0xFF, 0x04, 0x00,
0x00, 0x00, 0x00, 0xFC, 0xFF, 0x2C, 0x00, 0x00, 0x00, 0x00, 0xD0, 0xFF, 0x58, 0x00, 0x00, 0x24,
0xFF, 0xFF, 0x04, 0x00, 0x00, 0x00, 0x00, 0xFC, 0xFF, 0x2C, 0x00, 0x00, 0x00, 0x00, 0xD0, 0xFF,
0x58, 0x00, 0x00, 0x24, 0xFF, 0xFF, 0x04, 0x00, 0x00, 0x00, 0x00, 0xFC, 0xFF, 0x2C, 0x00, 0x00,
0x00, 0x00, 0xD0, 0xFF, 0x58, 0x00, 0x00, 0x24, 0xFF, 0xFF, 0xDC, 0xDC, 0xDC, 0xDC, 0xDC, 0xFF,
0xFF, 0xE2, 0xDC, 0xDC, 0xDC, 0xDC, 0xF9, 0xFF, 0xE8, 0xDC, 0x60, 0x24, 0xFF, 0xFF, 0xFF, 0xFF,
0xFF, 0xFF, 0xFF, 0xFF, 0xFF, 0xFF, 0xFF, 0xFF, 0xFF, 0xFF, 0xFF, 0xFF, 0xFF, 0xFF, 0x70, 0x00,
0x00, 0x00, 0x00, 0x00, 0x00, 0x00, 0x00, 0x00, 0x00, 0x00, 0x00, 0x00, 0x00, 0x00, 0x00, 0x00,
0x9C, 0xFF, 0x70, 0x00, 0x00, 0x00, 0x00, 0x00, 0x00, 0x00, 0x00, 0x00, 0x00, 0x00, 0x00, 0x00,
0x00, 0x00, 0x00, 0x00, 0x9C, 0xFF, 0x70, 0x00, 0x00, 0x00, 0x00, 0x00, 0x00, 0x00, 0x00, 0x00,
0x00, 0x00, 0x00, 0x00, 0x00, 0x00, 0x00, 0x00, 0x9C, 0xFF, 0x70, 0x00, 0x00, 0x00, 0x00, 0x00,
0x00, 0x00, 0x00, 0x00, 0x00, 0x00, 0x00, 0x00, 0x00, 0x00, 0x00, 0x00, 0x53, 0x74, 0x2A, 0x2A,
0x94, 0x94, 0x94, 0x94, 0x94, 0x94, 0x39, 0x00, 0x00, 0x00, 0x00, 0x00, 0x00, 0x00, 0x00, 0x6E,
0xFF, 0xFF, 0xFF, 0xFF, 0xFF, 0xFF, 0x64, 0x00, 0x00, 0x00, 0x00, 0x00, 0x00, 0x00, 0x00, 0x17,
0x2C, 0x2C, 0x2C, 0x2C, 0xD1, 0xFF, 0x64, 0x00, 0x00, 0x00, 0x00, 0x00, 0x00, 0x00, 0x00, 0x00,
0x00, 0x00, 0x00, 0x00, 0xC8, 0xFF, 0x64, 0x00, 0x00, 0x00, 0x00, 0x00, 0x00, 0x00, 0x00, 0x00,
0x00, 0x00, 0x00, 0x00, 0xC8, 0xFF, 0x64, 0x00, 0x00, 0x00, 0x00, 0x00, 0x00, 0x00, 0x00, 0x00,
0x00, 0x00, 0x00, 0x00, 0xC8, 0xFF, 0xA8, 0x70, 0x70, 0x70, 0x69, 0x4D, 0x0E, 0x00, 0x00, 0x00,
0x00, 0x00, 0x00, 0x00, 0xC8, 0xFF, 0xFF, 0xFF, 0xFF, 0xFF, 0xFF, 0xFF, 0xF3, 0x5E, 0x00, 0x00,
0x00, 0x00, 0x00, 0x00, 0xC8, 0xFF, 0x77, 0x20, 0x20, 0x21, 0x3A, 0xA9, 0xFF, 0xFB, 0x25, 0x00,
0x00, 0x00, 0x00, 0x00, 0xC8, 0xFF, 0x64, 0x00, 0x00, 0x00, 0x00, 0x03, 0xE6, 0xFF, 0x6B, 0x00,
0x00, 0x00, 0x00, 0x00, 0xC8, 0xFF, 0x64, 0x00, 0x00, 0x00, 0x00, 0x00, 0xD3, 0xFF, 0x6F, 0x00,
0x00, 0x00, 0x00, 0x00, 0xC8, 0xFF, 0x64, 0x00, 0x00, 0x00, 0x00, 0x33, 0xFB, 0xFF, 0x38, 0x00,
0x00, 0x00, 0x00, 0x00, 0xC8, 0xFF, 0xBB, 0x90, 0x90, 0x92, 0xAE, 0xF8, 0xFF, 0xA8, 0x00, 0x00,
0x00, 0x00, 0x00, 0x00, 0xC8, 0xFF, 0xFF, 0xFF, 0xFF, 0xFF, 0xF6, 0xD1, 0x71, 0x03, 0x00, 0x14,
0x94, 0x94, 0x04, 0x00, 0x00, 0x00, 0x00, 0x00, 0x00, 0x00, 0x00, 0x00, 0x7F, 0x94, 0x2B, 0x24,
0xFF, 0xFF, 0x08, 0x00, 0x00, 0x00, 0x00, 0x00, 0x00, 0x00, 0x00, 0x00, 0xDC, 0xFF, 0x4C, 0x24,
0xFF, 0xFF, 0x08, 0x00, 0x00, 0x00, 0x00, 0x00, 0x00, 0x00, 0x00, 0x00, 0xDC, 0xFF, 0x4C, 0x24,
0xFF, 0xFF, 0x08, 0x00, 0x00, 0x00, 0x00, 0x00, 0x00, 0x00, 0x00, 0x00, 0xDC, 0xFF, 0x4C, 0x24,
0xFF, 0xFF, 0x08, 0x00, 0x00, 0x00, 0x00, 0x00, 0x00, 0x00, 0x00, 0x00, 0xDC, 0xFF, 0x4C, 0x24,
0xFF, 0xFF, 0x74, 0x70, 0x70, 0x6F, 0x63, 0x38, 0x01, 0x00, 0x00, 0x00, 0xDC, 0xFF, 0x4C, 0x24,
0xFF, 0xFF, 0xFF, 0xFF, 0xFF, 0xFF, 0xFF, 0xFF, 0xD2, 0x22, 0x00, 0x00, 0xDC, 0xFF, 0x4C, 0x24,
0xFF, 0xFF, 0x27, 0x20, 0x20, 0x26, 0x53, 0xDC, 0xFF, 0xC4, 0x00, 0x00, 0xDC, 0xFF, 0x4C, 0x24,
0xFF, 0xFF, 0x08, 0x00, 0x00, 0x00, 0x00, 0x46, 0xFF, 0xFF, 0x10, 0x00, 0xDC, 0xFF, 0x4C, 0x24,
0xFF, 0xFF, 0x08, 0x00, 0x00, 0x00, 0x00, 0x2F, 0xFF, 0xFF, 0x13, 0x00, 0xDC, 0xFF, 0x4C, 0x24,
0xFF, 0xFF, 0x08, 0x00, 0x00, 0x00, 0x00, 0x8D, 0xFF, 0xDC, 0x00, 0x00, 0xDC, 0xFF, 0x4C, 0x24,
0xFF, 0xFF, 0x93, 0x90, 0x90, 0x99, 0xCA, 0xFF, 0xFD, 0x4F, 0x00, 0x00, 0xDC, 0xFF, 0x4C, 0x24,
0xFF, 0xFF, 0xFF, 0xFF, 0xFF, 0xFF, 0xED, 0xB6, 0x3D, 0x00, 0x00, 0x00, 0xDC, 0xFF, 0x4C, 0x14,
0x94, 0x94, 0x04, 0x00, 0x00, 0x00, 0x00, 0x00, 0x00, 0x00, 0x00, 0x24, 0xFF, 0xFF, 0x08, 0x00,
0x00, 0x00, 0x00, 0x00, 0x00, 0x00, 0x00, 0x24, 0xFF, 0xFF, 0x08, 0x00, 0x00, 0x00, 0x00, 0x00,
0x00, 0x00, 0x00, 0x24, 0xFF, 0xFF, 0x08, 0x00, 0x00, 0x00, 0x00, 0x00, 0x00, 0x00, 0x00, 0x24,
0xFF, 0xFF, 0x08, 0x00, 0x00, 0x00, 0x00, 0x00, 0x00, 0x00, 0x00, 0x24, 0xFF, 0xFF, 0x74, 0x70,
0x70, 0x6F, 0x63, 0x38, 0x01, 0x00, 0x00, 0x24, 0xFF, 0xFF, 0xFF, 0xFF, 0xFF, 0xFF, 0xFF, 0xFF,
0xD2, 0x22, 0x00, 0x24, 0xFF, 0xFF, 0x27, 0x20, 0x20, 0x26, 0x53, 0xDC, 0xFF, 0xC4, 0x00, 0x24,
0xFF, 0xFF, 0x08, 0x00, 0x00, 0x00, 0x00, 0x46, 0xFF, 0xFF, 0x10, 0x24, 0xFF, 0xFF, 0x08, 0x00,
0x00, 0x00, 0x00, 0x2F, 0xFF, 0xFF, 0x13, 0x24, 0xFF, 0xFF, 0x08, 0x00, 0x00, 0x00, 0x00, 0x8D,
0xFF, 0xDC, 0x00, 0x24, 0xFF, 0xFF, 0x93, 0x90, 0x90, 0x99, 0xCA, 0xFF, 0xFD, 0x4F, 0x00, 0x24,
0xFF, 0xFF, 0xFF, 0xFF, 0xFF, 0xFF, 0xED, 0xB6, 0x3D, 0x00, 0x00, 0x01, 0x42, 0x98, 0xC5, 0xCA,
0xAE, 0x63, 0x0A, 0x00, 0x00, 0x4C, 0xFF, 0xFF, 0xF9, 0xFC, 0xFF, 0xFF, 0xD7, 0x23, 0x00, 0x0A,
0x76, 0x25, 0x02, 0x07, 0x43, 0xD9, 0xFF, 0xD1, 0x05, 0x00, 0x00, 0x00, 0x00, 0x00, 0x00, 0x20,
0xF6, 0xFF, 0x5E, 0x00, 0x00, 0x00, 0x00, 0x00, 0x00, 0x00, 0x9D, 0xFF, 0xB1, 0x00, 0x00, 0x10,
0x18, 0x18, 0x18, 0x18, 0x77, 0xFF, 0xD8, 0x00, 0x00, 0xAC, 0xFF, 0xFF, 0xFF, 0xFF, 0xFF, 0xFF,
0xED, 0x00, 0x00, 0x5B, 0x88, 0x88, 0x88, 0x88, 0xB1, 0xFF, 0xE0, 0x00, 0x00, 0x00, 0x00, 0x00,
0x00, 0x00, 0x7E, 0xFF, 0xC6, 0x00, 0x00, 0x00, 0x00, 0x00, 0x00, 0x01, 0xCB, 0xFF, 0x81, 0x02,
0x16, 0x00, 0x00, 0x00, 0x00, 0x6C, 0xFF, 0xF7, 0x22, 0x43, 0xFB, 0xBA, 0x91, 0x83, 0xBC, 0xFF,
0xFF, 0x6C, 0x00, 0x41, 0xC8, 0xFD, 0xFF, 0xFF, 0xFF, 0xD1, 0x51, 0x00, 0x00, 0x00, 0x00, 0x07,
0x24, 0x33, 0x19, 0x00, 0x00, 0x00, 0x00, 0x14, 0x94, 0x94, 0x02, 0x00, 0x00, 0x00, 0x00, 0x00,
0x4B, 0xA2, 0xC6, 0xC2, 0x9A, 0x3A, 0x00, 0x00, 0x00, 0x24, 0xFF, 0xFF, 0x04, 0x00, 0x00, 0x00,
0x0E, 0xB6, 0xFF, 0xFF, 0xF1, 0xF8, 0xFF, 0xFF, 0x97, 0x04, 0x00, 0x24, 0xFF, 0xFF, 0x04, 0x00,
0x00, 0x00, 0xB4, 0xFF, 0xC7, 0x2B, 0x00, 0x03, 0x50, 0xEC, 0xFF, 0x86, 0x00, 0x24, 0xFF, 0xFF,
0x04, 0x00, 0x00, 0x48, 0xFF, 0xF4, 0x13, 0x00, 0x00, 0x00, 0x00, 0x4F, 0xFF, 0xFC, 0x1F, 0x24,
0xFF, 0xFF, 0x04, 0x00, 0x00, 0xA7, 0xFF, 0x96, 0x00, 0x00, 0x00, 0x00, 0x00, 0x01, 0xD9, 0xFF,
0x77, 0x24, 0xFF, 0xFF, 0x5A, 0x58, 0x58, 0xE6, 0xFF, 0x62, 0x00, 0x00, 0x00, 0x00, 0x00, 0x00,
0xA0, 0xFF, 0xA8, 0x24, 0xFF, 0xFF, 0xFF, 0xFF, 0xFF, 0xFF, 0xFF, 0x47, 0x00, 0x00, 0x00, 0x00,
0x00, 0x00, 0x83, 0xFF, 0xC0, 0x24, 0xFF, 0xFF, 0x85, 0x84, 0x84, 0xF7, 0xFF, 0x4F, 0x00, 0x00,
0x00, 0x00, 0x00, 0x00, 0x8B, 0xFF, 0xB3, 0x24, 0xFF, 0xFF, 0x04, 0x00, 0x00, 0xCD, 0xFF, 0x76,
0x00, 0x00, 0x00, 0x00, 0x00, 0x00, 0xA9, 0xFF, 0x93, 0x24, 0xFF, 0xFF, 0x04, 0x00, 0x00, 0x8C,
0xFF, 0xCD, 0x01, 0x00, 0x00, 0x00, 0x00, 0x0F, 0xF1, 0xFF, 0x42, 0x24, 0xFF, 0xFF, 0x04, 0x00,
0x00, 0x21, 0xF7, 0xFF, 0x81, 0x00, 0x00, 0x00, 0x01, 0x95, 0xFF, 0xC9, 0x02, 0x24, 0xFF, 0xFF,
0x04, 0x00, 0x00, 0x00, 0x5C, 0xFC, 0xFF, 0xCE, 0x8C, 0x88, 0xCE, 0xFF, 0xE4, 0x24, 0x00, 0x24,
0xFF, 0xFF, 0x04, 0x00, 0x00, 0x00, 0x00, 0x3C, 0xC3, 0xFF, 0xFF, 0xFF, 0xF6, 0x9F, 0x17, 0x00,
0x00, 0x00, 0x00, 0x00, 0x00, 0x00, 0x00, 0x00, 0x00, 0x00, 0x00, 0x13, 0x32, 0x28, 0x08, 0x00,
0x00, 0x00, 0x00, 0x00, 0x00, 0x00, 0x28, 0x72, 0x8E, 0x94, 0x94, 0x94, 0x94, 0x8F, 0x00, 0x00,
0x8B, 0xFE, 0xFF, 0xFF, 0xFF, 0xFF, 0xFF, 0xFF, 0xF8, 0x00, 0x59, 0xFF, 0xFF, 0x98, 0x4E, 0x3C,
0x3C, 0x63, 0xFF, 0xF8, 0x00, 0xB0, 0xFF, 0xB8, 0x00, 0x00, 0x00, 0x00, 0x34, 0xFF, 0xF8, 0x00,
0xC4, 0xFF, 0x99, 0x00, 0x00, 0x00, 0x00, 0x34, 0xFF, 0xF8, 0x00, 0x99, 0xFF, 0xE4, 0x1A, 0x00,
0x00, 0x00, 0x34, 0xFF, 0xF8, 0x00, 0x23, 0xEF, 0xFF, 0xF8, 0xC2, 0xAD, 0xAC, 0xBD, 0xFF, 0xF8,
0x00, 0x00, 0x23, 0x9E, 0xF0, 0xFF, 0xFF, 0xFF, 0xFF, 0xFF, 0xF8, 0x00, 0x00, 0x00, 0x2B, 0xF4,
0xFF, 0x57, 0x10, 0x40, 0xFF, 0xF8, 0x00, 0x00, 0x0F, 0xDA, 0xFF, 0x93, 0x00, 0x00, 0x34, 0xFF,
0xF8, 0x00, 0x01, 0xB0, 0xFF, 0xCE, 0x07, 0x00, 0x00, 0x34, 0xFF, 0xF8, 0x00, 0x7B, 0xFF, 0xF2,
0x25, 0x00, 0x00, 0x00, 0x34, 0xFF, 0xF8, 0x46, 0xFD, 0xFF, 0x5A, 0x00, 0x00, 0x00, 0x00, 0x34,
0xFF, 0xF8, 0x00, 0x00, 0x02, 0x19, 0x21, 0x00, 0x00, 0x00, 0x00, 0x00, 0x00, 0x00, 0x00, 0x91,
0xFF, 0xF6, 0x2B, 0x00, 0x00, 0x00, 0x00, 0x00, 0x00, 0x00, 0x00, 0x8B, 0xFF, 0xD4, 0x09, 0x00,
0x00, 0x00, 0x00, 0x00, 0x00, 0x00, 0x00, 0x80, 0xFF, 0x99, 0x00, 0x00, 0x00, 0x00, 0x00, 0x00,
0x00, 0x00, 0x00, 0x73, 0xBC, 0x1E, 0x00, 0x00, 0x00, 0x00, 0x00, 0x00, 0x00, 0x00, 0x00, 0x00,
0x00, 0x00, 0x00, 0x00, 0x00, 0x00, 0x08, 0x63, 0xAF, 0xCB, 0xB5, 0x72, 0x0B, 0x00, 0x00, 0x00,
0x1C, 0xD1, 0xFF, 0xF6, 0xD4, 0xF5, 0xFF, 0xD7, 0x1A, 0x00, 0x02, 0xC7, 0xFF, 0xA2, 0x0B, 0x00,
0x09, 0xA5, 0xFF, 0xB8, 0x00, 0x56, 0xFF, 0xDA, 0x06, 0x00, 0x00, 0x00, 0x0C, 0xEB, 0xFF, 0x30,
0xAA, 0xFF, 0x82, 0x00, 0x00, 0x00, 0x00, 0x00, 0xB0, 0xFF, 0x76, 0xD9, 0xFF, 0xD3, 0xBC, 0xBC,
0xBC, 0xBC, 0xBC, 0xE2, 0xFF, 0x94, 0xEF, 0xFF, 0xD4, 0xC8, 0xC8, 0xC8, 0xC8, 0xC8, 0xC8, 0xC8,
0x7D, 0xE9, 0xFF, 0x44, 0x00, 0x00, 0x00, 0x00, 0x00, 0x00, 0x00, 0x00, 0xCF, 0xFF, 0x6E, 0x00,
0x00, 0x00, 0x00, 0x00, 0x00, 0x00, 0x00, 0x8C, 0xFF, 0xC7, 0x00, 0x00, 0x00, 0x00, 0x00, 0x00,
0x00, 0x00, 0x29, 0xF9, 0xFF, 0x83, 0x02, 0x00, 0x00, 0x00, 0x00, 0x27, 0x00, 0x00, 0x6F, 0xFE,
0xFF, 0xD8, 0x93, 0x87, 0xA1, 0xD6, 0xFF, 0x23, 0x00, 0x00, 0x4D, 0xCA, 0xFF, 0xFF, 0xFF, 0xFF,
0xEA, 0x91, 0x1B, 0x00, 0x00, 0x00, 0x00, 0x14, 0x30, 0x35, 0x1F, 0x01, 0x00, 0x00, 0x00, 0x00,
0x4A, 0x71, 0x0B, 0x00, 0x06, 0x6B, 0x54, 0x00, 0x00, 0x00, 0x1C, 0xFD, 0xFF, 0x80, 0x00, 0x69,
0xFF, 0xFF, 0x33, 0x00, 0x00, 0x0E, 0xEA, 0xFF, 0x61, 0x00, 0x4B, 0xFE, 0xF3, 0x1D, 0x00, 0x00,
0x00, 0x11, 0x26, 0x00, 0x00, 0x00, 0x21, 0x15, 0x00, 0x00, 0x00, 0x00, 0x00, 0x00, 0x00, 0x00,
0x00, 0x00, 0x00, 0x00, 0x00, 0x00, 0x00, 0x08, 0x63, 0xAF, 0xCB, 0xB5, 0x72, 0x0B, 0x00, 0x00,
0x00, 0x1C, 0xD1, 0xFF, 0xF6, 0xD4, 0xF5, 0xFF, 0xD7, 0x1A, 0x00, 0x02, 0xC7, 0xFF, 0xA2, 0x0B,
0x00, 0x09, 0xA5, 0xFF, 0xB8, 0x00, 0x56, 0xFF, 0xDA, 0x06, 0x00, 0x00, 0x00, 0x0C, 0xEB, 0xFF,
0x30, 0xAA, 0xFF, 0x82, 0x00, 0x00, 0x00, 0x00, 0x00, 0xB0, 0xFF, 0x76, 0xD9, 0xFF, 0xD3, 0xBC,
0xBC, 0xBC, 0xBC, 0xBC, 0xE2, 0xFF, 0x94, 0xEF, 0xFF, 0xD4, 0xC8, 0xC8, 0xC8, 0xC8, 0xC8, 0xC8,
0xC8, 0x7D, 0xE9, 0xFF, 0x44, 0x00, 0x00, 0x00, 0x00, 0x00, 0x00, 0x00, 0x00, 0xCF, 0xFF, 0x6E,
0x00, 0x00, 0x00, 0x00, 0x00, 0x00, 0x00, 0x00, 0x8C, 0xFF, 0xC7, 0x00, 0x00, 0x00, 0x00, 0x00,
0x00, 0x00, 0x00, 0x29, 0xF9, 0xFF, 0x83, 0x02, 0x00, 0x00, 0x00, 0x00, 0x27, 0x00, 0x00, 0x6F,
0xFE, 0xFF, 0xD8, 0x93, 0x87, 0xA1, 0xD6, 0xFF, 0x23, 0x00, 0x00, 0x4D, 0xCA, 0xFF, 0xFF, 0xFF,
0xFF, 0xEA, 0x91, 0x1B, 0x00, 0x00, 0x00, 0x00, 0x14, 0x30, 0x35, 0x1F, 0x01, 0x00, 0x00, 0x00,
0x00, 0x0A, 0x26, 0x07, 0x00, 0x00, 0x00, 0x00, 0x00, 0x00, 0x00, 0x00, 0x00, 0x00, 0xFF, 0xFF,
0x24, 0x00, 0x00, 0x00, 0x00, 0x00, 0x00, 0x00, 0x00, 0x00, 0x00, 0xFF, 0xFF, 0x24, 0x00, 0x00,
0x00, 0x00, 0x00, 0x00, 0x00, 0x00, 0x81, 0xA4, 0xFF, 0xFF, 0xB0, 0xA4, 0xA4, 0xA4, 0x15, 0x00,
0x00, 0x00, 0x00, 0xE7, 0xFC, 0xFF, 0xFF, 0xFC, 0xFC, 0xFC, 0xF5, 0x04, 0x00, 0x00, 0x00, 0x00,
0x00, 0x00, 0xFF, 0xFF, 0x24, 0x00, 0x00, 0x00, 0x00, 0x00, 0x00, 0x00, 0x00, 0x00, 0x00, 0xFF,
0xFF, 0x24, 0x00, 0x01, 0x2C, 0x45, 0x2B, 0x00, 0x00, 0x00, 0x00, 0x00, 0xFF, 0xFF, 0x24, 0x4D,
0xDC, 0xFF, 0xFF, 0xFF, 0xC9, 0x1A, 0x00, 0x00, 0x00, 0xFF, 0xFF, 0x9B, 0xFF, 0xC4, 0x85, 0x99,
0xF7, 0xFF, 0xBA, 0x00, 0x00, 0x00, 0xFF, 0xFF, 0xF2, 0x50, 0x00, 0x00, 0x00, 0x50, 0xFF, 0xFF,
0x1D, 0x00, 0x00, 0xFF, 0xFF, 0x48, 0x00, 0x00, 0x00, 0x00, 0x01, 0xF1, 0xFF, 0x49, 0x00, 0x00,
0xFF, 0xFF, 0x28, 0x00, 0x00, 0x00, 0x00, 0x00, 0xD8, 0xFF, 0x56, 0x00, 0x00, 0xFF, 0xFF, 0x28,
0x00, 0x00, 0x00, 0x00, 0x00, 0xD4, 0xFF, 0x58, 0x00, 0x00, 0xFF, 0xFF, 0x28, 0x00, 0x00, 0x00,
0x00, 0x00, 0xD4, 0xFF, 0x58, 0x00, 0x00, 0xFF, 0xFF, 0x28, 0x00, 0x00, 0x00, 0x00, 0x00, 0xD4,
0xFF, 0x58, 0x00, 0x00, 0xFF, 0xFF, 0x28, 0x00, 0x00, 0x00, 0x00, 0x00, 0xD4, 0xFF, 0x58, 0x00,
0x00, 0xFF, 0xFF, 0x28, 0x00, 0x00, 0x00, 0x00, 0x00, 0xD4, 0xFF, 0x58, 0x00, 0x00, 0xFF, 0xFF,
0x28, 0x00, 0x00, 0x00, 0x00, 0x00, 0xD4, 0xFF, 0x58, 0x00, 0x00, 0xFF, 0xFF, 0x28, 0x00, 0x00,
0x00, 0x00, 0x00, 0xD4, 0xFF, 0x58, 0x00, 0x00, 0x00, 0x00, 0x00, 0x00, 0x00, 0x00, 0x00, 0x00,
0xD4, 0xFF, 0x58, 0x00, 0x00, 0x00, 0x00, 0x00, 0x00, 0x00, 0x00, 0x00, 0x00, 0xDF, 0xFF, 0x53,
0x00, 0x00, 0x00, 0x00, 0x00, 0x00, 0x00, 0x00, 0x00, 0x18, 0xFB, 0xFF, 0x39, 0x00, 0x00, 0x00,
0x00, 0x00, 0x00, 0x00, 0x0E, 0x9D, 0xDD, 0xFF, 0xE9, 0x05, 0x00, 0x00, 0x00, 0x00, 0x00, 0x00,
0x00, 0x3A, 0xFF, 0xFF, 0xEA, 0x41, 0x00, 0x00, 0x00, 0x00, 0x00, 0x00, 0x00, 0x00, 0x0A, 0x3C,
0x34, 0x09, 0x00, 0x00, 0x00, 0x00, 0x00, 0x00, 0x00, 0x28, 0x13, 0x00, 0x00, 0x00, 0x00, 0x00,
0x00, 0x57, 0xFF, 0xFD, 0x5C, 0x00, 0x00, 0x00, 0x00, 0x22, 0xF1, 0xFB, 0x58, 0x00, 0x00, 0x00,
0x00, 0x05, 0xCA, 0xF8, 0x4E, 0x00, 0x00, 0x00, 0x00, 0x00, 0x43, 0xC4, 0x46, 0x00, 0x00, 0x00,
0x00, 0x00, 0x00, 0x00, 0x00, 0x00, 0x00, 0x00, 0x00, 0x00, 0x14, 0x94, 0x94, 0x94, 0x94, 0x94,
0x94, 0x94, 0x38, 0x24, 0xFF, 0xFF, 0xFF, 0xFF, 0xFF, 0xFF, 0xFF, 0x3C, 0x24, 0xFF, 0xFF, 0x47,
0x34, 0x34, 0x34, 0x34, 0x06, 0x24, 0xFF, 0xFF, 0x18, 0x00, 0x00, 0x00, 0x00, 0x00, 0x24, 0xFF,
0xFF, 0x18, 0x00, 0x00, 0x00, 0x00, 0x00, 0x24, 0xFF, 0xFF, 0x18, 0x00, 0x00, 0x00, 0x00, 0x00,
0x24, 0xFF, 0xFF, 0x18, 0x00, 0x00, 0x00, 0x00, 0x00, 0x24, 0xFF, 0xFF, 0x18, 0x00, 0x00, 0x00,
0x00, 0x00, 0x24, 0xFF, 0xFF, 0x18, 0x00, 0x00, 0x00, 0x00, 0x00, 0x24, 0xFF, 0xFF, 0x18, 0x00,
0x00, 0x00, 0x00, 0x00, 0x24, 0xFF, 0xFF, 0x18, 0x00, 0x00, 0x00, 0x00, 0x00, 0x24, 0xFF, 0xFF,
0x18, 0x00, 0x00, 0x00, 0x00, 0x00, 0x24, 0xFF, 0xFF, 0x18, 0x00, 0x00, 0x00, 0x00, 0x00, 0x00,
0x00, 0x01, 0x49, 0xA4, 0xC7, 0xC8, 0xA1, 0x5B, 0x08, 0x00, 0x0B, 0xB2, 0xFF, 0xFF, 0xF3, 0xF9,
0xFF, 0xFF, 0x68, 0x00, 0xA7, 0xFF, 0xD8, 0x3A, 0x00, 0x02, 0x29, 0x82, 0x11, 0x3D, 0xFF, 0xFA,
0x28, 0x00, 0x00, 0x00, 0x00, 0x00, 0x00, 0x98, 0xFF, 0xA5, 0x00, 0x00, 0x00, 0x00, 0x00, 0x00,
0x00, 0xD3, 0xFF, 0x78, 0x18, 0x18, 0x18, 0x18, 0x0F, 0x00, 0x00, 0xEC, 0xFF, 0xFF, 0xFF, 0xFF,
0xFF, 0xFF, 0xA4, 0x00, 0x00, 0xEC, 0xFF, 0xB1, 0x88, 0x88, 0x88, 0x88, 0x57, 0x00, 0x00, 0xD4,
0xFF, 0x7C, 0x00, 0x00, 0x00, 0x00, 0x00, 0x00, 0x00, 0x97, 0xFF, 0xC9, 0x01, 0x00, 0x00, 0x00,
0x00, 0x00, 0x00, 0x35, 0xFD, 0xFF, 0x7B, 0x01, 0x00, 0x00, 0x00, 0x10, 0x00, 0x00, 0x84, 0xFF,
0xFF, 0xCF, 0x95, 0x8E, 0xB6, 0xF9, 0x2E, 0x00, 0x00, 0x61, 0xDA, 0xFF, 0xFF, 0xFF, 0xF8, 0xAD,
0x29, 0x00, 0x00, 0x00, 0x00, 0x1C, 0x34, 0x21, 0x04, 0x00, 0x00, 0x00, 0x00, 0x2B, 0x95, 0xC4,
0xC9, 0xAD, 0x74, 0x1D, 0x00, 0x00, 0x45, 0xFA, 0xFF, 0xE3, 0xD2, 0xF3, 0xFF, 0xC6, 0x00, 0x00,
0xCC, 0xFF, 0x72, 0x00, 0x00, 0x00, 0x3A, 0x48, 0x00, 0x00, 0xF4, 0xFF, 0x1E, 0x00, 0x00, 0x00,
0x00, 0x00, 0x00, 0x00, 0xD4, 0xFF, 0xB7, 0x18, 0x00, 0x00, 0x00, 0x00, 0x00, 0x00, 0x52, 0xFD,
0xFF, 0xF7, 0x9F, 0x2F, 0x00, 0x00, 0x00, 0x00, 0x00, 0x41, 0xCE, 0xFF, 0xFF, 0xFF, 0xAE, 0x16,
0x00, 0x00, 0x00, 0x00, 0x00, 0x40, 0xAB, 0xFD, 0xFF, 0xCD, 0x02, 0x00, 0x00, 0x00, 0x00, 0x00,
0x00, 0x3A, 0xF7, 0xFF, 0x3D, 0x00, 0x00, 0x00, 0x00, 0x00, 0x00, 0x00, 0xBB, 0xFF, 0x52, 0x00,
0x0A, 0x00, 0x00, 0x00, 0x00, 0x11, 0xE9, 0xFF, 0x29, 0x00, 0xDE, 0xC4, 0x90, 0x77, 0x8B, 0xE1,
0xFF, 0xAA, 0x00, 0x10, 0xBA, 0xF9, 0xFF, 0xFF, 0xFF, 0xEE, 0x89, 0x08, 0x00, 0x00, 0x00, 0x06,
0x20, 0x35, 0x27, 0x04, 0x00, 0x00, 0x00, 0x00, 0x60, 0x6B, 0x05, 0x45, 0xFF, 0xFF, 0x67, 0x30,
0xFD, 0xFF, 0x4E, 0x00, 0x2A, 0x32, 0x00, 0x00, 0x00, 0x00, 0x00, 0x04, 0x94, 0x94, 0x12, 0x08,
0xFF, 0xFF, 0x20, 0x08, 0xFF, 0xFF, 0x20, 0x08, 0xFF, 0xFF, 0x20, 0x08, 0xFF, 0xFF, 0x20, 0x08,
0xFF, 0xFF, 0x20, 0x08, 0xFF, 0xFF, 0x20, 0x08, 0xFF, 0xFF, 0x20, 0x08, 0xFF, 0xFF, 0x20, 0x08,
0xFF, 0xFF, 0x20, 0x08, 0xFF, 0xFF, 0x20, 0x08, 0xFF, 0xFF, 0x20, 0x08, 0xFF, 0xFF, 0x20, 0x00,
0x3C, 0x4D, 0x00, 0x00, 0x3F, 0x4D, 0x00, 0x1B, 0xFC, 0xFF, 0x42, 0x21, 0xFE, 0xFF, 0x3F, 0x0D,
0xE4, 0xF5, 0x29, 0x12, 0xE8, 0xF2, 0x25, 0x00, 0x06, 0x0B, 0x00, 0x00, 0x07, 0x0A, 0x00, 0x00,
0x00, 0x00, 0x00, 0x00, 0x00, 0x00, 0x00, 0x00, 0x00, 0x04, 0x94, 0x94, 0x12, 0x00, 0x00, 0x00,
0x00, 0x08, 0xFF, 0xFF, 0x20, 0x00, 0x00, 0x00, 0x00, 0x08, 0xFF, 0xFF, 0x20, 0x00, 0x00, 0x00,
0x00, 0x08, 0xFF, 0xFF, 0x20, 0x00, 0x00, 0x00, 0x00, 0x08, 0xFF, 0xFF, 0x20, 0x00, 0x00, 0x00,
0x00, 0x08, 0xFF, 0xFF, 0x20, 0x00, 0x00, 0x00, 0x00, 0x08, 0xFF, 0xFF, 0x20, 0x00, 0x00, 0x00,
0x00, 0x08, 0xFF, 0xFF, 0x20, 0x00, 0x00, 0x00, 0x00, 0x08, 0xFF, 0xFF, 0x20, 0x00, 0x00, 0x00,
0x00, 0x08, 0xFF, 0xFF, 0x20, 0x00, 0x00, 0x00, 0x00, 0x08, 0xFF, 0xFF, 0x20, 0x00, 0x00, 0x00,
0x00, 0x08, 0xFF, 0xFF, 0x20, 0x00, 0x00, 0x00, 0x00, 0x08, 0xFF, 0xFF, 0x20, 0x00, 0x00, 0x00,
0x00, 0x00, 0x5F, 0x6C, 0x05, 0x00, 0x00, 0x41, 0xFF, 0xFF, 0x6B, 0x00, 0x00, 0x2C, 0xFC, 0xFF,
0x51, 0x00, 0x00, 0x00, 0x29, 0x33, 0x00, 0x00, 0x00, 0x00, 0x00, 0x00, 0x00, 0x00, 0x00, 0x00,
0x94, 0x94, 0x17, 0x00, 0x00, 0x00, 0xFF, 0xFF, 0x28, 0x00, 0x00, 0x00, 0xFF, 0xFF, 0x28, 0x00,
0x00, 0x00, 0xFF, 0xFF, 0x28, 0x00, 0x00, 0x00, 0xFF, 0xFF, 0x28, 0x00, 0x00, 0x00, 0xFF, 0xFF,
0x28, 0x00, 0x00, 0x00, 0xFF, 0xFF, 0x28, 0x00, 0x00, 0x00, 0xFF, 0xFF, 0x28, 0x00, 0x00, 0x00,
0xFF, 0xFF, 0x28, 0x00, 0x00, 0x00, 0xFF, 0xFF, 0x28, 0x00, 0x00, 0x00, 0xFF, 0xFF, 0x28, 0x00,
0x00, 0x00, 0xFF, 0xFF, 0x28, 0x00, 0x00, 0x00, 0xFF, 0xFF, 0x28, 0x00, 0x00, 0x00, 0xFF, 0xFF,
0x28, 0x00, 0x00, 0x0B, 0xFF, 0xFF, 0x23, 0x00, 0x00, 0x40, 0xFF, 0xFD, 0x0B, 0x2B, 0x9F, 0xEB,
0xFF, 0xBE, 0x00, 0x68, 0xFF, 0xFF, 0xD5, 0x26, 0x00, 0x13, 0x41, 0x2C, 0x04, 0x00, 0x00, 0x00,
0x00, 0x00, 0x3F, 0x94, 0x94, 0x94, 0x94, 0x94, 0x94, 0x94, 0x94, 0x27, 0x00, 0x00, 0x00, 0x00,
0x00, 0x00, 0x00, 0x00, 0x00, 0x00, 0x00, 0x85, 0xFF, 0xFF, 0xFF, 0xFF, 0xFF, 0xFF, 0xFF, 0xFF,
0x44, 0x00, 0x00, 0x00, 0x00, 0x00, 0x00, 0x00, 0x00, 0x00, 0x00, 0x00, 0xA4, 0xFF, 0x89, 0x34,
0x34, 0x34, 0x34, 0xF0, 0xFF, 0x44, 0x00, 0x00, 0x00, 0x00, 0x00, 0x00, 0x00, 0x00, 0x00, 0x00,
0x00, 0xC3, 0xFF, 0x4E, 0x00, 0x00, 0x00, 0x00, 0xEC, 0xFF, 0x44, 0x00, 0x00, 0x00, 0x00, 0x00,
0x00, 0x00, 0x00, 0x00, 0x00, 0x00, 0xE2, 0xFF, 0x2C, 0x00, 0x00, 0x00, 0x00, 0xEC, 0xFF, 0x44,
0x00, 0x00, 0x00, 0x00, 0x00, 0x00, 0x00, 0x00, 0x00, 0x00, 0x07, 0xFD, 0xFE, 0x0A, 0x00, 0x00,
0x00, 0x00, 0xEC, 0xFF, 0x96, 0x70, 0x70, 0x6F, 0x67, 0x46, 0x07, 0x00, 0x00, 0x00, 0x00, 0x2C,
0xFF, 0xE3, 0x00, 0x00, 0x00, 0x00, 0x00, 0xEC, 0xFF, 0xFF, 0xFF, 0xFF, 0xFF, 0xFF, 0xFF, 0xE9,
0x44, 0x00, 0x00, 0x00, 0x53, 0xFF, 0xBC, 0x00, 0x00, 0x00, 0x00, 0x00, 0xEC, 0xFF, 0x5B, 0x20,
0x20, 0x22, 0x42, 0xBF, 0xFF, 0xEE, 0x0D, 0x00, 0x00, 0x7A, 0xFF, 0x93, 0x00, 0x00, 0x00, 0x00,
0x00, 0xEC, 0xFF, 0x44, 0x00, 0x00, 0x00, 0x00, 0x10, 0xFD, 0xFF, 0x47, 0x00, 0x00, 0xA5, 0xFF,
0x6A, 0x00, 0x00, 0x00, 0x00, 0x00, 0xEC, 0xFF, 0x44, 0x00, 0x00, 0x00, 0x00, 0x01, 0xF5, 0xFF,
0x4B, 0x00, 0x04, 0xE6, 0xFF, 0x38, 0x00, 0x00, 0x00, 0x00, 0x00, 0xEC, 0xFF, 0x44, 0x00, 0x00,
0x00, 0x00, 0x53, 0xFF, 0xFB, 0x19, 0x77, 0xBB, 0xFF, 0xE3, 0x03, 0x00, 0x00, 0x00, 0x00, 0x00,
0xEC, 0xFF, 0xAD, 0x90, 0x90, 0x94, 0xB6, 0xFD, 0xFF, 0x84, 0x00, 0xDD, 0xFF, 0xEF, 0x45, 0x00,
0x00, 0x00, 0x00, 0x00, 0x00, 0xEC, 0xFF, 0xFF, 0xFF, 0xFF, 0xFF, 0xF3, 0xC7, 0x5D, 0x00, 0x00,
0x23, 0x34, 0x0C, 0x00, 0x00, 0x00, 0x00, 0x00, 0x00, 0x00, 0x00, 0x00, 0x00, 0x00, 0x00, 0x00,
0x00, 0x00, 0x00, 0x00, 0x00, 0x14, 0x94, 0x94, 0x02, 0x00, 0x00, 0x00, 0x00, 0x00, 0x91, 0x94,
0x20, 0x00, 0x00, 0x00, 0x00, 0x00, 0x00, 0x00, 0x00, 0x24, 0xFF, 0xFF, 0x04, 0x00, 0x00, 0x00,
0x00, 0x00, 0xFC, 0xFF, 0x38, 0x00, 0x00, 0x00, 0x00, 0x00, 0x00, 0x00, 0x00, 0x24, 0xFF, 0xFF,
0x04, 0x00, 0x00, 0x00, 0x00, 0x00, 0xFC, 0xFF, 0x38, 0x00, 0x00, 0x00, 0x00, 0x00, 0x00, 0x00,
0x00, 0x24, 0xFF, 0xFF, 0x04, 0x00, 0x00, 0x00, 0x00, 0x00, 0xFC, 0xFF, 0x38, 0x00, 0x00, 0x00,
0x00, 0x00, 0x00, 0x00, 0x00, 0x24, 0xFF, 0xFF, 0x04, 0x00, 0x00, 0x00, 0x00, 0x00, 0xFC, 0xFF,
0x38, 0x00, 0x00, 0x00, 0x00, 0x00, 0x00, 0x00, 0x00, 0x24, 0xFF, 0xFF, 0x5A, 0x58, 0x58, 0x58,
0x58, 0x58, 0xFD, 0xFF, 0x8F, 0x70, 0x70, 0x6F, 0x66, 0x42, 0x05, 0x00, 0x00, 0x24, 0xFF, 0xFF,
0xFF, 0xFF, 0xFF, 0xFF, 0xFF, 0xFF, 0xFF, 0xFF, 0xFF, 0xFF, 0xFF, 0xFF, 0xFF, 0xFF, 0xE3, 0x3A,
0x00, 0x24, 0xFF, 0xFF, 0x85, 0x84, 0x84, 0x84, 0x84, 0x84, 0xFE, 0xFF, 0x51, 0x20, 0x20, 0x23,
0x46, 0xC8, 0xFF, 0xE6, 0x06, 0x24, 0xFF, 0xFF, 0x04, 0x00, 0x00, 0x00, 0x00, 0x00, 0xFC, 0xFF,
0x38, 0x00, 0x00, 0x00, 0x00, 0x1E, 0xFF, 0xFF, 0x37, 0x24, 0xFF, 0xFF, 0x04, 0x00, 0x00, 0x00,
0x00, 0x00, 0xFC, 0xFF, 0x38, 0x00, 0x00, 0x00, 0x00, 0x08, 0xFE, 0xFF, 0x3B, 0x24, 0xFF, 0xFF,
0x04, 0x00, 0x00, 0x00, 0x00, 0x00, 0xFC, 0xFF, 0x38, 0x00, 0x00, 0x00, 0x00, 0x63, 0xFF, 0xF5,
0x0F, 0x24, 0xFF, 0xFF, 0x04, 0x00, 0x00, 0x00, 0x00, 0x00, 0xFC, 0xFF, 0xA8, 0x90, 0x90, 0x95,
0xBB, 0xFE, 0xFF, 0x74, 0x00, 0x24, 0xFF, 0xFF, 0x04, 0x00, 0x00, 0x00, 0x00, 0x00, 0xFC, 0xFF,
0xFF, 0xFF, 0xFF, 0xFF, 0xF2, 0xC3, 0x53, 0x00, 0x00, 0x00, 0x00, 0x0A, 0x26, 0x07, 0x00, 0x00,
0x00, 0x00, 0x00, 0x00, 0x00, 0x00, 0x00, 0x00, 0xFF, 0xFF, 0x24, 0x00, 0x00, 0x00, 0x00, 0x00,
0x00, 0x00, 0x00, 0x00, 0x00, 0xFF, 0xFF, 0x24, 0x00, 0x00, 0x00, 0x00, 0x00, 0x00, 0x00, 0x00,
0x81, 0xA4, 0xFF, 0xFF, 0xB0, 0xA4, 0xA4, 0xA4, 0x15, 0x00, 0x00, 0x00, 0x00, 0xE7, 0xFC, 0xFF,
0xFF, 0xFC, 0xFC, 0xFC, 0xF5, 0x04, 0x00, 0x00, 0x00, 0x00, 0x00, 0x00, 0xFF, 0xFF, 0x24, 0x00,
0x00, 0x00, 0x00, 0x00, 0x00, 0x00, 0x00, 0x00, 0x00, 0xFF, 0xFF, 0x24, 0x00, 0x01, 0x2C, 0x45,
0x2B, 0x00, 0x00, 0x00, 0x00, 0x00, 0xFF, 0xFF, 0x24, 0x4D, 0xDC, 0xFF, 0xFF, 0xFF, 0xC9, 0x1A,
0x00, 0x00, 0x00, 0xFF, 0xFF, 0x9B, 0xFF, 0xC4, 0x85, 0x99, 0xF7, 0xFF, 0xBA, 0x00, 0x00, 0x00,
0xFF, 0xFF, 0xF2, 0x50, 0x00, 0x00, 0x00, 0x50, 0xFF, 0xFF, 0x1D, 0x00, 0x00, 0xFF, 0xFF, 0x48,
0x00, 0x00, 0x00, 0x00, 0x01, 0xF1, 0xFF, 0x49, 0x00, 0x00, 0xFF, 0xFF, 0x28, 0x00, 0x00, 0x00,
0x00, 0x00, 0xD8, 0xFF, 0x56, 0x00, 0x00, 0xFF, 0xFF, 0x28, 0x00, 0x00, 0x00, 0x00, 0x00, 0xD4,
0xFF, 0x58, 0x00, 0x00, 0xFF, 0xFF, 0x28, 0x00, 0x00, 0x00, 0x00, 0x00, 0xD4, 0xFF, 0x58, 0x00,
0x00, 0xFF, 0xFF, 0x28, 0x00, 0x00, 0x00, 0x00, 0x00, 0xD4, 0xFF, 0x58, 0x00, 0x00, 0xFF, 0xFF,
0x28, 0x00, 0x00, 0x00, 0x00, 0x00, 0xD4, 0xFF, 0x58, 0x00, 0x00, 0xFF, 0xFF, 0x28, 0x00, 0x00,
0x00, 0x00, 0x00, 0xD4, 0xFF, 0x58, 0x00, 0x00, 0xFF, 0xFF, 0x28, 0x00, 0x00, 0x00, 0x00, 0x00,
0xD4, 0xFF, 0x58, 0x00, 0x00, 0xFF, 0xFF, 0x28, 0x00, 0x00, 0x00, 0x00, 0x00, 0xD4, 0xFF, 0x58,
0x00, 0x00, 0x00, 0x00, 0x00, 0x00, 0x0C, 0x26, 0x0A, 0x00, 0x00, 0x00, 0x00, 0x00, 0x00, 0x00,
0x00, 0x00, 0xAB, 0xFF, 0xE3, 0x22, 0x00, 0x00, 0x00, 0x00, 0x00, 0x00, 0x00, 0x68, 0xFF, 0xDE,
0x21, 0x00, 0x00, 0x00, 0x00, 0x00, 0x00, 0x00, 0x2D, 0xF7, 0xD8, 0x1B, 0x00, 0x00, 0x00, 0x00,
0x00, 0x00, 0x00, 0x00, 0x7F, 0xB8, 0x16, 0x00, 0x00, 0x00, 0x00, 0x00, 0x00, 0x00, 0x00, 0x00,
0x00, 0x00, 0x00, 0x00, 0x00, 0x00, 0x00, 0x00, 0x14, 0x94, 0x94, 0x02, 0x00, 0x00, 0x00, 0x00,
0x68, 0xC4, 0xBB, 0x1A, 0x24, 0xFF, 0xFF, 0x04, 0x00, 0x00, 0x00, 0x97, 0xFF, 0xFF, 0xFB, 0x0F,
0x24, 0xFF, 0xFF, 0x04, 0x00, 0x00, 0x73, 0xFF, 0xD9, 0x26, 0x05, 0x00, 0x24, 0xFF, 0xFF, 0x04,
0x00, 0x45, 0xFC, 0xEE, 0x23, 0x00, 0x00, 0x00, 0x24, 0xFF, 0xFF, 0x04, 0x22, 0xED, 0xFD, 0x49,
0x00, 0x00, 0x00, 0x00, 0x24, 0xFF, 0xFF, 0x95, 0xD9, 0xFF, 0x7E, 0x00, 0x00, 0x00, 0x00, 0x00,
0x24, 0xFF, 0xFF, 0xFF, 0xFF, 0xFF, 0x70, 0x00, 0x00, 0x00, 0x00, 0x00, 0x24, 0xFF, 0xFF, 0x4E,
0x68, 0xFD, 0xFA, 0x3A, 0x00, 0x00, 0x00, 0x00, 0x24, 0xFF, 0xFF, 0x04, 0x00, 0x7F, 0xFF, 0xE4,
0x16, 0x00, 0x00, 0x00, 0x24, 0xFF, 0xFF, 0x04, 0x00, 0x02, 0xBB, 0xFF, 0xBD, 0x03, 0x00, 0x00,
0x24, 0xFF, 0xFF, 0x04, 0x00, 0x00, 0x16, 0xE6, 0xFF, 0x86, 0x00, 0x00, 0x24, 0xFF, 0xFF, 0x04,
0x00, 0x00, 0x00, 0x3E, 0xFC, 0xFE, 0x4C, 0x00, 0x24, 0xFF, 0xFF, 0x04, 0x00, 0x00, 0x00, 0x00,
0x79, 0xFF, 0xEF, 0x21, 0x00, 0x00, 0x00, 0x0B, 0x26, 0x0B, 0x00, 0x00, 0x00, 0x00, 0x00, 0x00,
0x00, 0x00, 0x26, 0xE7, 0xFF, 0xA6, 0x00, 0x00, 0x00, 0x00, 0x00, 0x00, 0x00, 0x00, 0x00, 0x25,
0xE2, 0xFF, 0x62, 0x00, 0x00, 0x00, 0x00, 0x00, 0x00, 0x00, 0x00, 0x00, 0x1F, 0xDC, 0xF5, 0x28,
0x00, 0x00, 0x00, 0x00, 0x00, 0x00, 0x00, 0x00, 0x00, 0x1A, 0xBA, 0x79, 0x00, 0x00, 0x00, 0x00,
0x00, 0x00, 0x00, 0x00, 0x00, 0x00, 0x00, 0x00, 0x00, 0x00, 0x00, 0x00, 0x14, 0x94, 0x8F, 0x00,
0x00, 0x00, 0x00, 0x00, 0x09, 0x8F, 0x94, 0x27, 0x24, 0xFF, 0xF8, 0x00, 0x00, 0x00, 0x00, 0x00,
0x8C, 0xFF, 0xFF, 0x44, 0x24, 0xFF, 0xF8, 0x00, 0x00, 0x00, 0x00, 0x34, 0xFC, 0xFF, 0xFF, 0x44,
0x24, 0xFF, 0xF8, 0x00, 0x00, 0x00, 0x05, 0xD2, 0xFC, 0xF3, 0xFF, 0x44, 0x24, 0xFF, 0xF8, 0x00,
0x00, 0x00, 0x7E, 0xFF, 0x8A, 0xD8, 0xFF, 0x44, 0x24, 0xFF, 0xF8, 0x00, 0x00, 0x2A, 0xF9, 0xD9,
0x08, 0xD8, 0xFF, 0x44, 0x24, 0xFF, 0xF8, 0x00, 0x02, 0xC7, 0xFE, 0x3C, 0x00, 0xD8, 0xFF, 0x44,
0x24, 0xFF, 0xF8, 0x00, 0x71, 0xFF, 0x93, 0x00, 0x00, 0xD8, 0xFF, 0x44, 0x24, 0xFF, 0xF8, 0x21,
0xF4, 0xDF, 0x0B, 0x00, 0x00, 0xD8, 0xFF, 0x44, 0x24, 0xFF, 0xF8, 0xBC, 0xFF, 0x44, 0x00, 0x00,
0x00, 0xD8, 0xFF, 0x44, 0x24, 0xFF, 0xFF, 0xFF, 0x9B, 0x00, 0x00, 0x00, 0x00, 0xD8, 0xFF, 0x44,
0x24, 0xFF, 0xFF, 0xE4, 0x0F, 0x00, 0x00, 0x00, 0x00, 0xD8, 0xFF, 0x44, 0x24, 0xFF, 0xFF, 0x4B,
0x00, 0x00, 0x00, 0x00, 0x00, 0xD8, 0xFF, 0x44, 0x00, 0x00, 0x00, 0x2D, 0x28, 0x00, 0x00, 0x00,
0x00, 0x2A, 0x2B, 0x00, 0x00, 0x00, 0x00, 0x00, 0xC7, 0xF6, 0x0A, 0x00, 0x00, 0x11, 0xFC, 0xBB,
0x00, 0x00, 0x00, 0x00, 0x00, 0x57, 0xFF, 0xA0, 0x18, 0x1A, 0xAA, 0xFF, 0x4E, 0x00, 0x00, 0x00,
0x00, 0x00, 0x00, 0x71, 0xF4, 0xFF, 0xFF, 0xF2, 0x6B, 0x00, 0x00, 0x00, 0x00, 0x00, 0x00, 0x00,
0x00, 0x05, 0x26, 0x25, 0x04, 0x00, 0x00, 0x00, 0x00, 0x00, 0x00, 0x00, 0x00, 0x00, 0x00, 0x00,
0x00, 0x00, 0x00, 0x00, 0x00, 0x00, 0x00, 0x71, 0x94, 0x51, 0x00, 0x00, 0x00, 0x00, 0x00, 0x00,
0x5F, 0x94, 0x5A, 0x00, 0x78, 0xFF, 0xD4, 0x00, 0x00, 0x00, 0x00, 0x00, 0x02, 0xE7, 0xFF, 0x50,
0x00, 0x1A, 0xFC, 0xFF, 0x2D, 0x00, 0x00, 0x00, 0x00, 0x42, 0xFF, 0xEB, 0x05, 0x00, 0x00, 0xB7,
0xFF, 0x87, 0x00, 0x00, 0x00, 0x00, 0x99, 0xFF, 0x91, 0x00, 0x00, 0x00, 0x56, 0xFF, 0xDF, 0x01,
0x00, 0x00, 0x04, 0xEB, 0xFF, 0x32, 0x00, 0x00, 0x00, 0x07, 0xEE, 0xFF, 0x3A, 0x00, 0x00, 0x48,
0xFF, 0xD2, 0x00, 0x00, 0x00, 0x00, 0x00, 0x95, 0xFF, 0x94, 0x00, 0x00, 0xA0, 0xFF, 0x73, 0x00,
0x00, 0x00, 0x00, 0x00, 0x34, 0xFF, 0xE9, 0x03, 0x06, 0xF0, 0xFB, 0x17, 0x00, 0x00, 0x00, 0x00,
0x00, 0x00, 0xD3, 0xFF, 0x43, 0x4B, 0xFF, 0xB4, 0x00, 0x00, 0x00, 0x00, 0x00, 0x00, 0x00, 0x73,
0xFF, 0x95, 0x9D, 0xFF, 0x54, 0x00, 0x00, 0x00, 0x00, 0x00, 0x00, 0x00, 0x17, 0xFB, 0xDC, 0xEA,
0xED, 0x06, 0x00, 0x00, 0x00, 0x00, 0x00, 0x00, 0x00, 0x00, 0xB2, 0xFF, 0xFF, 0x95, 0x00, 0x00,
0x00, 0x00, 0x00, 0x00, 0x00, 0x00, 0x00, 0x51, 0xFF, 0xFF, 0x35, 0x00, 0x00, 0x00, 0x00, 0x00,
0x00, 0x00, 0x00, 0x00, 0x5C, 0xFF, 0xD3, 0x00, 0x00, 0x00, 0x00, 0x00, 0x00, 0x00, 0x00, 0x00,
0x01, 0xD2, 0xFF, 0x69, 0x00, 0x00, 0x00, 0x00, 0x00, 0x00, 0x00, 0x00, 0x00, 0x7E, 0xFF, 0xE1,
0x08, 0x00, 0x00, 0x00, 0x00, 0x00, 0x18, 0x98, 0x80, 0xB7, 0xFF, 0xFD, 0x47, 0x00, 0x00, 0x00,
0x00, 0x00, 0x00, 0x56, 0xFF, 0xFF, 0xFF, 0xE5, 0x50, 0x00, 0x00, 0x00, 0x00, 0x00, 0x00, 0x00,
0x02, 0x2C, 0x42, 0x2F, 0x03, 0x00, 0x00, 0x00, 0x00, 0x00, 0x00, 0x00, 0x00, 0x14, 0x94, 0x94,
0x02, 0x00, 0x00, 0x00, 0x00, 0x00, 0x8A, 0x94, 0x20, 0x24, 0xFF, 0xFF, 0x04, 0x00, 0x00, 0x00,
0x00, 0x00, 0xF0, 0xFF, 0x38, 0x24, 0xFF, 0xFF, 0x04, 0x00, 0x00, 0x00, 0x00, 0x00, 0xF0, 0xFF,
0x38, 0x24, 0xFF, 0xFF, 0x04, 0x00, 0x00, 0x00, 0x00, 0x00, 0xF0, 0xFF, 0x38, 0x24, 0xFF, 0xFF,
0x04, 0x00, 0x00, 0x00, 0x00, 0x00, 0xF0, 0xFF, 0x38, 0x24, 0xFF, 0xFF, 0x04, 0x00, 0x00, 0x00,
0x00, 0x00, 0xF0, 0xFF, 0x38, 0x24, 0xFF, 0xFF, 0x04, 0x00, 0x00, 0x00, 0x00, 0x00, 0xF0, 0xFF,
0x38, 0x24, 0xFF, 0xFF, 0x04, 0x00, 0x00, 0x00, 0x00, 0x00, 0xF0, 0xFF, 0x38, 0x24, 0xFF, 0xFF,
0x04, 0x00, 0x00, 0x00, 0x00, 0x00, 0xF0, 0xFF, 0x38, 0x24, 0xFF, 0xFF, 0x04, 0x00, 0x00, 0x00,
0x00, 0x00, 0xF0, 0xFF, 0x38, 0x24, 0xFF, 0xFF, 0x04, 0x00, 0x00, 0x00, 0x00, 0x00, 0xF0, 0xFF,
0x38, 0x24, 0xFF, 0xFF, 0xDC, 0xDC, 0xDC, 0xDC, 0xDC, 0xDC, 0xFD, 0xFF, 0x38, 0x24, 0xFF, 0xFF,
0xFF, 0xFF, 0xFF, 0xFF, 0xFF, 0xFF, 0xFF, 0xFF, 0x38, 0x00, 0x00, 0x00, 0x00, 0x00, 0xEC, 0xFF,
0x1C, 0x00, 0x00, 0x00, 0x00, 0x00, 0x00, 0x00, 0x00, 0x00, 0xEC, 0xFF, 0x1C, 0x00, 0x00, 0x00,
0x00, 0x00, 0x00, 0x00, 0x00, 0x00, 0xEC, 0xFF, 0x1C, 0x00, 0x00, 0x00, 0x00, 0x00, 0x00, 0x00,
0x00, 0x00, 0x7A, 0x6C, 0x0A, 0x00, 0x00, 0x00, 0x00, 0x00, 0x00, 0x00, 0x00, 0x00, 0x00, 0x00,
0x3C, 0xAA, 0x99, 0x00, 0x00, 0x00, 0x00, 0x00, 0x00, 0x00, 0x68, 0xFF, 0xC8, 0x00, 0x00, 0x00,
0x00, 0x00, 0x00, 0x00, 0x68, 0xFF, 0xC8, 0x00, 0x00, 0x00, 0x00, 0x00, 0x00, 0x00, 0x68, 0xFF,
0xC8, 0xA6, 0xF8, 0xF8, 0xF8, 0xF8, 0xF8, 0xF8, 0xFB, 0xFF, 0xC8, 0xAC, 0xFF, 0xF1, 0xE0, 0xE0,
0xE0, 0xE0, 0xE0, 0xE0, 0xAF, 0xAC, 0xFF, 0x88, 0x00, 0x00, 0x00, 0x00, 0x00, 0x00, 0x00, 0xAC,
0xFF, 0x88, 0x00, 0x00, 0x00, 0x00, 0x00, 0x00, 0x00, 0xAC, 0xFF, 0x88, 0x00, 0x00, 0x00, 0x00,
0x00, 0x00, 0x00, 0xAC, 0xFF, 0x88, 0x00, 0x00, 0x00, 0x00, 0x00, 0x00, 0x00, 0xAC, 0xFF, 0x88,
0x00, 0x00, 0x00, 0x00, 0x00, 0x00, 0x00, 0xAC, 0xFF, 0x88, 0x00, 0x00, 0x00, 0x00, 0x00, 0x00,
0x00, 0xAC, 0xFF, 0x88, 0x00, 0x00, 0x00, 0x00, 0x00, 0x00, 0x00, 0xAC, 0xFF, 0x88, 0x00, 0x00,
0x00, 0x00, 0x00, 0x00, 0x00, 0xAC, 0xFF, 0x88, 0x00, 0x00, 0x00, 0x00, 0x00, 0x00, 0x00, 0xAC,
0xFF, 0x88, 0x00, 0x00, 0x00, 0x00, 0x00, 0x00, 0x00, 0xAC, 0xFF, 0x88, 0x00, 0x00, 0x00, 0x00,
0x00, 0x00, 0x00, 0xAC, 0xFF, 0x88, 0x00, 0x00, 0x00, 0x00, 0x00, 0x00, 0x00, 0xAC, 0xFF, 0x88,
0x00, 0x00, 0x00, 0x00, 0x00, 0x00, 0x00, 0xAC, 0xFF, 0x88, 0x00, 0x00, 0x00, 0x00, 0x00, 0x00,
0x00, 0xAC, 0xFF, 0x88, 0x00, 0x00, 0x00, 0x00, 0x00, 0x00, 0x00, 0x00, 0x00, 0x00, 0x00, 0x00,
0x00, 0x07, 0x2B, 0x33, 0x00, 0x00, 0x00, 0x00, 0x00, 0x00, 0x50, 0xFF, 0xC0, 0x00, 0x00, 0x00,
0x00, 0x00, 0x00, 0x50, 0xFF, 0xC0, 0x14, 0x94, 0x94, 0x94, 0x94, 0x94, 0xB5, 0xFF, 0xC0, 0x24,
0xFF, 0xFF, 0xFF, 0xFF, 0xFF, 0xFF, 0xFF, 0xC0, 0x24, 0xFF, 0xFF, 0x47, 0x34, 0x34, 0x34, 0x34,
0x27, 0x24, 0xFF, 0xFF, 0x18, 0x00, 0x00, 0x00, 0x00, 0x00, 0x24, 0xFF, 0xFF, 0x18, 0x00, 0x00,
0x00, 0x00, 0x00, 0x24, 0xFF, 0xFF, 0x18, 0x00, 0x00, 0x00, 0x00, 0x00, 0x24, 0xFF, 0xFF, 0x18,
0x00, 0x00, 0x00, 0x00, 0x00, 0x24, 0xFF, 0xFF, 0x18, 0x00, 0x00, 0x00, 0x00, 0x00, 0x24, 0xFF,
0xFF, 0x18, 0x00, 0x00, 0x00, 0x00, 0x00, 0x24, 0xFF, 0xFF, 0x18, 0x00, 0x00, 0x00, 0x00, 0x00,
0x24, 0xFF, 0xFF, 0x18, 0x00, 0x00, 0x00, 0x00, 0x00, 0x24, 0xFF, 0xFF, 0x18, 0x00, 0x00, 0x00,
0x00, 0x00, 0x24, 0xFF, 0xFF, 0x18, 0x00, 0x00, 0x00, 0x00, 0x00, 0x00, 0x0B, 0x48, 0x75, 0x61,
0x77, 0x65, 0x69, 0x20, 0x53, 0x61, 0x6E, 0x73, 0x00, 0x0A, 0x48, 0x75, 0x61, 0x77, 0x65, 0x69,
0x53, 0x61, 0x6E, 0x73, 0x01, 
};
